Protein.Group,reliability
A0A024R1R8;Q9Y2S6,0.0
A0A075B6H9,0.8331201511657306
A0A075B6I0,0.0
A0A075B6I1,0.27590159712225776
A0A075B6I4,0.0
A0A075B6I9,0.6577729535867882
A0A075B6J9,0.3516568985449225
A0A075B6K4,0.0
A0A075B6K5,0.0
A0A075B6P5;A0A087WW87;P01614;P01615,0.0
A0A075B6Q5,0.0
A0A075B6R2,0.0
A0A087WSX0,0.9384785978342843
A0A087WSY4,0.0
A0A0A0MRZ8;P04433,0.0
A0A0A0MRZ9,0.0
A0A0A0MS15,0.5915880368457609
A0A0A0MT36;A0A0C4DH26,0.0
A0A0B4J1U7,0.0
A0A0B4J1V0,0.0
A0A0B4J1V2,0.0
A0A0B4J1V6,0.8935436206824441
A0A0B4J1X5,0.0
A0A0B4J1Y8,0.48639811658464965
A0A0B4J1Y9,0.0
A0A0B4J2D5,0.6702725597320363
A0A0B4J2D9;P0DP09,0.0
A0A0B4J2F0,0.0
A0A0C4DH25,0.0
A0A0C4DH29,0.0
A0A0C4DH31,0.0
A0A0C4DH34,0.4949888308030815
A0A0C4DH35,0.0
A0A0C4DH36,0.0
A0A0C4DH38,0.0
A0A0C4DH43,0.0
A0A0C4DH67,0.0
A0A0C4DH68,0.0
A0A0C4DH72,0.0
A0A0J9YX35,0.0
A0A0J9YXX1,0.0
A0A1B0GTC6,0.9076197621077802
A0AUZ9-2,0.0
A0AVT1,0.5152738197103762
A0FGR8-2,0.7622139894633174
A0FGR8-6,0.0
A0M8Q6,0.8231329895387433
A0MZ66;A0MZ66-3;A0MZ66-4,0.0
A0PJW6,0.0
A1A4S6,0.0
A1A5C7,0.0
A1L0T0,0.0
A1L170-2,0.0
A1L390,0.0
A1L3X0,0.9033747673131198
A1L4H1,0.0
A1X283,0.9678801369768258
A2A2Y4;A2A2Y4-2;A2A2Y4-5,0.0
A2NJV5,0.0
A2RRP1,0.3780853574889807
A2RTX5,0.0
A2RUS2;A2RUS2-2,0.9093248302015441
A3KN83-4,0.0
A4D126;A4D126-2,0.0
A4D1B5,0.4295335669349356
A4D1P6;A4D1P6-2,0.761686046933191
A4FU01,0.5695177183747354
A4FU69;A4FU69-3,0.0
A4UGR9-4,0.17431087855595676
A4UGR9;A4UGR9-3,0.0
A5D8V6,0.7402800977059413
A5PLL7;A5PLL7-2,0.0
A5PLN9;A5PLN9-2;A5PLN9-4;A5PLN9-5,0.0
A5YKK6,0.2556901055888348
A6NC98,0.0
A6NCC3-1;I6L899-2,0.0
A6NCE7;Q9GZQ8,0.0
A6NCL7,0.0
A6NDG6,0.5487952481326716
A6NDU8,0.0
A6NFX1,0.7955425730180248
A6NGU5,0.0
A6NHL2;A6NHL2-2,0.9088321477040041
A6NHM9,0.8206507025800521
A6NHR9,0.0
A6NIH7,0.6705192901255582
A6NML5,0.863085643689474
A6QL63,0.0
A7E2V4;A7E2V4-3;A7E2V4-4;A7E2V4-5,0.0
A7KAX9,0.0
A8MSI8,0.0
A9UHW6;A9UHW6-2;A9UHW6-3,0.8309888791913259
B0I1T2,0.4733220149305478
B0YJ81,0.0
B1AJZ9;B1AJZ9-4,0.0
B2RNN3;P0C862,0.0
B2RUZ4,0.48235257189563824
B7ZAQ6;B7ZAQ6-2;B7ZAQ6-3;P0CG08,0.0
B9A064,0.0
B9EJG8;B9EJG8-2,0.7901729665507161
C0HM01,0.0
C4AMC7;Q6VEQ5,0.7599422538878582
C9J7I0,0.0
C9JJH3,0.19752976815572548
C9JLW8,0.0
C9JQI7,0.0
E9PAV3,0.26061183014152
G9CGD6;G9CGD6-2,0.0
H3BSY2,0.9112730149266222
L0R6Q1,0.48292451837343137
O00116,0.686484481204317
O00139-2,0.45930327871482024
O00139;O00139-4,0.8503170663884572
O00142-6,0.0
O00151,0.8993022193772743
O00154-4,0.10269620538111096
O00159-2,0.9529894821946354
O00160,0.7410746631599625
O00161,0.67983904243428
O00165;O00165-2;O00165-5,0.0
O00170,0.7199929102684304
O00175,0.0
O00178,0.0
O00182;O00182-2;O00182-3;O00182-6,0.0
O00186,0.7096510004923667
O00187,0.8444143769372829
O00187-2,0.0
O00189,0.02723785829935819
O00194,0.76571449523113
O00203,0.6913433141527081
O00214-2,0.8960749888138511
O00217,0.8651068550587744
O00231;O00231-2,0.0
O00232,0.5925932586355006
O00233,0.4256727225182337
O00244,0.944927282076859
O00257,0.0
O00258;O00258-2,0.9304607328367414
O00264,0.0
O00267;O00267-2,0.0
O00291;O00291-3;O00291-4,0.0
O00299,0.0
O00303,0.27798482820495973
O00329,0.0
O00330,0.6659534063125707
O00339;O00339-2;O00339-3,0.0
O00391,0.5720921374057895
O00399,0.0
O00400,0.02600195806810389
O00401,0.0
O00408-2,0.4646614089678505
O00410;O00410-3,0.5754360900528264
O00421;O00421-2,0.0
O00429,0.0
O00429-9,0.0
O00442,0.0
O00443,0.8040539274075093
O00453;O00453-10;O00453-11;O00453-13;O00453-2;O00453-3;O00453-4;O00453-6,0.0
O00458;O00458-2,0.0
O00461,0.0
O00462,0.6181610981288205
O00468-6,0.0
O00469-2,0.0
O00471,0.6148044075373026
O00478;O00478-2,0.0
O00479,0.0
O00481,0.0
O00483,0.3722222834881988
O00487,0.4246100360560613
O00499;O00499-10;O00499-11;O00499-2;O00499-3;O00499-4;O00499-5;O00499-6;O00499-7;O00499-8;O00499-9,0.0
O00501,0.0
O00505,0.0
O00506,0.0
O00507,0.0
O00522,0.0
O00533-2,0.0
O00534,0.0
O00555;O00555-4;O00555-6,0.0
O00559-2,0.2143497625815195
O00560,0.6775891419262725
O00562,0.0
O00567,0.0
O00571;O00571-2,0.0
O00584,0.0
O00587,0.0
O00592;O00592-2,0.0
O00602,0.0
O00622,0.0
O00625,0.0
O00628;O00628-2,0.23543695690130262
O00629,0.20239446287994936
O00743;O00743-2,0.5055537725356273
O00746,0.0
O00764,0.0
O14498,0.0
O14521;O14521-2;O14521-4,0.0
O14523,0.2553597987096875
O14526-2,0.0
O14530,0.696895422179418
O14545,0.0
O14548,0.9216553008044065
O14556,0.0
O14561,0.0
O14562,0.0
O14569,0.0
O14576;O14576-2;O14576-3;O14576-4;O14576-5,0.0
O14578;O14578-4,0.0
O14579,0.9667563598588471
O14602,0.0
O14607;O14607-4;O14607-5,0.0
O14617-5,0.9263202652877291
O14618,0.0
O14639-6,0.7082766726335681
O14653;O14653-2,0.0
O14656,0.8964024542689224
O14657,0.877014215983097
O14662-2,0.0
O14672,0.9052722307201523
O14681,0.8081240635140639
O14713,0.7202378720045487
O14717,0.0
O14727;O14727-4,0.0
O14730,0.1832646477797861
O14732;O14732-2,0.0
O14733;O14733-3;O14733-4,0.0
O14734,0.0
O14735-3,0.0
O14737,0.16375460950292872
O14744,0.53945682060173
O14745,0.9507817744050048
O14746-2;O14746-4,0.0
O14772,0.577314048610048
O14773,0.8890450839916726
O14775-2,0.7801345686772412
O14786;O14786-2;O14786-3,0.0
O14787-2,0.0
O14791,0.7134118988648785
O14795;O14795-2,0.0
O14817,0.0
O14818,0.8155815796072088
O14828,0.2296694592948333
O14841,0.0
O14867,0.0
O14874;O14874-2;O14874-3,0.6484335984592727
O14879,0.0
O14880,0.7747937929278352
O14893;O14893-2;O14893-3;O14893-5,0.7015522942389789
O14907,0.0
O14908,0.5007886288670976
O14920,0.0
O14933,0.5453587461211372
O14949,0.0
O14950;P19105,0.0
O14960,0.03914388718075283
O14964,0.6774979738443124
O14966,0.4159859372031012
O14972,0.06644363081347297
O14974-2,0.0
O14974-4,0.7829495419890247
O14975,0.2792878894397848
O14976,0.3337506556267597
O14979,0.0
O14980,0.8898139659057275
O14986;O14986-2;O14986-3,0.0
O15013;O15013-4;O15013-5;O15013-6;O15013-7,0.9684629635793452
O15018,0.0
O15021,0.3664593098132471
O15027;O15027-2;O15027-3;O15027-4;O15027-5,0.9116386645537141
O15031,0.782238482870602
O15037,0.0
O15040,0.23355352594214732
O15066,0.0
O15067,0.1326758907861011
O15068-8,0.5526741783157618
O15083,0.4889656442284738
O15084-1,0.7800553429018808
O15111,0.44280619009060584
O15116,0.0
O15117-3,0.0
O15120,0.17128026799627546
O15121,0.0
O15126,0.7437492305765548
O15127,0.0
O15143,0.9091421822803668
O15144,0.0
O15145,0.0
O15155,0.8672159223145589
O15160,0.0
O15169;O15169-2,0.0
O15173,0.5956301059195299
O15194,0.0
O15204;O15204-2,0.8485490422418162
O15211,0.24176339476872685
O15212,0.37480346498886596
O15228,0.0
O15230,0.0
O15231-3,0.6212450276170999
O15231-8,0.0
O15254,0.0
O15258,0.4344287483933965
O15260-2,0.0
O15269,0.9653410930102169
O15270,0.27952323290624814
O15294,0.0
O15305,0.0
O15315-1,0.0
O15321;O15321-2,0.2820646257597559
O15327,0.7234153894735292
O15335,0.0
O15357,0.7632631311805227
O15371;O15371-2;O15371-3,0.485221522073542
O15372,0.8334928749306728
O15382,0.0
O15397,0.0
O15400;O15400-2,0.17540658779599286
O15417,0.40046069139573426
O15427,0.7996701883038352
O15438,0.0
O15439,0.0
O15484,0.0
O15498,0.0
O15503,0.0
O15511,0.0
O15523;O15523-2,0.7095564516134366
O15525,0.0
O15530;O15530-3,0.0
O15533-2,0.6533158500498932
O15539;O15539-2,0.908717971124107
O15551,0.0
O43147;O43147-2,0.0
O43149,0.0
O43150,0.0
O43156,0.0
O43157,0.0
O43169,0.579502991621987
O43175,0.0
O43181,0.48652877105852704
O43182;O43182-4,0.6718452105431438
O43187,0.2074874484530446
O43236-7,0.0
O43237,0.0
O43242,0.23953767402836537
O43252,0.0
O43255,0.0
O43264,0.0
O43286,0.0
O43291;O43291-2,0.8603811150222852
O43292,0.0
O43293,0.0
O43294;O43294-2,0.9017204891644163
O43299,0.0
O43304,0.0
O43306;O43306-2,0.49986518985636663
O43310;O43310-2,0.6140135693663678
O43312-5,0.23978076498407258
O43314;O43314-2,0.24307976173684623
O43318,0.8727599051445984
O43318-2,0.0
O43324,0.0
O43353;O43353-2,0.6292850148210292
O43390;O43390-2,0.0
O43396,0.5728788471151797
O43399-6,0.0
O43399;O43399-5;O43399-7,0.7328773413492392
O43402,0.47617228146135443
O43405,0.13735025396519387
O43414;O43414-2;O43414-3,0.0
O43426,0.7631900828887614
O43427;O43427-2,0.7890192428633201
O43432-3,0.8521317960480564
O43447,0.7413462519568025
O43464,0.0
O43488,0.05853913657491501
O43491,0.0
O43493-3,0.0
O43504,0.0
O43508-2;O75888;O75888-2;O75888-4;O75888-5,0.9941487528158359
O43516;O43516-3,0.961752224635234
O43561;O43561-2;O43561-3,0.6221472861985936
O43572,0.0
O43583,0.35953372005208073
O43592,0.6780313492776223
O43597,0.0
O43598,0.0
O43610,0.0
O43615,0.5996149186222627
O43617,0.0
O43633,0.9214240555867754
O43639,0.0
O43665,0.9700299018548516
O43670;O43670-2;O43670-4,0.7035016815772293
O43674;O43674-2,0.0
O43676,0.8874517717845082
O43678,0.1695345916799793
O43681,0.0
O43684;O43684-2,0.3065884798022819
O43707,0.8142789730345564
O43708,0.0
O43741,0.723172599128798
O43747,0.9278555529109174
O43752,0.0
O43760-2,0.6733441927370518
O43765,0.0
O43768;O43768-3,0.9753350211295561
O43772,0.0
O43776,0.9210887617978692
O43805,0.0
O43808,0.8696986114334168
O43809,0.7775610319704667
O43813,0.6182111846099144
O43815,0.0
O43819,0.0
O43820;O43820-2,0.43076039786375125
O43826;O43826-2,0.0
O43837,0.5363348382780464
O43847-2,0.0
O43852-8,0.7483159874108053
O43852;O43852-3,0.7233117069706172
O43861;O43861-2,0.7173240383736065
O43865,0.1961149628231168
O43866,0.8265080503879513
O43895,0.0
O43903,0.0
O43920,0.0
O43924,0.0
O43933,0.0
O60220,0.0
O60229,0.901230450695461
O60229-5,0.0
O60229-6,0.0
O60232,0.21908141768698927
O60234,0.0
O60237;O60237-6,0.0
O60239,0.567004088506317
O60240,0.6230761447617607
O60256,0.5860190592706659
O60262,0.0
O60266,0.0
O60268;O60268-3,0.0
O60271,0.8524685832033323
O60306,0.0
O60313-2,0.40917018612257544
O60331-3,0.0
O60333-2,0.0
O60346,0.6199628423255282
O60423-1;O60423-3,0.0
O60437,0.3282910348826328
O60449;O60449-2;O60449-3,0.18590947758857557
O60462;O60462-2;O60462-3;O60462-4;O60462-5,0.0
O60488;O60488-2,0.36423111131246694
O60493,0.9327733309491307
O60496,0.6672797910828181
O60499,0.0
O60502;O60502-4,0.0
O60506-3,0.8447661973703883
O60518,0.0
O60524;O60524-4,0.6823888420125778
O60547;O60547-2,0.0
O60568,0.35071217125618737
O60573;O60573-2,0.0
O60603,0.0
O60610,0.923056856051003
O60613,0.45834078914723436
O60637;O60637-2;O60637-3,0.584229741803508
O60645,0.864573359506608
O60664;O60664-4,0.7481054558329702
O60669,0.2580571591859289
O60674,0.0
O60678,0.0
O60684,0.004407482848503463
O60701,0.0
O60704,0.0
O60716-3;O60716-5,0.7353328855458124
O60749,0.6742584545608742
O60762,0.8994072003006586
O60763,0.0
O60784,0.4364135680163669
O60814;P57053;P58876;P62807;Q5QNW6;Q5QNW6-2;Q93079;Q99877;Q99879;Q99880,0.0
O60825,0.0
O60826,0.9118867208210164
O60830;O60830-2,0.0
O60831,0.0
O60832,0.0
O60841,0.0
O60858;O60858-3,0.0
O60869;O60869-2;O60869-3,0.0
O60884,0.0
O60888-3,0.8593572454622215
O60890,0.41849796024538294
O60896,0.0
O60906,0.0
O60925,0.696081668047999
O60927,0.0
O75027;O75027-2,0.0
O75030;O75030-12;O75030-2;O75030-3;O75030-4;O75030-5;O75030-6;O75030-7;O75030-8,0.0
O75044,0.7650245318030688
O75052;O75052-3,0.0
O75061-4,0.8127403182448237
O75063,0.0
O75064,0.13813260404272745
O75069;O75069-2;O75069-3;O75069-5,0.04571705605218083
O75083,0.5440341756585106
O75093,0.0
O75112;O75112-2;O75112-3;O75112-7,0.0
O75113,0.0
O75116,0.9840221062929263
O75121,0.0
O75122-3,0.5906418834473447
O75128;O75128-2,0.0
O75131,0.0
O75140;O75140-1;O75140-4;O75140-8;O75140-9,0.0
O75144;O75144-2,0.0
O75150;O75150-4,0.7386169962507293
O75154;O75154-3,0.6630878873799637
O75155,0.0
O75157;O75157-2,0.0
O75164,0.0
O75165,0.9162839396065882
O75167;O75167-2;O75167-4;O75167-5,0.0
O75170;O75170-3;O75170-4;O75170-5;O75170-6,0.0
O75175,0.8625411967562425
O75179;O75179-2;O75179-7,0.0
O75190,0.24892962955035108
O75190-3,0.0
O75191,0.0
O75208,0.0
O75223,0.0
O75251;O75251-2,0.8324415172188188
O75298,0.05701089359337241
O75306;O75306-2,0.0
O75312,0.6966562871535412
O75317,0.0
O75323,0.0
O75324,0.725775237546733
O75326,0.5299571560198226
O75340,0.8338994773850694
O75347,0.9624271202614565
O75348,0.41832930819178193
O75351,0.06457779720218122
O75352;O75352-2,0.890631717842338
O75354;O75354-2;O75354-3,0.0
O75356,0.0
O75365,0.0
O75367;O75367-1;O75367-3,0.0
O75368,0.9830070457225812
O75369;O75369-2;O75369-8;O75369-9,0.7819693355200437
O75376;O75376-2,0.0
O75380,0.8773858748419692
O75381;O75381-2,0.0
O75382;O75382-4,0.0
O75385,0.0
O75390,0.0
O75394,0.0
O75396,0.9544129719660952
O75410;O75410-9,0.263664209688925
O75427,0.5972629425319704
O75431;O75431-2,0.12813881669200314
O75436,0.0
O75438,0.0
O75439,0.0
O75460,0.0
O75467;Q6AW86,0.0
O75477,0.0
O75478,0.0
O75489,0.3393411033334977
O75493,0.0
O75503,0.0
O75506,0.6882574840395222
O75521;O75521-2,0.0
O75531,0.7324138970320921
O75533,0.0
O75534;O75534-2;O75534-3;O75534-4,0.18101180417496027
O75558,0.852849717304997
O75563,0.9617119054297852
O75569,0.0
O75592,0.0
O75608;O75608-2,0.8937064970421843
O75636,0.0
O75648,0.0
O75663,0.0
O75674;O75674-2;O75674-3,0.1671471513494979
O75683,0.0
O75688,0.26620262954820856
O75694;O75694-2,0.7011546456797275
O75695,0.28741429197425883
O75717;O75717-2,0.5453019913435696
O75718,0.0
O75746,0.2840798599340437
O75787;O75787-2,0.6788604587393766
O75791,0.5082960058872713
O75792,0.0
O75821,0.7730049884458174
O75822,0.2558383527867871
O75828,0.750139042872064
O75832,0.22976656701813544
O75840-3,0.0
O75843,0.8026633744605002
O75844,0.9798234575945927
O75874,0.8357025072913085
O75880,0.8044671185188567
O75882,0.0
O75886,0.9716866965761497
O75915,0.003829553805845848
O75923;O75923-10;O75923-11;O75923-12;O75923-13;O75923-14;O75923-2;O75923-3;O75923-4;O75923-5;O75923-6;O75923-7;O75923-8;O75923-9,0.0
O75935,0.8545068231959078
O75937,0.0
O75947,0.0
O75954,0.0
O75955,0.3276808063500023
O75962;O75962-4,0.19831297257002103
O75964,0.0
O76003,0.0
O76014,0.0
O76041,0.0
O76062,0.0
O76071,0.7647661455665289
O76074,0.846906263286406
O76076,0.0
O76094,0.0
O76096,0.0
O94760,0.0
O94763-2,0.0
O94766,0.9432549007627671
O94769,0.0
O94804,0.0
O94812;O94812-2;O94812-3;O94812-5;O94812-6,0.0
O94817,0.0
O94822;O94822-3,0.0
O94826,0.5634392375593195
O94829,0.8297953057114924
O94830,0.4772670304801346
O94832,0.7033985864927242
O94855;O94855-2,0.6766546690900461
O94874,0.0
O94886,0.0
O94888,0.0
O94903,0.0
O94905,0.9900815858866853
O94915,0.8835636362317446
O94916-4;O94916-5,0.0
O94919,0.8180718458922008
O94921,0.0
O94923,0.6261512784258204
O94925,0.04313301503347295
O94927,0.23480088784555625
O94929,0.9459835361102928
O94929-2,0.6954662032897467
O94929-3,0.0
O94941;O94941-2,0.0
O94966-6,0.0
O94967;O94967-2;O94967-3;O94967-4,0.0
O94973,0.0
O94979,0.10796862672575756
O94985-2,0.5734765180756912
O95081,0.0
O95084,0.0
O95139,0.0
O95140,0.40785055513651364
O95155;O95155-2;O95155-4,0.3931080945661509
O95159,0.0
O95163,0.0
O95167,0.6690702668538345
O95168,0.4910158671611122
O95169;O95169-3,0.6973935769101207
O95182,0.598044302577399
O95183,0.6485364150686869
O95197;O95197-2;O95197-7,0.0
O95202,0.7244727368484667
O95206,0.0
O95210,0.9387056302538054
O95219,0.0
O95236;O95236-2,0.0
O95248-4;O95248-5,0.0
O95249,0.0
O95260,0.16453845059204342
O95260-2,0.0
O95273;O95273-2,0.21922311801308986
O95292,0.0
O95294;O95294-2,0.0
O95295,0.7613083000560665
O95297-3,0.0
O95298,0.0
O95299,0.0
O95319-3;O95319-4,0.6923950162242133
O95336,0.7433626256334099
O95340;O95340-2,0.0
O95347,0.0
O95352,0.8276648035215497
O95363,0.0
O95372,0.8913666800088863
O95373,0.0
O95376,0.0
O95379-3,0.8427155771721183
O95382;O95382-3,0.0
O95394;O95394-3,0.3608548474057661
O95425,0.0
O95427,0.6280368497380356
O95428;O95428-5;O95428-6,0.4220318089009276
O95429;O95429-2,0.0
O95433,0.6320732913633148
O95445,0.7620492196528368
O95456,0.0
O95466-3,0.9174336488231456
O95476,0.0
O95477,0.0
O95479;O95479-2,0.0
O95486,0.6686092573460507
O95487;O95487-2;O95487-3,0.15219121467800456
O95497,0.0
O95498;O95498-6,0.9757463945799137
O95551;O95551-2;O95551-3,0.0
O95562,0.0
O95563,0.0
O95571,0.28291352376716833
O95573,0.9241336370155246
O95613,0.0
O95628-10;O95628-9,0.0
O95630,0.7448614733403022
O95644,0.0
O95671;O95671-2,0.0
O95674,0.0
O95678,0.0
O95685,0.0
O95714,0.4837568579954621
O95715,0.0
O95716,0.26055750742007405
O95721,0.5134332886141802
O95741-2,0.0
O95747,0.0
O95749,0.29966467108339007
O95757,0.4876841406055398
O95758-2,0.6421718854891129
O95772-2,0.0
O95782;O95782-2,0.9002584519731842
O95786,0.0
O95793;O95793-2,0.5544387785358703
O95810,0.6993373453350539
O95816,0.3180287025504596
O95819-2;O95819-3,0.0
O95822,0.0
O95825,0.0
O95831;O95831-3,0.0
O95834,0.81582665243548
O95835,0.0
O95837,0.6132404729677579
O95857;Q12999,0.0
O95858,0.0
O95861,0.3216591606335942
O95865,0.8936151554870488
O95866-2,0.95959733295635
O95866-3;O95866-5,0.0
O95870,0.0
O95873,0.7719900969049115
O95881,0.7517579766956264
O95954,0.0
O95967,0.5866765893420881
O95980,0.0
O95985;O95985-2;O95985-3,0.595229049384818
O95989,0.8537040663860191
O95999,0.0
O96000,0.9004511904090827
O96005,0.1705758750310802
O96008;O96008-2,0.0
O96011,0.4255731138997329
O96013,0.7105077271400989
O96019,0.9583677272931052
O96033,0.0
P00167;P00167-2,0.5510614355100547
P00325,0.9546686533027052
P00326,0.0
P00338;P00338-3,0.8347614676321569
P00352,0.0
P00367,0.10259716063659856
P00387;P00387-2;P00387-3,0.8290718466035909
P00390;P00390-3,0.0
P00403,0.0
P00414,0.0
P00441,0.3716674317552805
P00450,0.0
P00451,0.0
P00480,0.0
P00488,0.0
P00491,0.5240410969986871
P00492,0.9295217785417265
P00505,0.6008113084683183
P00519;P00519-2,0.0
P00558,0.3289606629356656
P00568,0.9540904534209389
P00734,0.0
P00736,0.33127859072258625
P00738,0.0
P00739,0.495005361515287
P00740-2,0.0
P00742,0.0
P00746,0.853979816556334
P00747,0.7356802294975376
P00748,0.0
P00750,0.0
P00751,0.13329153109268876
P00813,0.0
P00846,0.0
P00915,0.8621644510834483
P00918,0.89970144999967
P00966,0.7989369709591793
P01008,0.9036900709448566
P01009,0.0
P01011,0.0
P01019,0.0
P01023,0.0
P01024,0.0
P01031,0.0
P01033,0.5752627291682848
P01034,0.5306060693341866
P01040,0.0
P01042,0.8295665947164526
P01042-3,0.9805829380515513
P01111,0.672592791044267
P01112-2,0.0
P01116-2,0.6424787691201131
P01127;P01127-2,0.0
P01130;P01130-2;P01130-3;P01130-4;P01130-5;P01130-6,0.42171386634858754
P01133;P01133-3,0.0
P01137,0.8156859247402424
P01344-3,0.0
P01591,0.8916667782176924
P01593;P01594,0.0
P01599,0.0
P01601,0.0
P01602,0.0
P01619,0.08348878337947813
P01624,0.0
P01700,0.4711030081776264
P01701,0.8503057761921478
P01704,0.0
P01705,0.0
P01706,0.0
P01709,0.1393497825904163
P01714,0.8678897365840998
P01717,0.0
P01732;P01732-2;P01732-3,0.0
P01742,0.0
P01743,0.0
P01768;P0DP03,0.0
P01780,0.3758552060762071
P01817,0.36277430872230404
P01833,0.0
P01834,0.0
P01854,0.0
P01857,0.0
P01859,0.0
P01860,0.0
P01861,0.7839872790273873
P01871;P01871-2,0.8014076083347669
P01876,0.0
P01877,0.4194128042183349
P01880;P01880-2,0.0
P01889,0.0
P01893,0.0
P02008,0.0
P02042,0.0
P02452,0.8490250645217657
P02511,0.0
P02533,0.7550766977657513
P02538,0.0
P02545,0.7961928903167524
P02549,0.0
P02585,0.0
P02647,0.0
P02649,0.8945919180478912
P02652,0.2591525192666164
P02654,0.299553220505995
P02655,0.5711250176958966
P02656,0.1653544412593656
P02671,0.691346401386765
P02671-2,0.4217145305982316
P02675,0.7720115160335871
P02679,0.7840952985010589
P02686;P02686-2,0.7091697850386641
P02730,0.0
P02741,0.0
P02743,0.6042907661567313
P02745,0.4217524646738665
P02746,0.6289890437730842
P02747,0.8922087591800354
P02748,0.0
P02749,0.0
P02750,0.0
P02751-1,0.9700829774481957
P02753,0.0
P02760,0.0
P02763,0.0
P02765,0.0
P02766,0.0
P02768,0.0
P02774;P02774-3,0.0
P02775,0.4957855163320735
P02776,0.43927984712911566
P02786,0.0
P02787,0.0
P02788;P02788-2,0.0
P02790,0.0
P02794,0.8664744162015783
P02812,0.0
P03891,0.0
P03928,0.531349449318558
P03950,0.35574362434483503
P03951,0.42819646346255885
P03952,0.6682858550961752
P03956,0.3860268073049604
P04003,0.8505333612849093
P04004,0.0
P04040,0.6054890836968652
P04049;P04049-2,0.0
P04062-4,0.6436360747921656
P04066,0.0
P04070;P04070-2,0.0
P04075,0.7889140145489265
P04080,0.0
P04083,0.913939496535294
P04085;P04085-2,0.0
P04114,0.0
P04156,0.2548680086283566
P04179;P04179-4,0.5426813719487124
P04180,0.0
P04196,0.0
P04211,0.0
P04217,0.0
P04233;P04233-2;P04233-4;P04233-5,0.0
P04234,0.0
P04259,0.0
P04264,0.7172020693323496
P04275,0.19135280664060614
P04278,0.0
P04279,0.0
P04280,0.0
P04350,0.0
P04406,0.6429926921596485
P04424,0.9177708678985863
P04430,0.0
P04439,0.0
P04439-2,0.9769827588773008
P04632,0.8014851646090997
P04792,0.9524671158065493
P04839,0.0
P04843,0.0
P04844;P04844-2,0.5242270501851904
P04899,0.4974507431578712
P04908;P0C0S8;P20671;Q16777;Q6FI13;Q7L7L0;Q93077;Q96KK5;Q99878;Q9BTM1,0.8383471745108153
P04920;P04920-2;P04920-3,0.0
P05019,0.0
P05023;P05023-4,0.9375053247216996
P05062,0.0
P05067,0.0
P05089;P05089-2,0.0
P05090,0.0
P05091,0.0
P05106,0.9678563318708234
P05106-3,0.0
P05107,0.08808415275031402
P05109,0.9450004458661717
P05114,0.0
P05121,0.7989071182896309
P05141,0.0
P05154,0.5920267539519269
P05155;P05155-3,0.0
P05156,0.0
P05160,0.0812290394726871
P05161,0.3800460862591966
P05164;P05164-2;P05164-3,0.7112210337204887
P05165;P05165-2,0.8335246070696622
P05166,0.0
P05186,0.0
P05198,0.3202808080111444
P05204,0.8739559174580479
P05362,0.0
P05386,0.0
P05387,0.8743078614892003
P05388,0.7724593305703389
P05452,0.0
P05543,0.0
P05546,0.0
P05556,0.7998480777553749
P05771-2,0.7949303605074842
P05783,0.0
P05976;P05976-2,0.9467711785367852
P06132,0.6032723344958243
P06239;P06239-3,0.0
P06241,0.44804659908404376
P06241-2,0.9366041621055491
P06276,0.0
P06280,0.0
P06310,0.34821254873551843
P06312,0.5965944013809876
P06315,0.0
P06331,0.06110626062524826
P06396,0.0
P06396-2,0.7108698843286512
P06454;P06454-2,0.0
P06576,0.8056151745030413
P06681,0.0
P06702,0.8629548825153931
P06703,0.7202618425633921
P06727,0.7752544995650604
P06730;P06730-2,0.6758734378410814
P06732,0.0
P06733,0.0
P06737;P06737-2,0.09020491149617943
P06744,0.5928006349185581
P06753,0.0
P06753-2,0.29677290734605766
P06756;P06756-2;P06756-3,0.0
P06850,0.0
P06858,0.9433772239832997
P06865,0.7773865615523678
P07093-2;P07093-3,0.6579490547247026
P07099,0.0
P07108,0.8962023308680542
P07148,0.0
P07195,0.8761333832680949
P07196,0.0
P07203,0.9301120015826551
P07204,0.0
P07205,0.0
P07225,0.8437043337290843
P07237,0.9550372378257881
P07305;P07305-2,0.19000807951390672
P07307;P07307-2;P07307-3,0.7730766081528417
P07311,0.022698829971763385
P07327,0.0
P07332,0.6334485819632935
P07339,0.0
P07355,0.0
P07357,0.0
P07358,0.0
P07359,0.0
P07360,0.7561796949439586
P07384,0.0
P07437,0.988622639354171
P07476,0.0
P07477,0.4889634550418145
P07585,0.0
P07602;P07602-2;P07602-3,0.804618785016557
P07686,0.8562632725052275
P07711;P07711-3,0.0
P07737,0.7527214197311236
P07738,0.42802777218975874
P07741,0.0
P07766,0.0
P07814,0.6929086277783532
P07858,0.4461886125786029
P07900-2,0.0
P07902,0.5176396106590765
P07910;P07910-2,0.6788717178843794
P07942,0.0
P07947,0.8575015747605852
P07948,0.0
P07948-2,0.8613270749692739
P07949-2,0.0
P07951-2,0.8260792133898263
P07954-2,0.0
P07988,0.0
P07996,0.9067045802396385
P08069,0.0
P08123,0.9431087951643441
P08133,0.6976907339501446
P08134,0.8741402007774597
P08174-4,0.8390869126589904
P08183;P08183-2,0.22240975650989966
P08185,0.0
P08195,0.9162298540834395
P08237;P08237-3,0.6703104041458572
P08238,0.8029971090580545
P08240,0.9694200723628507
P08246,0.9155897366350422
P08253,0.8124822612248899
P08254,0.07715098613648592
P08294,0.0
P08311,0.9435982297274398
P08319;P08319-2,0.899172123958098
P08397;P08397-2;P08397-3;P08397-4,0.0
P08493;P08493-2,0.8159474411261289
P08514,0.8283993018313032
P08519,0.0
P08559;P08559-2;P08559-4,0.8486270585130475
P08567,0.8564814640468719
P08571,0.8577279661101938
P08572,0.0
P08574,0.0
P08575;P08575-10;P08575-4;P08575-5;P08575-6;P08575-7;P08575-8;P08575-9,0.9015095929858806
P08603,0.0
P08621;P08621-2,0.0
P08631;P08631-2;P08631-3;P08631-4,0.21817719337922162
P08637,0.0
P08648,0.7162616109335822
P08670,0.9470912875747557
P08697,0.0
P08708,0.6824028854062958
P08709;P08709-2,0.0
P08727,0.0
P08754,0.7519765263739261
P08758,0.0
P08779,0.0
P08833,0.0
P08865,0.0
P08913,0.8389370506001517
P08962;P08962-2,0.0
P09012,0.0
P09038;P09038-1;P09038-2;P09038-3,0.0
P09104,0.9665849571170132
P09105,0.0
P09110,0.0
P09132,0.0
P09172,0.0
P09210,0.0
P09211,0.7993553947400218
P09237,0.15998316608959035
P09326,0.7120313089234673
P09327,0.8121109537608299
P09382,0.7067165097547368
P09417,0.7126203395426836
P09429,0.872925906823264
P09471,0.0
P09486,0.0
P09488,0.0
P09493-3,0.9775910238997477
P09493-5,0.0
P09493-6,0.5520137411209085
P09496-2,0.0
P09497-2,0.8091499922899469
P09525;P09525-3,0.9840797888073698
P09543-2,0.473890678638492
P09622;P09622-2,0.0
P09651;P09651-2;P09651-3,0.0
P09668,0.0
P09669,0.0
P09693,0.0
P09769,0.6305290262031343
P09871,0.0
P09874,0.0
P09917;P09917-2;P09917-3,0.695687993393233
P09958,0.0
P09960,0.5172135300341925
P09972,0.8907988085807318
P0C0L4-2,0.5855359011143223
P0C0L5,0.0
P0C221,0.4038089296878746
P0C2W1,0.8933882449972986
P0C7M8,0.0
P0C7P0,0.0
P0C7P3;P0C7P3-2,0.3153754375825412
P0CAP1;P0CAP1-3,0.0
P0CG29;P0CG30,0.3393171994428909
P0CG39,0.52726238756402
P0CG47;P0CG48;P62979;P62987,0.8989797300912801
P0CW00,0.0
P0DI81;P0DI81-3;P0DI82,0.0
P0DJI8,0.9780693710234448
P0DJI9,0.0
P0DMM9;P0DMM9-3;P0DMN0,0.50268246144403
P0DMQ5,0.43149333781125765
P0DMV8;P0DMV9,0.7893333660315566
P0DOX2,0.0
P0DOX3,0.553777458821186
P0DOX5,0.0
P0DOX7,0.1639620190113033
P0DOY2;P0DOY3,0.0
P0DP04,0.0
P0DP23;P0DP24;P0DP25,0.610798138718008
P0DTE1,0.0
P0DTE5,0.0
P10114,0.0
P10124,0.4475404019851135
P10155,0.9161526381800256
P10176,0.0
P10253,0.0
P10275,0.0
P10301,0.8282563954708348
P10321,0.6239360124118559
P10321-2,0.0
P10398,0.7715087366370353
P10412,0.0
P10451-5,0.0
P10515,0.5582785774936387
P10523,0.0
P10586,0.0
P10599,0.963734212046427
P10600;P10600-2,0.0
P10606,0.0
P10619;P10619-2,0.15844261861526812
P10620,0.3112716463130336
P10643,0.17483314960801505
P10644,0.6974545226612254
P10645,0.0
P10646,0.0
P10646-2,0.0
P10720,0.0
P10746,0.0
P10747;P10747-7,0.0
P10768,0.7016752108754574
P10809,0.0
P10827,0.732071483858182
P10909-6,0.8065080638177623
P10912,0.0
P11021,0.0
P11047,0.0
P11049;P11049-2;P11049-3,0.731904938631149
P11117,0.0
P11137;P11137-3,0.0
P11142,0.9498760653155258
P11150,0.0
P11166,0.0
P11169,0.7188927424140532
P11171-4,0.0
P11171-7,0.0
P11172,0.8553077588494772
P11177;P11177-2,0.0
P11182,0.0
P11215;P11215-2,0.7330379297344595
P11216,0.8740952608064949
P11217-2,0.0
P11226,0.0
P11233,0.5276772449152852
P11234-2,0.0
P11274;P11274-2,0.0
P11277,0.8792019648532409
P11277-2,0.4128268665635417
P11279,0.30229997348019144
P11310;P11310-2,0.0
P11362;P11362-14;P11362-2;P11362-20;P11362-21;P11362-3;P11362-4;P11362-5;P11362-6;P11362-7,0.0
P11413;P11413-2,0.8085261209714244
P11441,0.15757176978122342
P11532;P11532-11;P11532-4,0.0
P11586,0.4060286388862447
P11597,0.7717926505645144
P11678,0.0
P11717,0.0
P11766,0.666315227929181
P11836,0.706506696132837
P11908-2,0.7736019793457525
P11940,0.8531274520070506
P12036;P12036-2,0.0
P12081,0.8416156663031829
P12107-2,0.0
P12109,0.5061840429233071
P12110,0.7547066869240274
P12111,0.3444725103675294
P12236,0.4605427078261408
P12259,0.0
P12268,0.0
P12273,0.9799303835655269
P12318;P12318-2,0.0
P12429,0.893167941115121
P12814,0.0
P12814-3,0.7551775206137006
P12821;P12821-2,0.0
P12829,0.5076389058710693
P12830,0.6136686655951845
P12883,0.0
P12931;P12931-2;P12931-3,0.9201495796066844
P12955,0.6686161367955451
P12956,0.0
P13073,0.6795468229474544
P13224-2,0.8366604609836437
P13473-2,0.0
P13489,0.33165809143066255
P13497,0.9865221369721495
P13501,0.4288519388933183
P13535,0.0
P13591-1;P13591-3;P13591-4,0.0
P13598,0.6456405239333083
P13611;P13611-2;P13611-5,0.0
P13612,0.0
P13637;P13637-2;P13637-3,0.0
P13639,0.0
P13645,0.7805822416811304
P13646,0.0
P13647,0.8197871986963852
P13667,0.8183225164683079
P13671,0.0
P13674,0.7521367745643085
P13693,0.6766794255891361
P13716,0.6223037351299221
P13747,0.83276704256093
P13796,0.6839650016299629
P13797,0.0
P13798,0.3347470724975542
P13804,0.5485645755430517
P13807-2,0.1279095855792288
P13861,0.8745518482962684
P13929,0.0
P13987;P13987-2,0.5567029340455475
P14151;P14151-2,0.2458360406761502
P14174,0.7967694714280746
P14209;P14209-3,0.0
P14314-2,0.7508833004739676
P14317,0.08870183894529202
P14324,0.6749769075881226
P14384,0.0
P14406,0.7403664337240938
P14543,0.5744377756872571
P14550,0.9044107977197046
P14618-2,0.0
P14618-3,0.8263370401682881
P14621,0.8870767567816839
P14625,0.0
P14649,0.0
P14672,0.0
P14678;P14678-2,0.0
P14735,0.565495037747909
P14770,0.0
P14780,0.7626338329092025
P14854,0.07478994769890106
P14866,0.5813839915512505
P14868,0.0
P14923,0.7767103010821566
P14927,0.0
P15056,0.6855615643780514
P15104,0.02349062425193087
P15121,0.7374959612589516
P15144,0.0
P15151;P15151-2;P15151-3;P15151-4,0.0
P15153,0.6664435697617599
P15169,0.5010369223500369
P15170-2;P15170-3,0.0
P15260,0.0
P15289,0.0
P15291;P15291-2,0.0
P15311,0.5686041917422314
P15374,0.0
P15498,0.8641111413495007
P15502-1;P15502-2;P15502-4;P15502-5,0.568223159799687
P15516,0.38006604074316447
P15529-2;P15529-3;P15529-4;P15529-5;P15529-6;P15529-7,0.5930021022174512
P15529;P15529-10;P15529-11;P15529-12;P15529-13;P15529-14;P15529-15,0.008125603771307763
P15531;P15531-2,0.7689093962466551
P15586;P15586-2,0.14672273225039245
P15735;P15735-2,0.5199080867868179
P15814,0.0
P15848,0.0
P15880,0.0
P15907,0.735214212477937
P15924,0.6367659731226869
P15927;P15927-2;P15927-3,0.0
P15954,0.0
P16035,0.694013627089008
P16050,0.0
P16070;P16070-10;P16070-11;P16070-12;P16070-13;P16070-14;P16070-16;P16070-17;P16070-18;P16070-3;P16070-4;P16070-5;P16070-6;P16070-7;P16070-8,0.5240811002988166
P16083,0.0
P16104,0.0
P16109,0.0
P16150,0.9074209672263726
P16152,0.8746818388278385
P16157-21,0.0
P16157-8,0.0
P16219,0.5401807906879317
P16278;P16278-3,0.013699250984976466
P16284,0.9541980928887567
P16298;P16298-4,0.4062389590594491
P16333,0.0
P16401,0.5042627658820542
P16403,0.0
P16435,0.3010802237758968
P16452-2,0.0
P16455,0.40346373382544254
P16519-3,0.0
P16591,0.9191904532131263
P16615,0.7769354076597198
P16671,0.943378831774533
P16885,0.0
P16930-2,0.0
P16949,0.7138057264079921
P17050,0.7928338533859755
P17066,0.8335457125483545
P17152,0.0
P17174,0.9131375430323261
P17213,0.0
P17252,0.8865117848895336
P17301,0.0
P17542;P17542-2,0.0
P17568,0.29912683591681855
P17612;P17612-2,0.12526075429714803
P17655,0.9134197938981737
P17693;P17693-5,0.6683830776055462
P17812,0.0
P17813;P17813-2,0.626901147795345
P17844;P17844-2,0.0
P17858,0.7182733391563481
P17927,0.0
P17931,0.7786604462887835
P17936;P17936-2,0.0
P17980,0.05015256978906572
P17987,0.0
P18031,0.912189024229937
P18054,0.8526016247063679
P18065,0.7537442412020033
P18077,0.0
P18084,0.0
P18085,0.7610172576854622
P18124,0.69734031658281
P18206;P18206-2,0.0
P18428,0.4340258101409312
P18433;P18433-6,0.6627135631867374
P18440,0.8817964708951634
P18577;P18577-10;P18577-11;P18577-4;P18577-9;Q02161,0.20833717605647273
P18621;P18621-3,0.0
P18669,0.0
P18859;P18859-2,0.0
P19013,0.0
P19021-5,0.0
P19022,0.0
P19086,0.6706456292904046
P19256;P19256-2;P19256-3,0.03975113698750116
P19320,0.0
P19338,0.2741879625074305
P19367;P19367-2;P19367-3;P19367-4,0.9166651677250527
P19397,0.0
P19404,0.9322573656241285
P19474,0.0
P19525,0.0
P19526,0.0
P19532,0.0
P19623,0.0
P19634,0.9581056494762272
P19652,0.0
P19784,0.44430464132947595
P19823,0.0
P19827,0.0
P19838;P19838-2,0.0
P19875,0.0
P19876,0.7954170818269677
P19957,0.0
P19961,0.0
P19971,0.91078044805767
P20020;P20020-1;P20020-4;P20020-6,0.0
P20042,0.5818895611409497
P20062;P20062-2,0.0
P20073;P20073-2,0.9605407719083796
P20142,0.0
P20292,0.0
P20336,0.0
P20338,0.0
P20339;P20339-2,0.0
P20340-2,0.9014856757062135
P20472,0.0
P20591,0.0
P20618,0.0
P20645,0.0
P20674,0.0
P20700,0.0
P20701;P20701-2,0.8313668750384372
P20742,0.0
P20774,0.12316544065872316
P20810-6,0.0
P20839-3;P20839-5;P20839-6;P20839-7,0.0
P20851;P20851-2,0.9655467919223043
P20908-2,0.0
P20929-3,0.0
P20930,0.0
P20936;P20936-2;P20936-4,0.3028537367047188
P20962,0.0
P20963;P20963-3,0.7252558249060255
P21266,0.0
P21281,0.9424835020104558
P21283,0.0
P21291,0.871802157660169
P21333-2,0.8820973369881507
P21359;P21359-2;P21359-6,0.09386775648367106
P21397,0.0
P21399,0.9658546724454814
P21549,0.0
P21580,0.0
P21695-2,0.0
P21730,0.0
P21731,0.3430768146316399
P21796,0.0
P21810,0.4850945662133109
P21817;P21817-2,0.0
P21912,0.8154734858119363
P21926,0.6222451442652365
P21964;P21964-2,0.614371063248272
P21980,0.9141942528408724
P22001,0.0
P22004,0.0
P22033,0.0
P22059,0.0
P22061;P22061-2,0.8706108338012817
P22087,0.0
P22102,0.9532513939792037
P22105;P22105-1;P22105-4,0.6452942422334319
P22234,0.7348587180543283
P22303;P22303-2;P22303-4,0.0
P22307;P22307-7;P22307-8,0.713408185549961
P22314;P22314-2,0.88622102163937
P22352,0.0
P22392-2,0.5325736474109981
P22570;P22570-2;P22570-7,0.0
P22626,0.6427012962567321
P22681,0.27146715482283157
P22692;P22692-2,0.9368651932749993
P22694-2,0.9185350159937432
P22695,0.0
P22735,0.6567527106084677
P22792,0.0
P22830;P22830-2,0.7079400620795819
P22891;P22891-2,0.18396281056205563
P22894,0.0
P22897,0.0
P23083,0.0
P23141;P23141-2;P23141-3,0.0
P23142,0.0
P23142-4,0.0
P23193,0.0
P23219;P23219-2;P23219-3;P23219-5;P23219-6,0.5086907824653348
P23229-2;P23229-4;P23229-6,0.288809021188467
P23246,0.6798841403234069
P23258,0.9183491557445819
P23276,0.6307679923588703
P23280,0.4944047806925156
P23284,0.9213838156280432
P23352,0.0
P23368,0.25428002255088333
P23381,0.0
P23396,0.0
P23443;P23443-2;P23443-3;P23443-5,0.0
P23458,0.0
P23467-3,0.0
P23470;P23470-2,0.38749776708335465
P23490,0.0
P23526,0.5319119191524343
P23528,0.9329359609218731
P23560;P23560-2;P23560-3;P23560-4;P23560-5,0.0
P23588,0.0
P23610,0.0
P23634;P23634-6,0.2133505627443001
P23743,0.4820291659523982
P23786,0.6989173477986128
P23919,0.4117907866805076
P24158,0.9319937312448068
P24298,0.0
P24386,0.0
P24534,0.5304458279468348
P24539,0.0
P24557;P24557-3,0.9017010567709781
P24593,0.7534262882810916
P24666,0.9367369818891154
P24723,0.0
P24752,0.0
P24821;P24821-4,0.5712909724816675
P24844,0.9650132250419151
P24941,0.2512568129312443
P25098,0.0
P25116,0.5159426514623995
P25311,0.8042856865065189
P25325-2,0.0
P25391,0.0
P25398,0.6056093398478596
P25445;P25445-6,0.0
P25685,0.740861613050693
P25686,0.5338774824339501
P25705,0.46208554824348147
P25774,0.0
P25786;P25786-2,0.0
P25787,0.0
P25788;P25788-2,0.14660363753469685
P25789,0.6901528194419998
P26038,0.9169628477428667
P26196,0.9569597847889866
P26368;P26368-2,0.0
P26373,0.2507309249701594
P26374,0.0
P26440,0.0
P26447,0.8370884228073351
P26572,0.0
P26583,0.0
P26599;P26599-1;P26599-2,0.7781313330085119
P26639,0.32259133045020955
P26640,0.47050305315962354
P26641,0.4866547765738711
P26885,0.7639978984091955
P26927,0.536862798465174
P27105,0.0
P27169,0.7147626734984698
P27338,0.0
P27348,0.5591286160432144
P27361,0.2869605046738142
P27448-8,0.7963582555702621
P27694,0.9957370263263644
P27695,0.0
P27701;P27701-2,0.0
P27707,0.0
P27708,0.9840264838012391
P27797,0.7685049335228338
P27816,0.8067140098465567
P27824;P27824-2,0.9970076975852538
P27918,0.0
P27986;P27986-4,0.0
P27987,0.0
P28062,0.7263887832287927
P28065,0.14901839821330953
P28066,0.5795693027666332
P28070,0.0
P28074,0.0
P28161,0.468180914517757
P28288,0.9617584407656903
P28289,0.0
P28290,0.6753006597881233
P28331;P28331-2,0.41140024790480917
P28332;P28332-2,0.0
P28340,0.5613990037924653
P28482,0.0
P28676,0.8789956589718485
P28838,0.758036648161973
P28906,0.0
P28907,0.38688080354894033
P29122;P29122-2;P29122-7;P29122-8,0.0
P29144,0.0
P29218;P29218-3,0.8807036038468519
P29279,0.8283526584625339
P29350;P29350-3,0.8477044104128213
P29353;P29353-2,0.07352906737474052
P29375,0.85470384979978
P29376;P29376-4,0.0
P29401;P29401-2,0.6772194486749523
P29508,0.0
P29558;P29558-2,0.9191993750951305
P29597,0.5172441152333225
P29622,0.9046859984192244
P29692,0.753717459605412
P29728;P29728-2,0.0
P29965,0.5180946558404482
P29966,0.3873528630111038
P29992,0.0
P30038,0.0
P30039,0.0
P30040,0.8777515340130428
P30041,0.4925185562156375
P30043,0.9366905681097343
P30044-2,0.22825606823992994
P30048;P30048-2,0.4113743985660058
P30049,0.0
P30050,0.9800619183168017
P30084,0.0
P30085;P30085-3,0.6396899318291507
P30086,0.965109289749629
P30101,0.9635256611014837
P30153,0.8535713746043302
P30154-3,0.19540848284410114
P30260-2,0.7865569232589725
P30273,0.7086005421765299
P30281,0.0
P30405,0.6574073545980322
P30419,0.7965808494646549
P30519,0.3020247928182883
P30520,0.6730042785036398
P30536,0.0
P30566,0.0
P30613,0.0
P30622-2,0.0
P30626;P30626-2;P30626-3,0.9570371708081338
P30679,0.8233096000450257
P30711,0.0
P30740,0.9238095669206051
P30825,0.7252789075803064
P30837,0.0
P31025,0.0
P31040,0.4952748672274037
P31146,0.9743293344086291
P31150,0.6613256887925595
P31151,0.0
P31153,0.0
P31321,0.749729563756517
P31323,0.5503742106707585
P31327;P31327-3,0.1591291519587401
P31431,0.03471512992332186
P31483,0.47929270772140664
P31641,0.475586977639068
P31645-2,0.0
P31689,0.0
P31749,0.3225220024948943
P31751,0.0
P31930,0.8610079466479381
P31937,0.7629618574146576
P31939,0.23010905400171147
P31942;P31942-2,0.9317022263047031
P31943,0.0
P31944,0.7302305720178515
P31946;P31946-2,0.8437699546786173
P31947,0.0
P31948,0.0
P31949,0.0
P32019-3,0.8539338505397256
P32119,0.0
P32121;P32121-3;P32121-4,0.8220877851717149
P32189-1;P32189-4,0.7470134426456738
P32321;P32321-2,0.15053233467224006
P32456,0.30901015905138
P32942,0.47263686601599025
P32969,0.0
P33121,0.0
P33151,0.7340976880945932
P33176,0.8018991998023989
P33240;P33240-2,0.673714108873367
P33241-3,0.0
P33316,0.0
P33527;P33527-9,0.8903659113962675
P33897,0.0
P33908,0.9922412058661616
P34096,0.0
P34820;P34820-2,0.0
P34896-2,0.0
P34897;P34897-3,0.0
P34913,0.8537795028625353
P34931,0.0
P34932,0.0
P34947,0.0
P34949,0.7290373714101391
P35030,0.6049178058578003
P35221;P35221-2,0.0
P35222,0.9804257564259211
P35232,0.0
P35236;P35236-2;P35236-3,0.8929336796102493
P35237,0.0
P35240,0.0417633607887306
P35241,0.7218785405480878
P35244,0.0
P35249,0.0
P35268,0.2837058778392923
P35270,0.8005869700266787
P35398-1,0.6965261592584625
P35443,0.0
P35475,0.863388957467475
P35527,0.0
P35542,0.908352505379063
P35555,0.5545803663726238
P35568,0.0
P35573,0.8767677812937776
P35579,0.9294411528430041
P35580;P35580-2;P35580-3;P35580-4;P35580-5,0.43824723814045907
P35606;P35606-2,0.770124104393635
P35609;P35609-2,0.0
P35611-3;P35611-6,0.016390140924099846
P35612,0.6307793393706668
P35613,0.04350029819576332
P35625,0.7547953990000464
P35626,0.0
P35637;P35637-2,0.0
P35658;P35658-2;P35658-5,0.0
P35659,0.0
P35711;P35711-2;P35711-5,0.8069710472171115
P35754,0.0
P35813;P35813-3,0.9161234926411593
P35858-2,0.5823125706080814
P35908,0.7736671554086862
P35914,0.4935575364357268
P35916,0.0
P35998,0.0
P36404,0.9000524064214954
P36405,0.8702738305810105
P36406;P36406-2;P36406-3,0.0
P36507,0.0
P36542,0.0
P36543,0.9418399337337945
P36544;P36544-2;P36544-3,0.0
P36551,0.7470704080560344
P36575;P36575-2,0.0
P36578,0.954985002039739
P36639;P36639-1;P36639-2;P36639-3,0.0
P36776;P36776-2,0.0
P36871,0.9462155549115767
P36873-2,0.6519336353795258
P36915,0.7681372232288666
P36952,0.0
P36955,0.0
P36956-2;P36956-3,0.0
P36957,0.873486213077035
P36959,0.9674088174807645
P36969;P36969-2,0.7011835575930354
P37108,0.0
P37198,0.0
P37235,0.0
P37268,0.0
P37287,0.0
P37288,0.0
P37802,0.8871657878773597
P37837-2,0.8811080521949055
P37840;P37840-2,0.9626929806974686
P38117,0.8095350251154482
P38159,0.0
P38571;P38571-2,0.6063892084576653
P38606,0.0
P38646,0.5306866559115467
P38919,0.0
P38936,0.0
P39019,0.0
P39023,0.6096704654057014
P39059,0.0
P39060;P39060-1;P39060-2,0.993875500650138
P39656,0.0
P39687,0.0334847558501216
P39748,0.9123199969376593
P39880;P39880-2,0.0
P40121;P40121-2,0.0
P40189,0.0
P40197,0.7798560127264356
P40200;P40200-2,0.0
P40222,0.0
P40227,0.0
P40238,0.8653698755244301
P40305;P40305-1,0.0
P40306,0.2884935799722194
P40429,0.0
P40616;P40616-2,0.0
P40763;P40763-3,0.7879962459304044
P40818,0.4515251720323896
P40855,0.522786460863397
P40925;P40925-3,0.7842563014260706
P40926,0.6950002533673109
P40939,0.4160229229260372
P41091,0.3260920070051243
P41159,0.0
P41214,0.0
P41218,0.681175160122849
P41222,0.9686954842186091
P41226,0.6909112885630171
P41227;P41227-2,0.3947118779678006
P41236,0.0
P41240,0.8718507120112723
P41250,0.0
P41250-2,0.0
P41252,0.0
P41567,0.0
P42025,0.954887119598201
P42126;P42126-2,0.444350193275853
P42167,0.7094666894127529
P42224,0.0
P42226,0.5120060519588884
P42229,0.26614242416460004
P42330,0.2029778137075752
P42331-4;P42331-6,0.4723043966012939
P42336,0.0
P42338,0.7779737612911024
P42345,0.9438807194014734
P42356,0.6094217062897812
P42357,0.0
P42566,0.980148256722668
P42574,0.7332642486209512
P42575,0.41080773986411834
P42677;Q71UM5,0.7703417616838836
P42680,0.2788638918978503
P42684;P42684-5;P42684-6;P42684-7,0.0
P42694,0.0
P42704,0.8071693581461984
P42765,0.8800716092545171
P42766,0.0
P42768,0.0
P42785,0.0
P42830,0.0
P42858,0.7595266158451704
P42892;P42892-2;P42892-3;P42892-4,0.8632885659232246
P42898-2,0.8563649804279794
P43034,0.0
P43119,0.0
P43121,0.0
P43155;P43155-2,0.9361555551441906
P43243,0.0
P43250-2,0.0
P43251;P43251-2;P43251-3;P43251-4,0.0
P43304,0.41701860852678113
P43307,0.9487106658542481
P43405,0.0
P43487;P43487-2,0.5985999533466947
P43490,0.0
P43652,0.0
P43686,0.16374184189740318
P43897,0.0
P45378;P45378-2;P45378-3;P45378-5;P45378-6;P45378-7,0.0
P45880,0.0
P45954,0.8640060762369312
P45974;P45974-2,0.0
P45984;P45984-2;P45984-3;P45984-4,0.0
P45985;P45985-2,0.7937905123373933
P46019,0.9081786171345227
P46020;P46020-2,0.8464762666216149
P46060,0.44849725603225155
P46063,0.0
P46091,0.0
P46108,0.19724423253746626
P46109,0.7997402774507824
P46379;P46379-2;P46379-3,0.0
P46439,0.0
P46459,0.16823124534921224
P46734,0.0
P46736;P46736-2;P46736-3,0.4760679653868028
P46776,0.17633506027443555
P46777,0.9249369228139919
P46779;P46779-2;P46779-3;P46779-4;P46779-5,0.0
P46781,0.3878448029474621
P46782,0.26614971808016313
P46783,0.8929353590071876
P46821,0.3420007066447289
P46926,0.12999752889134167
P46934-4,0.024346624686931693
P46939;P46939-2,0.9139979772060797
P46940,0.30868021680037344
P46976;P46976-2,0.921584668033537
P46977,0.7423678042732964
P47224,0.0
P47712,0.827158488618397
P47755,0.39315070402357977
P47756,0.9846546219549259
P47756-1,0.21896513822784003
P47813,0.6279285498956166
P47897,0.2845291408460798
P47900,0.0
P47914,0.0
P47929,0.0
P47985,0.09030546210537056
P48029-2,0.0
P48047,0.7505277600403385
P48059,0.6113547561589198
P48061;P48061-2;P48061-3;P48061-4;P48061-5;P48061-6,0.6940435998482788
P48147,0.0
P48163,0.0
P48200,0.0
P48426,0.0
P48444,0.0
P48449,0.0
P48454;P48454-2;P48454-3,0.0
P48506,0.5780679827114072
P48507,0.5007929388591204
P48509,0.8671367158661244
P48553,0.22540328877209717
P48556,0.0
P48594,0.0
P48634,0.2834263328054745
P48637,0.0
P48643,0.0
P48651,0.0
P48668,0.0
P48681,0.0
P48723,0.0
P48728;P48728-2,0.0
P48729,0.0413064370161421
P48730;P48730-2,0.0
P48735,0.7288748772287068
P48736,0.5915816155973277
P48739-3,0.0
P48740-2;P48740-4,0.2061076378451279
P48960;P48960-3,0.0
P49069,0.0
P49137,0.8940535993353796
P49184,0.5367245455412162
P49189,0.0
P49247,0.0
P49257,0.07923105311852785
P49281-2,0.0
P49326,0.0
P49327,0.896380833478882
P49354,0.23620546533813075
P49356;P49356-2,0.934240960755921
P49368,0.0
P49406,0.0
P49407-2,0.6039805777133989
P49411,0.0
P49419;P49419-2,0.0
P49441,0.0
P49588,0.8768687037251657
P49589-3,0.0
P49591,0.43339388531031847
P49593,0.18382930699401612
P49619,0.09571899357197274
P49641,0.9436108934807941
P49662,0.014014801181960027
P49720,0.0
P49721,0.4260963275555213
P49746,0.0
P49747;P49747-2,0.0
P49748-3,0.08523450426150547
P49750,0.0
P49754,0.18519871047722591
P49755,0.49028971374859887
P49757;P49757-3,0.0
P49758;P49758-3;P49758-7;P49758-9,0.0
P49767,0.42523181017873984
P49770,0.05240562964036108
P49773,0.7581393457592219
P49789,0.0
P49792,0.29647015853915254
P49795,0.5760939338689417
P49810;P49810-3,0.1529882772604605
P49815;P49815-2;P49815-3;P49815-4;P49815-5,0.0
P49821;P49821-2,0.5276154139603192
P49840,0.0
P49841;P49841-2,0.0
P49902,0.0
P49903;P49903-2;P49903-4,0.7470989082339399
P49908,0.5713650541940022
P49913,0.7024261435660869
P49914,0.981173618132383
P49915,0.9535619338857345
P49959;P49959-3,0.0
P50053-2,0.0
P50148,0.8749114094797472
P50151,0.4491994683153996
P50213,0.4707227896466873
P50225,0.0
P50238,0.0
P50281,0.7860754975065266
P50336,0.7828001669722819
P50395,0.7382985120353692
P50402,0.8658861752536828
P50416,0.9043960260438484
P50440;P50440-2,0.5037278842189067
P50453,0.8142166668019456
P50454,0.8705464183538014
P50461,0.0
P50502,0.23060817757340388
P50542;P50542-2;P50542-3;P50542-4,0.0
P50552,0.7051034956620355
P50570-4,0.8592382597858924
P50570-5,0.0
P50579,0.7166362891161299
P50583,0.0
P50748,0.0
P50851,0.5872670664330457
P50851-2,0.9587312031100711
P50895,0.8496636585988561
P50897,0.867850338207119
P50914,0.0
P50990,0.9875912362101343
P50991,0.8360809109715457
P50995;P50995-2,0.987165749607116
P51114;P51114-2,0.18812516644770857
P51116,0.16356711998509557
P51148;P51148-2,0.0
P51149,0.9292839295466913
P51151,0.0
P51153,0.9091913226323302
P51157,0.0
P51159,0.7056772691870052
P51397,0.28850898633191835
P51398;P51398-2;P51398-3,0.0
P51452,0.8322946800536207
P51531;P51531-2,0.0
P51553-2,0.0
P51570,0.0
P51571,0.0
P51572;P51572-2,0.8882984300662912
P51575,0.0
P51580,0.6033397061465099
P51606,0.015672077045877232
P51608,0.0
P51610-4,0.9347249429690805
P51617;P51617-2;P51617-3;P51617-4,0.0
P51648;P51648-2,0.4555169628324018
P51649;P51649-2,0.0
P51659,0.9376800592219854
P51665,0.8871373688339702
P51679,0.21333493679441734
P51692,0.0
P51784,0.0
P51790;P51790-4,0.0
P51793;P51793-2,0.744272547748481
P51798;P51798-2,0.6593105942031458
P51808,0.720955624479757
P51809,0.0
P51811,0.0
P51812,0.7841334905415426
P51817,0.0
P51858,0.0
P51884,0.35725463810822267
P51888,0.0
P51911,0.03235331286337233
P51955;P51955-2;P51955-4,0.0
P51970,0.7693545074178944
P51991;P51991-2,0.0
P52209;P52209-2,0.9389922149493836
P52272;P52272-2,0.8421959283972027
P52294,0.0
P52306,0.6195131825882694
P52306-4,0.6473550106286307
P52333,0.3812186612823999
P52429,0.0
P52564,0.7795523508224359
P52565,0.6498137760392693
P52566,0.9498025225531831
P52594;P52594-2;P52594-3;P52594-4,0.3617293181630831
P52597,0.6006816135301565
P52630;P52630-4,0.716651001875238
P52735;P52735-2;P52735-3,0.0
P52756,0.0
P52758,0.0
P52788,0.0
P52790,0.7234535865621631
P52815,0.0
P52824,0.0
P52848,0.6916861301351667
P52888,0.0
P52907,0.7023958689405623
P52943,0.0
P52948;P52948-5;P52948-6,0.0
P53004,0.5345684159803212
P53007,0.0
P53041,0.42781911278352064
P53355;P53355-3,0.0
P53365,0.8594974713740188
P53367,0.0
P53384;P53384-2,0.8970493183269826
P53396,0.7379053975212119
P53582,0.8236209043036201
P53597,0.4742713094495498
P53602,0.8849251556408221
P53609;P53609-2,0.0
P53611,0.0
P53618,0.6592387580323201
P53621,0.7692191055464661
P53634,0.6627574183754744
P53667;P53667-2;P53667-4,0.0
P53677,0.0
P53680,0.0
P53701,0.0
P53779-2,0.0
P53801,0.7764306633163278
P53804,0.0
P53814-5,0.9645040170278673
P53985;P53985-2,0.0
P53990;P53990-2;P53990-4,0.7976984098909004
P53992,0.5367834277460178
P54136,0.0
P54252;P54252-1;P54252-4,0.0
P54289;P54289-2;P54289-3;P54289-4;P54289-5,0.0
P54577,0.0
P54578;P54578-2,0.6260192177458378
P54619;P54619-2;P54619-3,0.5999837985319403
P54652,0.3950822999154282
P54687;P54687-4;P54687-5,0.0
P54709,0.0
P54725;P54725-2;P54725-3,0.7942004589439631
P54727,0.935063983833274
P54802,0.0
P54803,0.0
P54819;P54819-2,0.826247308772387
P54886;P54886-2,0.9102238475809404
P54920,0.8346988865015795
P54922,0.9894071708311328
P55008,0.43907928992295164
P55010,0.9442081139049522
P55011,0.8282340134802659
P55036,0.8586003331450787
P55039,0.004178192849500488
P55056,0.0
P55058,0.8873208394556423
P55060;P55060-3,0.0
P55072,0.0
P55084,0.0
P55103,0.5793329900840306
P55145,0.7445947748109266
P55157,0.7382085846431201
P55160,0.0
P55196;P55196-5,0.0
P55209-3,0.0
P55209;P55209-2,0.6214846709390434
P55210;P55210-3,0.0
P55211,0.0
P55212,0.7202326750339478
P55263;P55263-2,0.16781538911484062
P55265;P55265-4,0.0
P55268,0.5114182554074906
P55273,0.8398321198245664
P55285,0.7116369973929478
P55287,0.0
P55290;P55290-4,0.0
P55291,0.0
P55327-4,0.884887635380192
P55345,0.7579158267725645
P55735;P55735-2;P55735-3;P55735-4,0.7015540268713875
P55774,0.0
P55786,0.0
P55795,0.3652255282958834
P55809,0.0
P55854;P55854-2,0.0
P55884;P55884-2,0.8939850307412147
P55957;P55957-2,0.9415916680085787
P56134;P56134-3,0.9193450700834279
P56181,0.0
P56181-2,0.014486131643500608
P56192,0.9094462860663706
P56199,0.0
P56202,0.8205346990470397
P56211,0.904317556249118
P56377,0.0
P56378,0.0
P56381,0.0
P56385,0.5190345891824617
P56537,0.6558373234656577
P56556,0.0
P56589,0.6156094855699012
P56937;P56937-2;P56937-3,0.0
P56945;P56945-2;P56945-3;P56945-4;P56945-5;P56945-6;P56945-7;P56945-8,0.0
P56962,0.0
P57057,0.0
P57060,0.0
P57075;P57075-2;P57075-3,0.7311602653414975
P57077;P57077-1,0.4301263546788771
P57088,0.7637872561680662
P57103-2,0.0
P57105,0.38835798075422595
P57678,0.9063272208411595
P57729,0.9531371370154286
P57737-3,0.19137949077766195
P57740,0.0
P57764,0.0
P57772,0.0
P58107,0.0
P58166,0.9648354222508996
P58215,0.0
P58335-4,0.688341103648185
P58546,0.5621558830053287
P59190-2,0.0
P59665;P59666,0.816547342599743
P59768,0.5403830055512953
P59998,0.0
P60033,0.0
P60059,0.0
P60174-3,0.0
P60228,0.0
P60468,0.37566980165339414
P60484-2,0.5692797366855836
P60510,0.0
P60520,0.0
P60604;P60604-2,0.5051058221984827
P60660-2,0.9412503035053411
P60673,0.9099534982039779
P60709,0.0
P60763,0.0
P60842,0.75881396167471
P60866;P60866-2,0.7076163140185339
P60891,0.723803690296001
P60900,0.6467329682719238
P60953,0.9557801874198733
P60981,0.7519804015493593
P60983,0.27410267442843056
P60985,0.0
P61006,0.0
P61009,0.0
P61011-2,0.0
P61018,0.8712749052708882
P61019,0.9851272521894581
P61020,0.06783991815467554
P61026,0.9393491195371813
P61073;P61073-2,0.0
P61077;P61077-3,0.0
P61081,0.0
P61086,0.8906995402382806
P61088,0.9717614180899284
P61106,0.7160597872877784
P61158,0.0
P61160,0.0
P61163,0.777381487100466
P61165,0.690695606076164
P61201;P61201-2,0.8685932219664563
P61221,0.2636495112779313
P61224-3,0.9675556654229457
P61225,0.8138989482726319
P61244;P61244-2,0.7648582979300392
P61247,0.0
P61254;Q9UNX3,0.0
P61313,0.0
P61326,0.0
P61353,0.011753864084639796
P61421,0.5318635628745402
P61513,0.0
P61586,0.5831170559980267
P61599,0.0
P61604,0.6321234490796384
P61619,0.5357016709960883
P61626,0.7794268827902427
P61758;P61758-2,0.0
P61764,0.0
P61769,0.7444057534112033
P61803,0.0
P61812;P61812-2,0.0
P61923,0.8067978251632129
P61952,0.9838247622230737
P61956;P61956-2,0.7612592638615516
P61960,0.6113891474601268
P61962,0.0
P61966,0.0
P61970,0.0
P61978-3,0.7434961864017929
P61981,0.5903157343578586
P62072,0.9144644383233674
P62081,0.7704905061482659
P62136,0.9717770868692424
P62140,0.8243793959950173
P62191,0.0
P62195,0.0
P62241,0.9763088163573009
P62244,0.0
P62249,0.0
P62253,0.0
P62256,0.9114728981990756
P62258,0.5828827844036983
P62263,0.8427047324155257
P62266,0.9182961710036395
P62269,0.0
P62277,0.8554192268244553
P62280,0.4333512554303731
P62304,0.0
P62306,0.0
P62310,0.8216662873440038
P62312,0.1083250679899837
P62314,0.0
P62316,0.0
P62318;P62318-2,0.0
P62328,0.8183759395275219
P62330,0.8361658786982114
P62333,0.0
P62341,0.0
P62424,0.5699318241958072
P62491,0.0
P62495,0.0
P62701,0.0
P62714,0.8528810822843002
P62736,0.7326293839332052
P62750,0.06926145477303898
P62753,0.0
P62805,0.0
P62820,0.0
P62826,0.9980593257027818
P62829,0.0
P62834,0.8912778608016662
P62847;P62847-2;P62847-3;P62847-4,0.46151327527675606
P62851,0.8822141777333037
P62854,0.9100324803922332
P62857,0.0
P62873,0.5401846758614528
P62877,0.0
P62879,0.0
P62888,0.0
P62899,0.0
P62906,0.029318265053187163
P62910,0.0
P62913;P62913-2,0.2417125479520936
P62937,0.981415100384273
P62937-2,0.9362323623973915
P62942,0.0
P62993,0.0
P63000;P63000-2,0.0
P63010;P63010-2,0.578044828250685
P63027,0.0
P63092-2;Q5JWF2-2,0.0
P63092-3,0.27969091002934876
P63096,0.0
P63098,0.0
P63104,0.8914767157362223
P63151,0.0
P63167,0.0
P63172,0.0
P63173,0.9784721219114075
P63208,0.0
P63218,0.7875135762859002
P63220,0.915772521121281
P63241,0.0
P63244,0.7936900165066059
P63272,0.0
P63279,0.5801999881354453
P67775,0.0
P67809,0.0
P67812;P67812-3;P67812-4,0.0
P67870,0.0
P67936,0.6204669932968366
P67936-2,0.0
P68036,0.0
P68104;Q5VTE0,0.6768188095426181
P68106,0.0
P68366;P68366-2,0.4925785582003715
P68371,0.9008757628256898
P68400,0.0
P68402,0.8313350181635849
P68543,0.0
P68871,0.21126169274429196
P69849;Q15155;Q5JPE7;Q5JPE7-2,0.0
P69891,0.9609980912502638
P69892,0.0
P69905,0.08230732103464984
P78314-4,0.0
P78318,0.0
P78330,0.0
P78333,0.0
P78344,0.0
P78352;P78352-2;P78352-3,0.0
P78356,0.0
P78362-2,0.0
P78368,0.0
P78371,0.82571589854202
P78381;P78381-2;P78381-4;P78381-5,0.0
P78382,0.3086093430362156
P78386,0.0
P78406,0.0
P78410;P78410-2;P78410-3,0.696400210869582
P78417,0.9897304211341592
P78509;P78509-2,0.8331890957335996
P78527,0.0
P78536,0.0
P78537,0.33585573968778526
P78540,0.0
P78559,0.892024039357968
P78560,0.0
P80108,0.9756191281289638
P80188;P80188-2,0.0
P80217;P80217-2,0.17453264075148037
P80303;P80303-2,0.7565759186973322
P80404,0.0
P80511,0.0
P80723,0.6996978277461876
P80748,0.10481926209744725
P81605,0.9624022276149741
P82094,0.0
P82675,0.0
P82909,0.0
P83105,0.29363338003794626
P83111,0.0
P83436,0.0
P83731,0.0
P83876,0.0
P84022,0.0
P84077,0.7714129560251294
P84085,0.8909624739376009
P84095,0.45146084407332604
P84103;P84103-2,0.0
P84243,0.0
P86790;P86791,0.0
P98082;P98082-3,0.0
P98160,0.343444117869733
P98170,0.0
P98171;P98171-2,0.7767513909528566
P98172,0.800546496698975
P98173;P98173-2;P98173-3,0.0
P98179,0.7462685669453378
P98194,0.7179994266980636
P98194-7,0.0
P98196,0.0
P98198,0.0
P99999,0.0
Q00013,0.7977948576595674
Q00059,0.15383080718436437
Q00169,0.8780172322512654
Q00325;Q00325-2,0.0
Q00341,0.27445568131653103
Q00534,0.0
Q00535,0.0
Q00536-2,0.0
Q00537;Q00537-2,0.0
Q00577,0.0
Q00610;Q00610-2,0.951670203674403
Q00653,0.0
Q00688,0.7518367359399936
Q00722;Q00722-2;Q00722-3,0.0
Q00765,0.8410143277600084
Q00796,0.0
Q00839,0.0
Q00978,0.0
Q01082,0.8929918977304789
Q01082-3,0.0
Q01085-2,0.0
Q01130;Q01130-2,0.0
Q01415,0.0
Q01433,0.0
Q01459,0.1803975244686294
Q01469,0.7851539836130156
Q01518,0.9448620872708876
Q01543;Q01543-3,0.0
Q01581,0.0
Q01650,0.0
Q01804,0.0
Q01813,0.9464006434843398
Q01844;Q01844-3;Q01844-5;Q01844-6,0.8244702066821361
Q01968;Q01968-2,0.5464875538796238
Q01970,0.8518692266428497
Q01995,0.0
Q02040,0.0
Q02094,0.0
Q02108,0.0
Q02127,0.0
Q02153,0.9422995496264366
Q02218,0.9013248983061943
Q02224,0.0
Q02252,0.0
Q02338,0.6472853490718452
Q02413,0.8994306795018203
Q02487;Q02487-2,0.0
Q02509;Q02509-3,0.0
Q02543,0.0
Q02641-3,0.0
Q02750,0.8723861711795495
Q02790,0.0
Q02809;Q02809-2,0.0
Q02818,0.7155776057058053
Q02878,0.0
Q02978,0.4194857893154618
Q02985;Q02985-2,0.7182123393672345
Q03001,0.0
Q03013-3,0.8556283072687026
Q03113,0.0
Q03154,0.9355747440222486
Q03167;Q03167-2,0.0
Q03169,0.42207289227049677
Q03426,0.0
Q03518;Q03518-2,0.5488983751994522
Q03519,0.0
Q03591,0.0
Q04118,0.0
Q04206-2,0.7782102908785942
Q04323;Q04323-2,0.0
Q04446,0.5938831508028045
Q04637-8,0.6494579382076358
Q04656;Q04656-2;Q04656-3;Q04656-5,0.5691148104686912
Q04695,0.0
Q04756,0.0
Q04759,0.8692010904260772
Q04760;Q04760-2,0.4524434107716749
Q04771,0.0
Q04837,0.6193923696074771
Q04844,0.913543227642129
Q04864;Q04864-2,0.0
Q04917,0.0
Q04941,0.0
Q05084;Q05084-2;Q05084-3,0.0
Q05086;Q05086-2;Q05086-3,0.0
Q05193,0.5504238537206332
Q05209,0.7450119324709433
Q05315,0.6385643603913356
Q05397;Q05397-7,0.9006374992060034
Q05655,0.9447675958230106
Q05682,0.0
Q05682-5,0.0
Q05707-2,0.0
Q05823,0.14654290576099346
Q05940,0.0
Q05D60,0.0
Q06033;Q06033-2,0.0
Q06124-1,0.08965892769098183
Q06187,0.0
Q06203,0.8299091841766981
Q06210;Q06210-2,0.6262185297660836
Q06323,0.9373978914063351
Q06481;Q06481-3;Q06481-6,0.21381061353498748
Q06787-8;Q06787-9,0.0
Q06830,0.0
Q07020,0.0
Q07021,0.9995858530206072
Q07108,0.0
Q07157;Q07157-2,0.0
Q07666;Q07666-2,0.4018869657708752
Q07812-2,0.538435034264363
Q07817;Q07817-3,0.0
Q07866-4;Q07866-6;Q07866-7,0.7582889368760859
Q07866;Q07866-3;Q07866-5,0.0
Q07889,0.0
Q07890,0.0
Q07912;Q07912-3,0.0
Q07954,0.0
Q07955,0.0
Q07960,0.6034489398509436
Q08043,0.0
Q08174;Q08174-2,0.950301304380835
Q08188,0.0
Q08209-2,0.8234832804788381
Q08211,0.35670638071411176
Q08257,0.0
Q08334,0.0
Q08357,0.0
Q08378,0.0
Q08379,0.913876304564718
Q08380,0.706934506945173
Q08397,0.9012791001182823
Q08426,0.655731195181282
Q08431;Q08431-4,0.4835201345738772
Q08477;Q08477-2,0.0
Q08495,0.8482852568385946
Q08554-2,0.7938692669006888
Q08623;Q08623-3,0.0
Q08722,0.899070005508064
Q08752,0.6091734922044961
Q08830,0.9248455492325094
Q08999,0.0
Q08AE8;Q08AE8-2,0.0
Q08AG7,0.0
Q08AM6,0.0
Q09019,0.47538732181994514
Q09028;Q09028-2;Q09028-3;Q09028-4,0.0
Q09328,0.5110864518929323
Q09666,0.9680671628290219
Q0D2K0;Q0D2K0-2,0.10947425578826066
Q0GE19-1,0.0
Q0IIM8,0.855498643769719
Q0JRZ9,0.0
Q0PNE2,0.7031050835442061
Q0VD83,0.0
Q0VDF9,0.6444624851897065
Q0VDG4-2,0.7816879156604121
Q0VGL1,0.8970662849651407
Q0ZGT2,0.6142696068737022
Q0ZGT2-2,0.0
Q10469,0.34060540189575134
Q10471,0.0
Q10472,0.7944452313359606
Q10567-4,0.5699640896087599
Q10567;Q10567-2,0.9536593811624644
Q10713,0.8385260423097841
Q11201,0.0
Q11206;Q11206-2;Q11206-3;Q11206-5;Q11206-6;Q11206-7,0.0
Q12765,0.0
Q12767;Q12767-2,0.8092663044826205
Q12768,0.0
Q12770,0.0
Q12778,0.0
Q12792,0.0
Q12794;Q12794-2;Q12794-7,0.0
Q12797,0.8208905975782248
Q12797-3;Q12797-4,0.0
Q12800;Q12800-4,0.7175358334943673
Q12802;Q12802-2;Q12802-4,0.0
Q12805;Q12805-2;Q12805-3;Q12805-4;Q12805-5,0.35556670635787074
Q12841;Q12841-2,0.4695187309322221
Q12846,0.31652479012995155
Q12849,0.0
Q12851;Q12851-2,0.2750664950204353
Q12860;Q12860-2,0.0
Q12882,0.0
Q12904,0.6425706617169692
Q12905,0.0
Q12906-7,0.0
Q12907,0.5797473401335722
Q12912;Q12912-2,0.8155927464152167
Q12913;Q12913-3,0.7257011346639498
Q12931;Q12931-2,0.36599093957205875
Q12933;Q12933-2;Q12933-3;Q12933-4,0.10882628606096771
Q12955,0.0
Q12959-2;Q12959-4,0.0
Q12965,0.0
Q12974,0.7680529922360869
Q12979;Q12979-2;Q12979-4,0.0
Q12981,0.9222663852822011
Q12982;Q12982-2,0.2883017094603761
Q12986,0.0
Q13011,0.8537166532370551
Q13017;Q13017-2,0.9493244432354264
Q13033,0.8894765467076484
Q13042;Q13042-2;Q13042-3;Q13042-4,0.0
Q13043,0.8636151341080501
Q13045,0.8686923443645928
Q13045-2,0.8886576413979009
Q13057;Q13057-2,0.0
Q13085;Q13085-2;Q13085-4,0.0
Q13093,0.0
Q13094,0.0
Q13098;Q13098-5;Q13098-7,0.6346878556516533
Q13103,0.46124205349222636
Q13107,0.6872665195960554
Q13126,0.6343301918016558
Q13131;Q13131-2,0.0
Q13136,0.7723358502034549
Q13137;Q13137-2;Q13137-3;Q13137-4,0.0
Q13144,0.0
Q13148,0.9287446745529025
Q13151,0.0
Q13153,0.0
Q13155,0.9371463678440022
Q13158,0.0
Q13162,0.0
Q13163;Q13163-4,0.0
Q13164,0.0
Q13177,0.5093008951859566
Q13185,0.0
Q13188,0.0
Q13190;Q13190-4,0.40558235900135226
Q13191-2,0.0
Q13200,0.0
Q13201,0.7492290860093186
Q13206,0.7618110836868333
Q13214;Q13214-2,0.0
Q13217,0.7790636020338795
Q13228;Q13228-4,0.0
Q13232,0.0
Q13239;Q13239-3;Q13239-5,0.0
Q13283,0.2689064266734029
Q13287,0.0
Q13303-2,0.9765641825233097
Q13308-6,0.8342668364202332
Q13310;Q13310-2;Q13310-3,0.7219580301480029
Q13322;Q13322-3;Q13322-4,0.3505098384312998
Q13325,0.8882421784022749
Q13332;Q13332-3;Q13332-4,0.0
Q13336,0.40655743660157445
Q13347,0.9032060984026291
Q13362-2,0.0
Q13362-4,0.5520666850346477
Q13363,0.7028249934981765
Q13371,0.0
Q13395,0.0
Q13402;Q13402-2;Q13402-6;Q13402-7;Q13402-8,0.0
Q13404,0.929284161428416
Q13405,0.692844691100364
Q13409-2;Q13409-3,0.0
Q13418,0.9690456436855268
Q13421;Q13421-2;Q13421-3;Q13421-4,0.0
Q13423,0.0
Q13425,0.0
Q13435,0.0
Q13439;Q13439-3;Q13439-4;Q13439-5,0.0
Q13442,0.895575538321281
Q13443,0.784657684076987
Q13444;Q13444-3;Q13444-5,0.0
Q13445,0.0
Q13451,0.7541100191512237
Q13459,0.0
Q13464,0.8307240703360527
Q13469;Q13469-2;Q13469-3;Q13469-4,0.7475834970375212
Q13480;Q13480-2,0.0
Q13485,0.0
Q13488,0.0
Q13490,0.8033196200123979
Q13492;Q13492-2;Q13492-3;Q13492-5,0.7951373390342329
Q13496,0.0
Q13501,0.0
Q13505,0.0
Q13509-2,0.0
Q13510;Q13510-2,0.0
Q13526,0.8718059182753504
Q13530;Q13530-2,0.0
Q13535,0.0
Q13546,0.0
Q13547,0.759097505037321
Q13555;Q13555-10;Q13555-11;Q13555-2;Q13555-3;Q13555-4;Q13555-5;Q13555-6;Q13555-7;Q13555-8;Q13555-9,0.7088062083645478
Q13557-12,0.0581536518558338
Q13557-4;Q13557-5,0.0
Q13561;Q13561-2;Q13561-3,0.8615982878108922
Q13563;Q13563-3;Q13563-5,0.0
Q13564;Q13564-2;Q13564-3;Q13564-4,0.16583488305557742
Q13568;Q13568-4,0.0
Q13574-1,0.844853432596978
Q13576,0.9943035809219206
Q13586,0.2360868149191247
Q13596,0.4461528080091419
Q13608,0.0
Q13609,0.5497571906471802
Q13613;Q13613-2,0.0
Q13614-2,0.9179544499513256
Q13615;Q13615-2;Q13615-3,0.5431415397798834
Q13616,0.7631101625363709
Q13617-2,0.0
Q13618,0.0
Q13619,0.0
Q13620;Q13620-1,0.5791329214437603
Q13627;Q13627-2;Q13627-3;Q13627-4;Q13627-5,0.0
Q13630,0.8080375405831528
Q13636,0.0
Q13637,0.6177496486499087
Q13642-1;Q13642-4;Q13642-5,0.9782850446621086
Q13643,0.0
Q13683;Q13683-10;Q13683-3;Q13683-7;Q13683-9,0.0
Q13724,0.8356545831899136
Q13740;Q13740-2,0.22115431543981956
Q13790,0.6601579782888575
Q13795,0.18222699575778536
Q13813,0.7934279242842697
Q13822;Q13822-3,0.0
Q13825,0.0
Q13835-2,0.0
Q13867,0.4842320455751427
Q13868;Q13868-3,0.0
Q13884,0.0
Q13885,0.0
Q13907-2,0.0
Q13948,0.47649453259013147
Q13951,0.0
Q13976-2,0.621368395863087
Q14005;Q14005-2,0.0
Q14008,0.9439147613833165
Q14011,0.0
Q14012,0.0
Q14019,0.9613955681674133
Q14088,0.6517487269021054
Q14103;Q14103-2;Q14103-3;Q14103-4,0.46305552125764604
Q14108,0.0
Q14112;Q14112-2,0.0
Q14114;Q14114-4,0.0
Q14116;Q14116-2,0.8806108140044818
Q14118,0.0
Q14126,0.7668322111531423
Q14135;Q14135-2;Q14135-4,0.0
Q14139;Q14139-2,0.0
Q14141;Q14141-2;Q14141-4,0.801488576909455
Q14152,0.0
Q14155-1,0.0
Q14156,0.6821802350193988
Q14157;Q14157-5,0.9002024479093013
Q14160;Q14160-3,0.6926184524683463
Q14161,0.5235485731809957
Q14162;Q14162-2,0.292933271201531
Q14164,0.0
Q14165,0.5462161917933381
Q14166,0.2373282547551511
Q14185,0.0
Q14192,0.33267752212782126
Q14203-3,0.8383292408832759
Q14204,0.9812677839430637
Q14213,0.0
Q14232,0.43313366839466405
Q14240,0.0
Q14247,0.8061121821066616
Q14254,0.9308997991403389
Q14257;Q14257-2,0.0
Q14258,0.8939792150036222
Q14289-2,0.9152155246616046
Q14314,0.9570580176172807
Q14315;Q14315-2,0.24143398447811032
Q14318-2,0.0
Q14344,0.5660283622235678
Q14353,0.02265470131391361
Q14376,0.9677140090581127
Q14392,0.5684751496192972
Q14393;Q14393-1,0.8782566760948334
Q14432,0.0
Q14442,0.0
Q14444;Q14444-2,0.0
Q14457,0.6056051670568382
Q14515,0.8691474673534341
Q14517,0.7561674844280704
Q14520;Q14520-2,0.9645441799596396
Q14534,0.0
Q14554,0.9184542702753874
Q14558-2,0.7718099968702476
Q14571,0.846276840817884
Q14573,0.0
Q14574,0.0
Q14596;Q14596-2,0.0
Q14623,0.0
Q14624,0.0
Q14624-4,0.0
Q14642,0.0
Q14643;Q14643-2;Q14643-3;Q14643-4;Q14643-5;Q14643-6;Q14643-7;Q14643-8,0.7828229099794303
Q14644,0.0
Q14651,0.8429210502687512
Q14653,0.5691229629500826
Q14657,0.0
Q14667,0.0
Q14677,0.7899122998706811
Q14677-3,0.6551392821692579
Q14683,0.5501595018678973
Q14689;Q14689-6,0.0
Q14694;Q14694-2;Q14694-3,0.5809052560597047
Q14696,0.6981619344991054
Q14697,0.0
Q14697-2,0.0
Q14699,0.0
Q14728,0.0
Q14738,0.03648963720885815
Q14739,0.8331330848308272
Q14746;Q14746-2,0.8058482940898135
Q14761,0.16875202700020486
Q14764,0.9723563203624592
Q14766,0.7923672360210511
Q14766-3,0.0
Q14773;Q14773-2,0.3454748229348078
Q14789-2,0.27527731670911154
Q14790;Q14790-2;Q14790-3;Q14790-4;Q14790-9,0.11771138694975196
Q147X3,0.0
Q14847,0.7478988522596607
Q14894,0.0
Q14914;Q14914-2,0.0
Q14919;Q14919-2,0.0
Q14934;Q14934-12;Q14934-2;Q14934-4;Q14934-6;Q14934-9,0.0
Q14956;Q14956-2,0.0
Q14966;Q14966-3,0.0
Q14974,0.0
Q14980,0.0
Q14994-3,0.0
Q14997,0.5313372604098697
Q14999,0.0
Q149N8;Q149N8-4,0.0
Q14BN4-3,0.3141214789535702
Q14BN4-7,0.0
Q14C86;Q14C86-5,0.7665071513589286
Q14CN4;Q14CN4-2,0.0
Q14CX7;Q14CX7-2,0.6003823042827083
Q15003,0.0
Q15005,0.941194075509103
Q15006,0.6597565991614226
Q15008,0.2049125230471972
Q15013;Q15013-3,0.0
Q15018,0.6609271031032223
Q15019-2,0.0
Q15025;Q15025-2;Q15025-4;Q15025-5;Q15025-6;Q15025-7;Q15025-8,0.1945847947608313
Q15027,0.5360403983471703
Q15029;Q15029-2;Q15029-3,0.0
Q15031,0.0
Q15032;Q15032-2;Q15032-3,0.0
Q15036,0.0
Q15041;Q15041-2,0.42185336259175943
Q15042,0.3332474220174401
Q15046,0.9618687007179082
Q15047;Q15047-3,0.5303758747381213
Q15048,0.0
Q15049;Q15049-2,0.0
Q15052;Q15052-2,0.8688697632127188
Q15056,0.0
Q15057,0.0
Q15063,0.5034959786006774
Q15063-3,0.0
Q15063-4,0.0
Q15067;Q15067-2,0.9143689884615313
Q15070;Q15070-2,0.0
Q15075,0.6381888877291603
Q15080-3,0.0
Q15084;Q15084-2;Q15084-3;Q15084-4;Q15084-5,0.848354090883474
Q15102,0.9070457196757565
Q15113,0.5648433311374788
Q15118,0.5670908504901068
Q15120;Q15120-2,0.11235917405565031
Q15121;Q15121-2,0.0
Q15125,0.6095425607296518
Q15126,0.8228677943741934
Q15147-4,0.0
Q15149-3,0.0
Q15149-4,0.9849386546650962
Q15149-8,0.19000738277833956
Q15154;Q15154-2;Q15154-5,0.0
Q15165-1,0.0
Q15166,0.8571924089269394
Q15172,0.5760888801960224
Q15173-2,0.0
Q15181,0.3288367954729208
Q15185;Q15185-4,0.9048289422628099
Q15208,0.9902176177947758
Q15233;Q15233-2,0.721888843997597
Q15257-2,0.5303444993933296
Q15276,0.046617992323872225
Q15283;Q15283-2,0.44218498110508847
Q15286,0.0
Q15293,0.28824810105049065
Q15311,0.36306754674683944
Q15334,0.0
Q15363,0.0
Q15365,0.9008558541125562
Q15366-3;Q15366-6,0.8390308406730019
Q15369,0.6321232007799696
Q15370;Q15370-2,0.8720252303882167
Q15382,0.7798086520094402
Q15386,0.8666098809326763
Q15388,0.4631527469826411
Q15389;Q15389-2,0.0021189912224979617
Q15392,0.66103157356934
Q15393,0.629097741694405
Q15404,0.3092497057806506
Q15418-2,0.561142316571976
Q15427,0.0
Q15435,0.0
Q15436,0.7654141194520525
Q15437,0.0
Q15438;Q15438-2,0.0
Q15459,0.0
Q15465,0.0
Q15475;Q9NPC8,0.8453840871673857
Q15477,0.018376480800173595
Q15485,0.9359274213808971
Q15517,0.4901651012858166
Q15526;Q15526-2,0.17785482164478755
Q15555-5,0.1555257809468206
Q15582,0.0
Q15628,0.4865789740839707
Q15629;Q15629-2,0.4879777347186238
Q15631,0.7334903498678009
Q15633;Q15633-2,0.4869546736547821
Q15637;Q15637-2;Q15637-3;Q15637-4;Q15637-6,0.0
Q15642-2,0.7519372036565661
Q15643,0.004569287050691617
Q15645,0.0
Q15650,0.0
Q15653,0.7121577276673906
Q15654,0.0
Q15691,0.31864385507739224
Q15714-2,0.6327202033479593
Q15717;Q15717-2,0.28904866092318443
Q15722,0.0
Q15738,0.0
Q15746,0.0
Q15746-10,0.0
Q15750,0.5744614197371504
Q15751,0.0
Q15758,0.6597771953246946
Q15762,0.5841694577657773
Q15771,0.34416416233369945
Q15785,0.96669736067863
Q15796;Q15796-2,0.8483886566894524
Q15797,0.9211122606613795
Q15811-9,0.0
Q15813;Q15813-2,0.0
Q15814,0.9210258034346833
Q15819,0.7903312244792654
Q15828,0.0
Q15831;Q15831-2,0.0
Q15833,0.0
Q15836,0.4998186993822728
Q15843,0.0
Q15848,0.0
Q15878,0.0
Q15904,0.0
Q15907,0.0
Q15942,0.0
Q16134,0.0
Q16181,0.7326849177458514
Q16181-2,0.0
Q16186,0.0
Q16204,0.41713702613819065
Q16270;Q16270-2,0.0
Q16363;Q16363-2,0.8969946782819342
Q16401;Q16401-2,0.010164952233752217
Q16512;Q16512-2,0.9872362494253194
Q16513,0.5829050055830045
Q16531,0.3802658107751095
Q16537;Q16537-2,0.8298099648593038
Q16539,0.7008415549809782
Q16539-2,0.0
Q16540,0.0
Q16543,0.0
Q16555-2,0.9310452217751315
Q16563,0.0
Q16595,0.0
Q16610;Q16610-4,0.0
Q16621,0.6936476632253233
Q16630;Q16630-2,0.0
Q16637;Q16637-3,0.0
Q16643;Q16643-3,0.8667016752491522
Q16644,0.5528006971726495
Q16658,0.0
Q16698;Q16698-2,0.0
Q16706,0.9746299127727422
Q16718,0.2575649817312638
Q16719,0.0
Q16740,0.0
Q16760;Q16760-2,0.0
Q16762,0.3799815417349945
Q16769,0.0
Q16773;Q16773-2,0.0
Q16774,0.7620702133437177
Q16775;Q16775-2,0.8212671780631473
Q16795,0.0
Q16799,0.0
Q16822,0.7266118668926825
Q16836-2,0.1039176833359394
Q16849;Q16849-2,0.0
Q16850;Q16850-2,0.0
Q16851,0.0
Q16853,0.0
Q16854;Q16854-2,0.0
Q16864-2,0.0
Q16873,0.0
Q16877;Q16877-2,0.0
Q16881;Q16881-2;Q16881-3;Q16881-4;Q16881-5;Q16881-6,0.18581852511145208
Q16891-2,0.17471635310839914
Q16891-4,0.0
Q17RC7,0.005207030540231923
Q17RN3,0.0
Q17RY0;Q17RY0-2,0.9757585429706828
Q1KMD3,0.0
Q27J81,0.9562797916788273
Q2KHT3,0.0
Q2KHT3-2,0.42907908322205207
Q2LD37;Q2LD37-4,0.882340722828741
Q2M296-3;Q2M296-4,0.0
Q2M2I8-2,0.0
Q2M389,0.0
Q2M3D2,0.11841462508045267
Q2PPJ7-3,0.8112046444509217
Q2PZI1,0.45436058220292525
Q2Q1W2,0.7916284335941836
Q2TAA2,0.0
Q2TAA5,0.0
Q2TAK8;Q2TAK8-2,0.0
Q2TAZ0;Q2TAZ0-3,0.0
Q2TBE0,0.0
Q2VPB7,0.0
Q32MZ4;Q32MZ4-2;Q32MZ4-3,0.9182400107576393
Q32NB8,0.0
Q32P28,0.15300298933000142
Q32P44,0.3332506894032688
Q38SD2,0.0
Q3C1V0,0.0
Q3KQU3;Q3KQU3-4,0.0
Q3KQV9,0.0
Q3KQZ1,0.8187177801226297
Q3LXA3,0.434255605856374
Q3MHD2;Q3MHD2-2,0.0
Q3MII6,0.0
Q3MJ16-2,0.0
Q3SXM5,0.0
Q3SXY8,0.0
Q3SY69,0.0
Q3SY77-2,0.0
Q3SY84,0.0
Q3V6T2;Q3V6T2-2;Q3V6T2-3;Q3V6T2-4;Q3V6T2-5,0.8525294656807829
Q3YEC7;Q3YEC7-2,0.0
Q3ZAQ7,0.13612571360277062
Q3ZCQ8-2,0.4872210865203946
Q3ZCW2,0.3901597517814484
Q460N5,0.0
Q495W5;Q495W5-2,0.0
Q4AC94-4,0.2758882520949284
Q4ADV7,0.0
Q4AE62,0.8793796407458817
Q4G0F5,0.7454624090419117
Q4G0N4,0.0
Q4G0W2,0.0
Q4G148;Q4G148-2,0.0
Q4G176,0.0
Q4J6C6;Q4J6C6-2,0.0
Q4KMP7,0.0
Q4KMQ2;Q4KMQ2-2;Q4KMQ2-3,0.403005957335714
Q4KWH8;Q4KWH8-2;Q4KWH8-3;Q4KWH8-4,0.0
Q4LDE5,0.9667960456981821
Q4V328,0.0
Q4VC31,0.8547407972381612
Q504Q3-2,0.6699531139404652
Q53EL6;Q53EL6-2,0.0
Q53ET0,0.0
Q53FA7,0.6096253364849867
Q53FT3,0.035475977083384645
Q53GL0;Q53GL0-2,0.923293450525259
Q53GL7,0.0
Q53GQ0,0.8646043070219972
Q53H12,0.47356193714362327
Q53H76;Q53H76-3,0.7700339150566715
Q53H80,0.0
Q53H82,0.6685555535998698
Q53H96;Q53H96-2,0.0
Q53HC0-2,0.0
Q53HC9,0.0
Q53QZ3,0.0
Q53RD9;Q53RD9-2;Q53RD9-4,0.7998792395532154
Q53RT3;Q53RT3-2,0.0
Q53S08;Q9H0N0,0.0
Q53T59,0.0
Q53TN4;Q53TN4-3,0.0
Q562E7,0.8291648780849831
Q562R1,0.8818665177483462
Q567U6,0.32873917309251094
Q587I9,0.8332912446140083
Q58A45;Q58A45-3,0.0
Q58FF6,0.10726004072111762
Q58FF8,0.0
Q59EK9;Q59EK9-2;Q59EK9-3;Q59EK9-4,0.9077496724040208
Q5BJD5,0.0
Q5BJH2,0.886740363904183
Q5BJH7;Q5BJH7-3,0.2088033827132743
Q5BKT4,0.8624652516330089
Q5CZ79,0.0
Q5D862,0.0
Q5EB52;Q5EB52-2;Q5EB52-3,0.5206940695045743
Q5EBM0,0.0
Q5EG05;Q5EG05-2,0.0
Q5GH77,0.7009185082295896
Q5GLZ8;Q5GLZ8-2,0.9657152748933764
Q5H8A4;Q5H8A4-2,0.0
Q5H9R7;Q5H9R7-2;Q5H9R7-5;Q5H9R7-6,0.0
Q5HYI7;Q5HYI7-4,0.7642509951862991
Q5HYI8,0.8366413316203692
Q5J8M3,0.45639743593331766
Q5JPI3;Q5JPI3-2,0.0
Q5JQS6,0.0
Q5JR12,0.0
Q5JR59,0.6253180288161109
Q5JRA6,0.0
Q5JRX3;Q5JRX3-2,0.0
Q5JSH3,0.4421936552444693
Q5JSL3,0.7829089681220507
Q5JSP0,0.8485966106423544
Q5JTD0;Q5JTD0-2,0.6841725937140065
Q5JTV8,0.0
Q5JTZ9,0.0
Q5JU69,0.0
Q5JUQ0,0.8231948543615235
Q5JVS0,0.373250547316088
Q5JXC2,0.6829256907117823
Q5K4L6,0.5404341607957079
Q5K651,0.8554460888039169
Q5M775-2,0.0
Q5M775-4,0.0
Q5M8T2,0.22705733601066022
Q5MNV8,0.8646059043892084
Q5MNZ6,0.0
Q5MNZ9;Q5MNZ9-2,0.35234278129628976
Q5NDL2,0.9187701846107188
Q5QJ74,0.0
Q5R372-8,0.0
Q5R372;Q5R372-4,0.6712837348801258
Q5R3I4,0.885557249604695
Q5RI15;Q5RI15-2,0.0
Q5RKV6,0.0
Q5SGD2,0.8700543176859055
Q5SQ64,0.866724091922925
Q5SQI0;Q5SQI0-4;Q5SQI0-5,0.0
Q5SSJ5;Q5SSJ5-2,0.0
Q5SW79;Q5SW79-3,0.0
Q5SW96,0.7738378381998083
Q5SWX8,0.0
Q5SZK8,0.0
Q5T011;Q5T011-5,0.0
Q5T013,0.5495912367014086
Q5T0D9,0.0
Q5T0F9-2,0.8442155015644633
Q5T0N5-3;Q5T0N5-4,0.9458844750902486
Q5T0T0-2,0.0
Q5T1J5;Q9Y6H1,0.0
Q5T1M5,0.0
Q5T2E6,0.9623890933967352
Q5T2N8,0.0
Q5T2T1,0.0
Q5T3F8,0.5963495893907045
Q5T440,0.5980409755091451
Q5T447,0.9464120121343421
Q5T4F4-4,0.0
Q5T4F4;Q5T4F4-2;Q5T4F4-3;Q5T4F4-8,0.0
Q5T4S7-4,0.0
Q5T5C0,0.0
Q5T5U3,0.515799761492782
Q5T5Y3;Q5T5Y3-3,0.9147281115656699
Q5T653,0.0
Q5T6V5,0.5410804168309238
Q5T749,0.0
Q5T8I3,0.0
Q5T9S5-2,0.0
Q5TAQ9,0.0
Q5TBA9,0.11123435303016467
Q5TC12,0.6740775007687653
Q5TC63,0.0
Q5TC84,0.42498544129804744
Q5TCQ9;Q5TCQ9-1,0.9694134391926946
Q5TCS8,0.3458713206498927
Q5TCZ1,0.7099518367703096
Q5TDH0;Q5TDH0-3,0.6409276965999503
Q5TEU4,0.0
Q5TF39,0.0
Q5TFE4,0.0
Q5THJ4;Q5THJ4-2,0.0
Q5TZA2,0.0
Q5U5X0,0.0
Q5U651,0.0
Q5UCC4-2,0.13903161881108578
Q5UE93,0.4834853359047851
Q5VIR6,0.0
Q5VSG8;Q5VSG8-3,0.0
Q5VSL9,0.0
Q5VST6,0.3898237725707295
Q5VST9;Q5VST9-2;Q5VST9-6,0.0
Q5VT25;Q5VT25-2;Q5VT25-5;Q5VT25-6,0.0
Q5VTQ0;Q5VTQ0-2;Q5VTQ0-4;Q5VTQ0-5;Q5VTQ0-6,0.0
Q5VU43;Q5VU43-4,0.0
Q5VVQ6,0.0
Q5VW32,0.8709128706509403
Q5VW36,0.5398628288163208
Q5VW38;Q5VW38-2;Q5VW38-3,0.0
Q5VWC8,0.0
Q5VWJ9,0.48379450360152115
Q5VWZ2,0.7566821502941948
Q5VY43,0.7294467049934937
Q5VYK3,0.0
Q5VYS8,0.8403994066745644
Q5VZ89;Q5VZ89-7,0.0
Q5VZE5,0.7491693873124581
Q5VZK9,0.8608517647970164
Q5W041;Q5W041-4,0.0
Q5W0V3,0.8992724055266024
Q5W0Z9,0.3257257398512382
Q5W111,0.0
Q5XKP0,0.9557264647789356
Q5XPI4;Q5XPI4-2,0.0
Q60I27;Q60I27-2,0.0
Q63HN8,0.0
Q63ZY3-3,0.5423483263367052
Q641Q2,0.5292505176697939
Q643R3,0.0
Q658P3-2,0.8246177534198474
Q658Y4,0.5760991411339008
Q66K14;Q66K14-2,0.6143325246570759
Q66K74;Q66K74-2,0.2793340885095657
Q674X7,0.0
Q676U5;Q676U5-2,0.12969180623509163
Q684P5,0.0
Q684P5-2,0.0
Q68BL7,0.737750008579269
Q68CP4;Q68CP4-2,0.8369275714240888
Q68CZ6,0.0
Q68D51,0.21299043004633328
Q68D91,0.7790480138669575
Q68DA7-5,0.0
Q68DH5,0.38796171499905463
Q68DK2;Q68DK2-2,0.0
Q68DL7,0.0
Q68EM7;Q68EM7-2,0.5520125774050391
Q69YQ0;Q69YQ0-2,0.0
Q69YW2,0.0
Q6AHZ1,0.0
Q6AWC2;Q6AWC2-2;Q6AWC2-4;Q6AWC2-6,0.0
Q6BDS2,0.0860653092321348
Q6DD88,0.8212417947383559
Q6DHV5,0.660602462113179
Q6DN12;Q6DN12-2,0.0
Q6DN14,0.6893203650313493
Q6E0U4-16,0.9137251647057055
Q6EEV4;Q6EEV4-2,0.0
Q6EMK4,0.0
Q6F5E8;Q6F5E8-2,0.0
Q6FI81;Q6FI81-3,0.527745304710072
Q6GMV2,0.0
Q6GMV3,0.6864937310721372
Q6GQQ9;Q6GQQ9-2,0.0
Q6GYQ0;Q6GYQ0-2;Q6GYQ0-5;Q6GYQ0-7,0.0
Q6IA17,0.7335354315504207
Q6IA69,0.13980567387828138
Q6IA86-5,0.0
Q6IAA8,0.8202589428388858
Q6IAN0,0.1277866113929844
Q6IBS0,0.36924978547918774
Q6ICB4,0.0
Q6ICG6;Q6ICG6-2;Q6ICG6-3,0.0
Q6ICL3,0.9346029498692111
Q6IN84,0.7821850657655193
Q6IN85;Q6IN85-2,0.0
Q6IQ19-3,0.0
Q6IQ22,0.49788845089421885
Q6ISB3-2,0.0
Q6KB66;Q6KB66-2,0.0
Q6L8Q7;Q6L8Q7-2,0.0
Q6MZQ0,0.0
Q6N069,0.0
Q6NUK1,0.0
Q6NUK4,0.7509142376856169
Q6NUQ1,0.0
Q6NVY1,0.7872140506893872
Q6NW29,0.0
Q6NXE6;Q6NXE6-2,0.0
Q6NXT4;Q6NXT4-2,0.0
Q6NXT6,0.7730603870511569
Q6NYC1;Q6NYC1-2;Q6NYC1-3,0.0
Q6NYC8,0.49634908550221224
Q6NZ67,0.030718514751429678
Q6NZI2,0.0
Q6P179;Q6P179-3,0.0
Q6P1A2,0.0
Q6P1L5,0.0
Q6P1L8,0.0
Q6P1M0,0.573185499191361
Q6P1M3;Q6P1M3-2,0.0
Q6P1N0,0.0
Q6P1N9,0.0
Q6P1X6-2,0.0
Q6P2E9,0.6062928397570887
Q6P2H3;Q6P2H3-2;Q6P2H3-4,0.0
Q6P2P2,0.34872181699308347
Q6P3S1,0.0
Q6P3S6,0.0
Q6P3W7,0.0
Q6P3X3,0.7350578687822826
Q6P499,0.9217190249007627
Q6P4A7,0.0
Q6P4E1;Q6P4E1-2,0.0
Q6P4F2,0.0
Q6P4Q7,0.0
Q6P587-3,0.0
Q6P589,0.0
Q6P5Z2,0.0
Q6P988,0.7955508318956825
Q6P996;Q6P996-4;Q6P996-5,0.0
Q6P9B6,0.36967001593685517
Q6P9F5,0.0
Q6P9F7,0.0
Q6PCB7,0.7514136092676494
Q6PCE3,0.0
Q6PD74,0.0
Q6PEY2,0.0
Q6PFW1;Q6PFW1-2;Q6PFW1-5,0.8608120993820462
Q6PGN9;Q6PGN9-2,0.0
Q6PGP7,0.0
Q6PHR2;Q6PHR2-3,0.3818688151392556
Q6PI48,0.0
Q6PIU2;Q6PIU2-2,0.015613511111960974
Q6PJ69,0.3337125690380864
Q6PJF5;Q6PJF5-2,0.93065709809165
Q6PJI9,0.8315727241659502
Q6PJW8,0.7324809504496773
Q6PKG0,0.09947994188704298
Q6PL24,0.0
Q6PML9,0.0
Q6Q0C0,0.8138876422128174
Q6Q788,0.8348093999936587
Q6QEF8,0.8692186571069707
Q6QHF9,0.0
Q6QNY0,0.0
Q6QNY1,0.0
Q6R327-3,0.6580873184473222
Q6RI45,0.0
Q6RW13-2,0.0
Q6TFL3;Q6TFL3-4,0.0
Q6UB35,0.0
Q6ULP2;Q6ULP2-6;Q6ULP2-8;Q6ULP2-9,0.0
Q6UN15;Q6UN15-5,0.23626567042126387
Q6UUV7;Q6UUV7-3,0.0
Q6UVJ0,0.0
Q6UW02,0.20366140358288426
Q6UW63,0.0
Q6UW68,0.0
Q6UWD8,0.0
Q6UWE0;Q6UWE0-2,0.0
Q6UWH6,0.7768675241771378
Q6UWJ1;Q6UWJ1-2,0.0
Q6UWK7,0.0
Q6UWL2;Q6UWL2-2;Q6UWL2-3,0.6277607330897217
Q6UWP2,0.0
Q6UWP7;Q6UWP7-3,0.0
Q6UWP8,0.8123771950796255
Q6UWP8-2,0.0
Q6UX06,0.0
Q6UX07,0.8162539208410812
Q6UX53,0.0
Q6UX71,0.0
Q6UXB8,0.0
Q6UXD5;Q6UXD5-6,0.392952405411431
Q6UXH0,0.0
Q6UXH1-6,0.24813861518293873
Q6UXI7-4,0.0
Q6UXN9,0.0
Q6UXV4,0.7485934141558693
Q6UY14;Q6UY14-2;Q6UY14-3,0.2509090579416229
Q6V0I7;Q6V0I7-3,0.0
Q6V1X1;Q6V1X1-3;Q6V1X1-5,0.0
Q6VN20;Q6VN20-3,0.0
Q6VY07,0.8673320164814806
Q6WCQ1-2,0.24337290212990345
Q6XQN6,0.40170954438309037
Q6XUX3;Q6XUX3-2,0.2824570200786433
Q6XYB7,0.0
Q6XZF7,0.5021269257381681
Q6Y1H2,0.0
Q6Y7W6;Q6Y7W6-3;Q6Y7W6-4;Q6Y7W6-5,0.4006012645964525
Q6YHK3,0.0
Q6YN16,0.0
Q6YP21;Q6YP21-3,0.44944005457496156
Q6ZMG9-2,0.0
Q6ZMI0,0.7819970488765752
Q6ZMP0,0.28438384949786644
Q6ZMW3,0.0
Q6ZNC8,0.0
Q6ZNE5,0.0
Q6ZNJ1;Q6ZNJ1-3,0.938081071641708
Q6ZRY4,0.38329415080267587
Q6ZS11,0.0
Q6ZS17;Q6ZS17-2;Q6ZS17-3;Q6ZS17-4,0.0
Q6ZS30,0.8470620303042024
Q6ZS81,0.0
Q6ZSR9,0.0
Q6ZSS7,0.7339707750499265
Q6ZSY5,0.0
Q6ZSZ5;Q6ZSZ5-5;Q6ZSZ5-6,0.0
Q6ZT12;Q6ZT12-4,0.0
Q6ZT21,0.9933112193415295
Q6ZTN6,0.8075120265231193
Q6ZU35,0.35294729566977207
Q6ZUT6-4,0.0
Q6ZUX7,0.0
Q6ZV70,0.4817111413743172
Q6ZVF9,0.8024688525177034
Q6ZVK8,0.0
Q6ZVM7,0.5644147785097708
Q6ZWH5,0.0
Q6ZWT7,0.0
Q6ZXV5;Q6ZXV5-2,0.0
Q709C8;Q709C8-3,0.820605402922738
Q70CQ4,0.8873954119198859
Q70IA6,0.0
Q70IA8,0.8928779094334984
Q70J99,0.9292870069109959
Q70UQ0,0.2765300525462957
Q70UQ0-4,0.0
Q712K3,0.3875228546203426
Q71RC9,0.0
Q71RG4;Q71RG4-2,0.0
Q71UI9-3,0.0
Q765P7,0.5047541905530719
Q76I76,0.0
Q76LX8;Q76LX8-2,0.07563173370342319
Q7KZF4,0.0
Q7KZI7-12;Q7KZI7-3;Q7KZI7-6,0.0
Q7KZI7-15;Q7KZI7-16,0.0
Q7KZN9;Q7KZN9-2,0.6873161303593444
Q7L0J3;Q7L0J3-2,0.0
Q7L0Y3,0.0
Q7L1Q6;Q7L1Q6-3;Q7L1Q6-4,0.4227542055164033
Q7L1T6,0.0
Q7L1V2,0.0
Q7L1W4,0.8127881859606694
Q7L211,0.5796859085935812
Q7L266,0.25944694767011195
Q7L273,0.0
Q7L2H7,0.7341405865272743
Q7L4E1,0.0
Q7L523,0.0
Q7L576,0.6146155462887695
Q7L590-2,0.0
Q7L591,0.0
Q7L591-3,0.0
Q7L5D6,0.21638481144251343
Q7L5N1,0.0
Q7L5N7,0.0
Q7L5Y1,0.0
Q7L5Y9,0.0
Q7L775,0.527510343753885
Q7L7X3,0.0
Q7L8A9,0.0
Q7L8J4;Q7L8J4-2,0.0
Q7L8L6,0.7605842505058454
Q7L9L4;Q7L9L4-2;Q9H8S9,0.31876813088912587
Q7LBR1,0.0
Q7LDG7,0.8997969945479473
Q7LG56;Q7LG56-2;Q7LG56-6,0.0
Q7LGA3,0.0
Q7RTN6-4,0.0
Q7RTP6,0.0
Q7RTR2;Q7RTR2-2,0.0
Q7RTS9,0.0
Q7RTY7,0.0
Q7Z2K6,0.0
Q7Z2W4,0.12285049136778382
Q7Z2Z2,0.7675448498412366
Q7Z304,0.0
Q7Z392,0.0
Q7Z3B1,0.0
Q7Z3B4;Q7Z3B4-3,0.7015410075887998
Q7Z3C6,0.0
Q7Z3D4,0.0
Q7Z3D6;Q7Z3D6-2;Q7Z3D6-4,0.0
Q7Z3E5;Q7Z3E5-2,0.0
Q7Z3J2,0.0
Q7Z3U7;Q7Z3U7-5,0.45827434217508606
Q7Z3V4,0.0
Q7Z3Y8,0.0
Q7Z401;Q7Z401-2,0.6368754168202309
Q7Z403,0.0
Q7Z406;Q7Z406-2;Q7Z406-6,0.0
Q7Z407;Q7Z407-3;Q7Z407-4,0.0
Q7Z417,0.0
Q7Z422;Q7Z422-2;Q7Z422-3;Q7Z422-4;Q7Z422-5,0.8009580105690098
Q7Z434,0.16041531886894247
Q7Z460-4,0.866087130351059
Q7Z478,0.0
Q7Z4G1;Q7Z4G1-2,0.0
Q7Z4H3;Q7Z4H3-2,0.0
Q7Z4H7;Q7Z4H7-3,0.0
Q7Z4H8,0.0
Q7Z4L5,0.0
Q7Z4W1,0.9413144111478828
Q7Z569,0.4534008810953714
Q7Z589;Q7Z589-4;Q7Z589-5;Q7Z589-6;Q7Z589-7,0.0
Q7Z5G4-3,0.0
Q7Z5R6,0.0
Q7Z5Y7,0.0
Q7Z698;Q7Z698-2,0.0
Q7Z6B0;Q7Z6B0-2,0.0
Q7Z6G8,0.8622731060006784
Q7Z6I6,0.0
Q7Z6K5-2,0.5782903047564498
Q7Z6L1;Q7Z6L1-2,0.5330416270226159
Q7Z6Z7;Q7Z6Z7-2;Q7Z6Z7-3,0.9093775039171661
Q7Z739,0.0
Q7Z745;Q7Z745-2,0.9717115669285088
Q7Z794,0.0
Q7Z7A4,0.0
Q7Z7B0,0.0
Q7Z7E8,0.0
Q7Z7F0;Q7Z7F0-2;Q7Z7F0-3,0.0
Q7Z7G0,0.0
Q7Z7G8;Q7Z7G8-2;Q7Z7G8-6,0.0
Q7Z7H5;Q7Z7H5-3,0.0
Q7Z7H8,0.0
Q7Z7K0,0.5128456116285892
Q7Z7L7,0.0
Q7Z7N9,0.0
Q86SF2,0.9932575499493652
Q86SQ4;Q86SQ4-3,0.4501876382714346
Q86SR1;Q86SR1-2,0.0
Q86SX6,0.14612120310106896
Q86SZ2,0.9132990374699806
Q86T03;Q86T03-2,0.6565412752516776
Q86TB9-2,0.07673304576259025
Q86TH1,0.559810804334269
Q86TI0,0.0
Q86TI2,0.0
Q86TL0,0.0
Q86TM6;Q86TM6-2;Q86TM6-3,0.0
Q86TP1,0.9784874202151043
Q86TU7,0.6986592242644822
Q86TV6,0.0
Q86TX2,0.0
Q86U17,0.2573306721768967
Q86U28,0.0
Q86UD1,0.6781525043326955
Q86UE4,0.3703262754154535
Q86UF1,0.0
Q86UK7;Q86UK7-2;Q86UK7-3,0.9826631910425783
Q86UL3,0.0
Q86UL8;Q86UL8-2,0.8979406466680343
Q86UP2,0.9441791524832369
Q86UR5;Q86UR5-3;Q86UR5-4,0.0
Q86UT6,0.0
Q86UU1-2,0.0
Q86UX2,0.9009675483148013
Q86UX7;Q86UX7-2,0.0
Q86UY8;Q86UY8-2,0.4851184257247018
Q86V21,0.9116963949131477
Q86V48,0.5251194944101274
Q86V81,0.0
Q86V85,0.0
Q86V87,0.0
Q86V88,0.8749119104893619
Q86V97,0.0
Q86VB7;Q86VB7-2;Q86VB7-3;Q86VB7-4,0.0
Q86VH2;Q86VH2-3,0.0
Q86VN1,0.9639713853255857
Q86VP3,0.0
Q86VP6,0.0
Q86VQ1,0.7180730416207635
Q86VR2,0.8050859358375139
Q86VS8,0.7029182821819319
Q86VU5,0.0
Q86VW0,0.0
Q86VX2;Q86VX2-2,0.5715657265944898
Q86VZ5,0.0
Q86W34,0.5486377433247105
Q86W56;Q86W56-2;Q86W56-3,0.0
Q86W92;Q86W92-2;Q86W92-4,0.9196422281650642
Q86WI1,0.0
Q86WI3;Q86WI3-4,0.0
Q86WN1,0.0
Q86WR0,0.0
Q86WR7,0.8855903731980074
Q86WV6,0.21742223060084903
Q86X10-3,0.38980286540806675
Q86X19,0.6680130489346902
Q86X29;Q86X29-4;Q86X29-5,0.8961591147437048
Q86X52,0.807507126552798
Q86X55;Q86X55-1,0.2913128991303229
Q86X76;Q86X76-2;Q86X76-4,0.9679953016307785
Q86X83;Q86X83-2,0.45859874561134145
Q86XA9,0.15688949594614468
Q86XH1;Q86XH1-5,0.26218376075335015
Q86XL3,0.0
Q86XP1;Q86XP1-2,0.0
Q86XP3,0.0
Q86XP6,0.0
Q86XR8;Q86XR8-2;Q86XR8-3;Q86XR8-4;Q86XR8-5,0.0
Q86XS8;Q86XS8-2,0.0
Q86XX4-2,0.0
Q86Y07,0.7272909314674828
Q86Y37,0.0
Q86Y39,0.8063600597037811
Q86Y46,0.0
Q86Y56,0.0
Q86Y82,0.9717630492611522
Q86YB8,0.8835284371804887
Q86YC3,0.969082981621463
Q86YL5;Q86YL5-2,0.6782414311430467
Q86YQ8,0.0
Q86YS6,0.0
Q86YS7-3,0.2273803896398392
Q86YT6,0.0
Q86YV0,0.4678537860562511
Q86YV9,0.0
Q86YW5,0.0
Q86YW5-2,0.6118995337766062
Q86YZ3,0.33912357349397404
Q8IU68,0.0
Q8IUD2,0.7905542477842763
Q8IUE6,0.6376965873217716
Q8IUF1;Q9BRT8;Q9BRT8-3,0.0
Q8IUG5;Q8IUG5-3,0.43291737550092235
Q8IUH4;Q8IUH4-2;Q8IUH4-3,0.0
Q8IUH5,0.0
Q8IUI8,0.8512403074415906
Q8IUR0,0.9195406030057136
Q8IUR7;Q8IUR7-7,0.831346057583419
Q8IUW3,0.0
Q8IUX4,0.3065913146078688
Q8IUX7,0.45039097558646435
Q8IUZ5,0.0
Q8IV03,0.940072974526891
Q8IV04,0.0
Q8IV33,0.9653604011280821
Q8IV38,0.8802510940632446
Q8IV61;Q8IV61-2,0.0
Q8IVB4,0.8173062521907559
Q8IVD9,0.0
Q8IVF2;Q8IVF2-3,0.6162527682188464
Q8IVG5,0.0
Q8IVP5,0.0
Q8IVT5,0.8198577544221588
Q8IVU3,0.0
Q8IVV7,0.845956066655093
Q8IVW4,0.9702852160700042
Q8IW19,0.0
Q8IW41,0.0
Q8IW45,0.0
Q8IW75,0.0
Q8IWA4,0.8869117971801787
Q8IWA5-3,0.7754326435090751
Q8IWB7,0.6663523608787214
Q8IWB9,0.9073884546831743
Q8IWC1;Q8IWC1-2,0.0
Q8IWE2;Q8IWE2-2,0.0
Q8IWE4,0.0
Q8IWF6,0.0
Q8IWJ2,0.0
Q8IWR0,0.0
Q8IWT0,0.0
Q8IWT6,0.5836259434572617
Q8IWU5,0.0
Q8IWV2,0.0
Q8IWV7,0.7851028894049369
Q8IWV8;Q8IWV8-4,0.7041320693188899
Q8IWW6;Q8IWW6-2;Q8IWW6-3;Q8IWW6-4,0.0
Q8IWZ3;Q8IWZ3-4;Q8IWZ3-6,0.0
Q8IX04;Q8IX04-2;Q8IX04-3;Q8IX04-6,0.0
Q8IX07,0.0
Q8IX19,0.0
Q8IXB1,0.0
Q8IXI1,0.7410821530580339
Q8IXI2-5;Q8IXI2-7,0.9208004703960221
Q8IXJ6,0.018979111879892922
Q8IXK2,0.6385012885121581
Q8IXL7;Q8IXL7-2,0.7767857706417844
Q8IXM3,0.0
Q8IXQ6;Q8IXQ6-2,0.0
Q8IXS8,0.5942415068775205
Q8IY17;Q8IY17-3,0.9258878503599715
Q8IY21,0.5386258388301629
Q8IY22,0.8336426963684628
Q8IY26,0.9563055211568111
Q8IY33,0.6327284991309234
Q8IY47,0.0
Q8IY63;Q8IY63-2,0.0
Q8IY92;Q8IY92-2,0.27296620373601077
Q8IY95;Q8IY95-2,0.0
Q8IYB5-2;Q8IYB5-3,0.9552652076026386
Q8IYB7,0.8608511567007956
Q8IYD1,0.9487015870041035
Q8IYE1,0.0
Q8IYH5;Q8IYH5-2,0.0
Q8IYI6,0.0
Q8IYJ2,0.758288665399946
Q8IYS2-2,0.0
Q8IYT4;Q8IYT4-2,0.0
Q8IYU2,0.2448617026647418
Q8IYU8,0.0
Q8IYW2,0.0
Q8IZ07,0.8932765753830232
Q8IZ21;Q8IZ21-2;Q8IZ21-3,0.0
Q8IZ52,0.0
Q8IZ81,0.0
Q8IZ83,0.0
Q8IZD0;Q8IZD0-2,0.7580455034216647
Q8IZE3-2,0.0
Q8IZF2;Q8IZF2-2,0.0
Q8IZH2;Q8IZH2-2,0.5890624187457244
Q8IZP0;Q8IZP0-2;Q8IZP0-3;Q8IZP0-4;Q8IZP0-5;Q8IZP0-6;Q8IZP0-9,0.88906156623664
Q8IZQ1,0.0
Q8IZY2,0.0
Q8N0U8,0.372414087131755
Q8N0X7,0.8704394834380423
Q8N0Z6,0.0
Q8N122,0.6205443203647174
Q8N128,0.770386228975414
Q8N129,0.0
Q8N131;Q8N131-2,0.6765781008908183
Q8N138;Q8N138-4,0.8538496906912426
Q8N183,0.0
Q8N1A6,0.0
Q8N1B4,0.0
Q8N1F7,0.0
Q8N1F8,0.0
Q8N1G4,0.8972782468155867
Q8N1N4,0.7817664610810924
Q8N1Q1,0.9584300214189683
Q8N1S5;Q8N1S5-2,0.8373590488140138
Q8N257,0.6609859943451695
Q8N2A8,0.0
Q8N2F6;Q8N2F6-2;Q8N2F6-3;Q8N2F6-4,0.0
Q8N2G8;Q8N2G8-3,0.0
Q8N2H4,0.0
Q8N2K0;Q8N2K0-2,0.09429154343890164
Q8N2S1-2,0.0
Q8N2U9,0.9556987385481869
Q8N335,0.923438951604837
Q8N386,0.0
Q8N392,0.929757560384811
Q8N3C0,0.8371650058309893
Q8N3D4,0.029034832867609134
Q8N3F0;Q8N3F0-2,0.41982817301434994
Q8N3F8,0.0
Q8N3P4;Q8N3P4-3,0.537112053604816
Q8N3R9;Q8N3R9-2,0.6586728539268664
Q8N3S3-7,0.0
Q8N474,0.0
Q8N490-3,0.25570736362701735
Q8N4A0,0.0
Q8N4C8,0.0
Q8N4H5,0.5845165974856624
Q8N4L2,0.4236331499205383
Q8N4Q0,0.0
Q8N4T8-2,0.0
Q8N4V1,0.6353621329076938
Q8N511,0.06505559541536413
Q8N556;Q8N556-2,0.8721584224284531
Q8N573;Q8N573-8,0.8925758390839116
Q8N5C1,0.5459591448226148
Q8N5C8;Q8N5C8-2,0.8139342546170083
Q8N5G0;Q8N5G0-2,0.5240388604099496
Q8N5G2,0.0
Q8N5H3;Q8N5H3-1,0.0
Q8N5I2,0.0
Q8N5I4,0.0
Q8N5J2,0.0
Q8N5K1,0.7028931556252259
Q8N5M4,0.2650554204304961
Q8N5M9,0.0
Q8N5N7,0.0
Q8N5W9,0.6720064498394989
Q8N653,0.5913820160796434
Q8N668;Q8N668-2,0.0
Q8N697,0.0
Q8N699,0.0
Q8N6H7,0.9281877141207481
Q8N6M0,0.4961531271676641
Q8N6M3,0.0
Q8N6R0;Q8N6R0-3,0.0
Q8N6T3,0.0
Q8N6Y2;Q8N6Y2-2,0.0
Q8N755;Q8N755-2,0.0
Q8N766;Q8N766-2;Q8N766-3,0.0
Q8N7R7;Q8N7R7-3,0.0
Q8N8J7,0.427062934991907
Q8N8S7,0.0
Q8N8V2,0.0
Q8N960;Q8N960-2,0.0
Q8N983;Q8N983-2;Q8N983-3;Q8N983-4;Q8N983-6;Q8N983-7,0.0
Q8N9B5;Q8N9B5-2,0.0
Q8N9F7,0.0
Q8N9M5,0.0
Q8N9N2-2,0.26289304693591287
Q8N9N7,0.6758706022442823
Q8N9R8-2,0.0
Q8N9U0,0.8133803541850606
Q8NA56,0.0
Q8NAA5,0.0
Q8NAT1,0.0
Q8NB16,0.0
Q8NB25;Q8NB25-2;Q8NB25-3;Q8NB25-4,0.0
Q8NB37,0.23601666748339503
Q8NB49-3,0.0
Q8NB90,0.7868286674690973
Q8NBF2,0.8074049317702201
Q8NBF6,0.0
Q8NBI2;Q8NBI2-2,0.0
Q8NBI5-2,0.0
Q8NBI6,0.0
Q8NBJ4,0.0
Q8NBJ5,0.0
Q8NBJ7,0.9865853380144464
Q8NBK3;Q8NBK3-4;Q8NBK3-5,0.0
Q8NBL1,0.0
Q8NBM4,0.0
Q8NBM8,0.20136120036236752
Q8NBN3,0.0
Q8NBN7,0.3274413266784103
Q8NBP0,0.0
Q8NBP7,0.0
Q8NBQ5,0.9312914744644022
Q8NBR6;Q8NBR6-2,0.4205694354999692
Q8NBS9,0.0
Q8NBU5,0.0
Q8NBX0,0.6182799918354955
Q8NBZ7;Q8NBZ7-2,0.9795796904527879
Q8NC44,0.0
Q8NC51-3,0.0
Q8NC56,0.6375469861658905
Q8NC96,0.0
Q8NCA5,0.6298124475311473
Q8NCC3,0.0
Q8NCE2;Q8NCE2-2,0.8863506039743699
Q8NCG7,0.6960033047779834
Q8NCH0,0.5554103805392391
Q8NCJ5,0.0
Q8NCM8;Q8NCM8-2,0.0
Q8NCN5,0.8670333017856738
Q8NCW5,0.9579362149725965
Q8ND04;Q8ND04-2,0.12102371832141012
Q8ND24,0.0
Q8ND56;Q8ND56-2;Q8ND56-3,0.8894302607717001
Q8ND76,0.8962049086361007
Q8ND90,0.8361010497306421
Q8NDA2,0.0
Q8NDA8,0.0
Q8NDB2,0.0
Q8NDH3;Q8NDH3-2,0.0
Q8NDI1-2;Q8NDI1-3,0.7812982776987575
Q8NDX1;Q8NDX1-2,0.9392191111701935
Q8NDZ4,0.0
Q8NE00,0.0
Q8NE01,0.391008419852973
Q8NE71,0.0
Q8NE86;Q8NE86-3,0.0
Q8NEB9,0.0
Q8NEN9,0.5236924547316305
Q8NEP3;Q8NEP3-2;Q8NEP3-3,0.0
Q8NES3;Q8NES3-3,0.0
Q8NET6,0.0
Q8NEU8,0.0
Q8NEW0,0.9116884818156874
Q8NEZ2,0.0
Q8NEZ5,0.0
Q8NF37,0.805629225126308
Q8NF50;Q8NF50-2,0.0
Q8NF91-4,0.9958741801216827
Q8NFA0,0.0
Q8NFF5-2,0.0
Q8NFG4,0.0
Q8NFH3,0.0
Q8NFH8;Q8NFH8-4,0.6099835354625258
Q8NFP9,0.0
Q8NFQ8,0.2619825305717119
Q8NFU3,0.0
Q8NFV4,0.0
Q8NFW8,0.0
Q8NFY4-8,0.0
Q8NG06,0.6136997267427442
Q8NG11,0.8281540302609249
Q8NGY2,0.0
Q8NHG7,0.9094278982741604
Q8NHG8,0.5790710421236582
Q8NHH9;Q8NHH9-5,0.6927355543952207
Q8NHM5;Q8NHM5-2;Q8NHM5-3;Q8NHM5-4,0.0
Q8NHP6,0.15465735190823848
Q8NHP8,0.0
Q8NHQ9,0.7146181258271836
Q8NHU6,0.0
Q8NHV4;Q8NHV4-3,0.8831485624249241
Q8NI08;Q8NI08-2,0.0
Q8NI22;Q8NI22-2;Q8NI22-3,0.0
Q8NI99,0.3804204093890322
Q8TAA9;Q8TAA9-2,0.0
Q8TAC1,0.0
Q8TAD4,0.5049324828882632
Q8TAD7,0.0
Q8TAE8,0.0
Q8TAF3,0.9276497261115538
Q8TAG9;Q8TAG9-2,0.4848703648418374
Q8TAQ2,0.0
Q8TAT6;Q8TAT6-2,0.0
Q8TAV4,0.0
Q8TB03,0.25669195660443156
Q8TB24,0.6931323223260428
Q8TB36;Q8TB36-2,0.47015281712551343
Q8TB40,0.7974397542534452
Q8TB52,0.0
Q8TB61-3,0.806647550810927
Q8TB72-3,0.0
Q8TB73,0.0
Q8TB96,0.0
Q8TBA6,0.5323556868068263
Q8TBC4;Q8TBC4-2,0.5681905346843329
Q8TBE9,0.0
Q8TBF2;Q8TBF2-3,0.7457481959326979
Q8TBM8,0.0
Q8TBQ9,0.0
Q8TBR7;Q8TBR7-1,0.0
Q8TBX8,0.3355620481835686
Q8TBZ3;Q8TBZ3-2,0.0
Q8TC05,0.0
Q8TC07-2,0.21597897885938208
Q8TC12,0.0
Q8TC26,0.0
Q8TC44;Q8TC44-2,0.0
Q8TCA0;Q8TCA0-2;Q8TCA0-3,0.0
Q8TCD1,0.0
Q8TCD5,0.0
Q8TCE6;Q8TCE6-2,0.0
Q8TCF1;Q8TCF1-2,0.0
Q8TCG2,0.0
Q8TCJ2,0.48091601939722
Q8TCS8,0.0
Q8TCT9-5,0.2278888018407762
Q8TCU4;Q8TCU4-2,0.0
Q8TCW9,0.0
Q8TCZ2;Q8TCZ2-2;Q8TCZ2-3;Q8TCZ2-5,0.0
Q8TD06,0.0
Q8TD08;Q8TD08-2;Q8TD08-3,0.6755762074008201
Q8TD16,0.2958553015447434
Q8TD19,0.0
Q8TD22,0.0
Q8TD43;Q8TD43-3,0.919383843074262
Q8TD55,0.8362833479686181
Q8TDB6,0.39820459339628805
Q8TDC3-2,0.11934140602985982
Q8TDF6;Q8TDF6-2;Q8TDF6-5;Q8TDF6-9,0.0
Q8TDH9,0.0
Q8TDL5,0.9976266052089314
Q8TDM6;Q8TDM6-4,0.0
Q8TDN4,0.7994651264061593
Q8TDQ7;Q8TDQ7-2,0.9882823007953715
Q8TDW0,0.05431954933659752
Q8TDW4;Q8TDW4-3;Q8TDW4-5;Q8TDW4-6;Q8TDW4-7,0.0
Q8TDX7,0.0
Q8TDY4;Q8TDY4-3,0.0
Q8TDZ2;Q8TDZ2-4,0.729230628780552
Q8TE02;Q8TE02-4,0.0
Q8TE73,0.30728368859405847
Q8TE77,0.09838345855885434
Q8TEA7;Q8TEA7-2,0.8694474497013035
Q8TEA8,0.4380721319196846
Q8TEB1;Q8TEB1-2,0.0
Q8TEB9,0.0
Q8TEJ3,0.0
Q8TEM1,0.0
Q8TEP8,0.0
Q8TEQ0,0.701805605777062
Q8TEQ6,0.0
Q8TEQ8,0.0
Q8TER0;Q8TER0-5,0.7427628174439777
Q8TEU7;Q8TEU7-3;Q8TEU7-4;Q8TEU7-5,0.0
Q8TEV9,0.0
Q8TEW0-9,0.0
Q8TEW0;Q8TEW0-2,0.9565719688100195
Q8TEX9;Q8TEX9-2,0.0
Q8TF05;Q8TF05-2,0.2483140839283258
Q8TF17;Q8TF17-5,0.6056543156765644
Q8TF42,0.7511270923183057
Q8TF46;Q8TF46-2;Q8TF46-4,0.0
Q8TF62,0.15430853857199262
Q8TF64,0.2613219671283706
Q8TF66;Q8TF66-2,0.0
Q8TF72,0.8256961013604966
Q8TF74,0.0
Q8WTS1,0.0
Q8WTW3,0.9219512162368613
Q8WU76,0.4904332119629594
Q8WU79,0.38969543950112906
Q8WU90,0.9277335323026761
Q8WUA7;Q8WUA7-4,0.5109183765699205
Q8WUA8,0.8764359122008295
Q8WUD1,0.31980901775076
Q8WUF8,0.0
Q8WUH2,0.8460399934689109
Q8WUH6,0.24196936441241587
Q8WUJ3,0.8282264339342876
Q8WUM0,0.0
Q8WUM4,0.0
Q8WUW1;Q8WUW1-2,0.0
Q8WUX2,0.0
Q8WUX9,0.0
Q8WUY1,0.6027222713630307
Q8WUY3;Q8WUY3-2;Q8WUY3-3;Q8WUY3-4,0.0
Q8WUY8,0.0
Q8WV92,0.0
Q8WV99,0.8775641006974667
Q8WVC6,0.0
Q8WVJ2,0.0
Q8WVM8,0.0
Q8WVQ1;Q8WVQ1-3,0.0
Q8WVR3,0.7623934090531026
Q8WVT3,0.0
Q8WVV4;Q8WVV4-1,0.0
Q8WVX3-2,0.0
Q8WVX9,0.0
Q8WW12,0.9407312642928958
Q8WW22;Q8WW22-2;Q8WW22-3,0.0
Q8WW43;Q8WW43-2,0.0
Q8WW59,0.6529625429335847
Q8WWA0,0.953467252351071
Q8WWA1;Q8WWA1-2,0.936289544741888
Q8WWC4,0.0
Q8WWH5,0.0
Q8WWI5,0.6236015880965727
Q8WWM7-9,0.05825867505576749
Q8WWW8;Q8WWW8-2,0.0
Q8WWY8,0.0
Q8WWZ7,0.0
Q8WWZ8,0.9905959587226608
Q8WXE0,0.9782604596116334
Q8WXE9;Q8WXE9-3,0.5449787073567058
Q8WXF7;Q8WXF7-2,0.5579139431164986
Q8WXG6-2;Q8WXG6-3,0.0
Q8WXG9,0.1471593804740091
Q8WXI4-2,0.0
Q8WXQ8,0.0
Q8WXX5,0.0
Q8WY22,0.0
Q8WYA0,0.0
Q8WYL5,0.0
Q8WYN0,0.0
Q8WZ42-12,0.8072721355282167
Q8WZ75,0.0
Q8WZ82,0.0
Q8WZA0-2,0.861760978621762
Q8WZA1,0.7228045197015224
Q8WZA9,0.0
Q92187,0.0
Q92496;Q92496-2,0.0
Q92499,0.7418412116453731
Q92506,0.0
Q92508,0.0
Q92520,0.36433225128837987
Q92521,0.0
Q92522,0.0
Q92526-2,0.0
Q92530,0.0
Q92538;Q92538-2;Q92538-3,0.7005049387049967
Q92539,0.0
Q92540,0.0
Q92542;Q92542-2,0.0
Q92544,0.0
Q92546,0.0
Q92551,0.25744942426951234
Q92552;Q92552-2,0.0
Q92556,0.7079862880150622
Q92558,0.0
Q92562,0.7375071811654281
Q92564;Q92564-3,0.0
Q92572,0.0
Q92574,0.9819293670348127
Q92575,0.3577151179904367
Q92581;Q92581-3,0.0
Q92597;Q92597-2;Q92597-3,0.0
Q92598;Q92598-2,0.5150783085407201
Q92600,0.710153721360943
Q92604,0.0
Q92608,0.6635175506157321
Q92609;Q92609-2,0.20879974614650668
Q92614;Q92614-4,0.8260987185642028
Q92615,0.0
Q92616,0.0
Q92619,0.15707044263421577
Q92621,0.0
Q92622;Q92622-3,0.0
Q92625,0.1978452574613534
Q92643,0.0
Q92665,0.0
Q92685,0.0
Q92686,0.5419393950267847
Q92688;Q92688-2,0.531696682470368
Q92692,0.8838612215994609
Q92696,0.0
Q92734;Q92734-2,0.9901887457399178
Q92736-2,0.0
Q92743,0.6339812091219725
Q92747,0.871230562433803
Q92765,0.0
Q92766-2,0.0
Q92783;Q92783-2,0.5768264244190973
Q92784-2;Q92784-3;Q92784-5,0.0
Q92796-3,0.9547934902914441
Q92804;Q92804-2,0.0
Q92805,0.0
Q92820,0.0
Q92835;Q92835-2,0.5858883849561253
Q92838;Q92838-3,0.0
Q92839,0.3417009968664634
Q92841,0.91509686014951
Q92843-2,0.0
Q92844,0.5308805706508327
Q92845;Q92845-2;Q92845-3;Q92845-4,0.0
Q92851;Q92851-2;Q92851-4;Q92851-5;Q92851-6,0.0
Q92854,0.0
Q92859;Q92859-2;Q92859-3;Q92859-4,0.0
Q92878;Q92878-2,0.0
Q92879;Q92879-2;Q92879-3;Q92879-4;Q92879-5;Q92879-6,0.0
Q92882,0.7541409476329386
Q92888-3,0.0
Q92890;Q92890-1,0.17508091114593258
Q92896-2;Q92896-3,0.7916974285514222
Q92900-2,0.7909370113597695
Q92902;Q92902-2,0.7029337530589199
Q92905,0.6168324245178002
Q92918;Q92918-2,0.0
Q92930,0.9346280854599739
Q92934,0.18382410840775926
Q92945,0.5689619441130654
Q92947,0.8375502810352891
Q92954-6,0.5107161711841494
Q92963;Q92963-3,0.9618297301464048
Q92968,0.0
Q92973;Q92973-2,0.7213256436424096
Q92974;Q92974-2;Q92974-3,0.501461526054204
Q92990,0.14415904986188366
Q92994,0.5125104467205132
Q92997;Q92997-2,0.0
Q93008;Q93008-3,0.5242121501200891
Q93009;Q93009-3,0.4793048515983912
Q93015-2,0.0
Q93034,0.0
Q93045;Q93045-2,0.0
Q93050;Q93050-1;Q93050-3,0.0
Q93052,0.9771564436870709
Q93070,0.0
Q93084,0.0
Q93084-1,0.9287271385162668
Q93084-3,0.0
Q93096,0.98607907830727
Q93099,0.0
Q93100-4,0.0
Q969E2;Q969E2-2,0.8310516878299207
Q969F9,0.0
Q969H8,0.882636754805836
Q969J3,0.0
Q969K3;Q969K3-2,0.0
Q969M1,0.0
Q969M3;Q969M3-3,0.9053379129436921
Q969M7;Q969M7-6,0.6415207620459911
Q969N2;Q969N2-5,0.0
Q969P0;Q969P0-3,0.0
Q969Q5,0.0
Q969R2;Q969R2-2,0.0
Q969S0;Q969S0-2;Q969S0-3,0.0
Q969S8;Q969S8-2,0.0
Q969T3,0.0
Q969T9,0.9851659929816556
Q969U6,0.0
Q969U7;Q969U7-2,0.0
Q969V3;Q969V3-2,0.0
Q969V6,0.5403572648277002
Q969X0,0.9495080209889815
Q969X1,0.0
Q969X5;Q969X5-2,0.8409976487547056
Q969Z0,0.0
Q96A00,0.6973423281687985
Q96A25,0.0
Q96A26,0.9177129108572337
Q96A33,0.6861993877950642
Q96A35,0.0
Q96A49,0.0
Q96A65,0.3518657778467258
Q96A73,0.0
Q96AA3,0.40634134497961877
Q96AC1;Q96AC1-3,0.382543937090166
Q96AE4;Q96AE4-2,0.5888746316041464
Q96AG3,0.5831229826666282
Q96AG4,0.536411902200141
Q96AJ9;Q96AJ9-1,0.8382962912841039
Q96AP7,0.653461043233317
Q96AQ6;Q96AQ6-2,0.45997621595215815
Q96AT9;Q96AT9-2,0.48216023731485985
Q96AX1,0.0
Q96AX2,0.9184174837439643
Q96AX9;Q96AX9-3;Q96AX9-5;Q96AX9-6,0.0
Q96AY3,0.0
Q96B23-2,0.0
Q96B26,0.0
Q96B36;Q96B36-3,0.0
Q96B45,0.0
Q96B49,0.7746320395674339
Q96B70,0.0
Q96B96;Q96B96-2,0.0
Q96B97,0.0
Q96BF3;Q96BF3-2,0.0
Q96BI1,0.6404289547447216
Q96BJ3,0.9376932093414254
Q96BM9,0.0
Q96BN8,0.0
Q96BQ5,0.9796610760175255
Q96BR1;Q96BR1-2,0.0
Q96BS2,0.6137974873802031
Q96BW1,0.0
Q96BX8,0.0
Q96BY6-3,0.7891110758875675
Q96BY7,0.0
Q96BZ4,0.0
Q96BZ9-3,0.0
Q96C01,0.483509435743642
Q96C11;Q96C11-3,0.0
Q96C19,0.8017291799880446
Q96C23,0.9007690114926873
Q96C24,0.0
Q96C36,0.0
Q96CD0,0.5841328933670333
Q96CD2,0.0
Q96CG8;Q96CG8-3,0.0
Q96CM3,0.0
Q96CM8;Q96CM8-2;Q96CM8-3,0.0
Q96CN4-2,0.8962251492702895
Q96CN7,0.8238884144019267
Q96CN9,0.9629779756790154
Q96CS3,0.5847454173464562
Q96CT7,0.0
Q96CU9;Q96CU9-2;Q96CU9-3,0.0
Q96CV9,0.16935713851789444
Q96CW1;Q96CW1-2,0.0
Q96CW5,0.700351165263347
Q96D31,0.0
Q96D46,0.20424756935124996
Q96D71;Q96D71-3;Q96D71-4,0.0
Q96D96;Q96D96-4,0.45177123573644384
Q96DA2,0.0
Q96DA6,0.0
Q96DB5,0.19637131669528446
Q96DE0,0.0
Q96DG6,0.0
Q96DH6-2,0.0
Q96DM3,0.19232572240031864
Q96DR5,0.24950432360179772
Q96DR8,0.0
Q96DT0;Q96DT0-2;Q96DT0-5,0.7928835522510387
Q96DT6,0.7072891654598608
Q96DU3;Q96DU3-2,0.0
Q96DV4,0.0
Q96DX4,0.0
Q96DZ1;Q96DZ1-3,0.0
Q96DZ9;Q96DZ9-2;Q96DZ9-3;Q96DZ9-4;Q96DZ9-5;Q96DZ9-6,0.8582317466771525
Q96E11;Q96E11-3,0.0
Q96E17,0.0
Q96E52,0.0
Q96EB1,0.0
Q96EC8,0.5616394679163572
Q96EE3;Q96EE3-1,0.25705405932861547
Q96EK5,0.0
Q96EK6,0.0
Q96EK7,0.0
Q96EM0,0.979205643869759
Q96EP0,0.7846108998454793
Q96EP5;Q96EP5-2,0.0
Q96EQ0,0.598204289274505
Q96ER9,0.0
Q96ET8-3,0.0
Q96EU7,0.0
Q96EV8;Q96EV8-2,0.0
Q96EX1,0.0
Q96EY1;Q96EY1-2,0.0
Q96EY7,0.0
Q96EY8,0.0
Q96F07-2,0.0
Q96F24;Q96F24-2,0.09610798127581975
Q96F46;Q96F46-2,0.17646706948061142
Q96F85,0.0
Q96F86,0.24365305580134194
Q96FE7;Q96FE7-5,0.0
Q96FH0,0.7826310299455523
Q96FJ2,0.0
Q96FN4,0.7092485012182727
Q96FS4,0.5080403139387923
Q96FV2-2,0.0
Q96FW1,0.0
Q96FZ7,0.772019489384975
Q96G03,0.0
Q96G23,0.0
Q96G46,0.0
Q96G97;Q96G97-4,0.0
Q96GA7,0.0
Q96GC5;Q96GC5-3,0.0
Q96GC9,0.0
Q96GD0,0.0
Q96GG9,0.0
Q96GK7,0.5931310172441111
Q96GQ5,0.2652873695987932
Q96GR2,0.0
Q96GS4,0.6324450877959521
Q96GS6;Q96GS6-2,0.6696761720269266
Q96GX9,0.0
Q96GZ6-5;Q96GZ6-6;Q96GZ6-9,0.0
Q96H20,0.1380529204182496
Q96H79,0.0
Q96HA7,0.0
Q96HC4,0.9815509576178717
Q96HC4-6,0.0
Q96HD1,0.30217414106946394
Q96HE7,0.0
Q96HF1,0.0
Q96HJ9,0.0
Q96HN2-2,0.4686559860822828
Q96HR9;Q96HR9-2,0.5709726529343472
Q96HS1,0.33228733674610544
Q96HV5,0.0
Q96HY6,0.8050031953753315
Q96I24,0.0
Q96I25,0.0
Q96I99,0.45818309416395164
Q96IG2,0.0
Q96II8,0.7594659625359859
Q96IJ6,0.45230073209888494
Q96IK0,0.0
Q96IU4,0.9820142494181922
Q96IV0,0.0
Q96IW7,0.8003544405453126
Q96IX5,0.0
Q96IY4,0.0
Q96IZ0,0.5842308561738839
Q96J02;Q96J02-2,0.0
Q96JA3,0.0
Q96JB2,0.8213743141264761
Q96JB5,0.871440165510229
Q96JC1;Q96JC1-2,0.7898905000586943
Q96JD6,0.3671270416145299
Q96JF6,0.0
Q96JG6,0.5194246946071077
Q96JG9,0.0
Q96JH7,0.0
Q96JH8;Q96JH8-1,0.0
Q96JI7,0.9902229049393104
Q96JJ3,0.6535862766389571
Q96JJ7,0.9409807305116276
Q96JQ0,0.0
Q96K12,0.0
Q96K17,0.4912969180366628
Q96K19,0.25838091765483645
Q96K21;Q96K21-2,0.6356110270934762
Q96K37,0.0
Q96K49,0.4259836979401913
Q96K76-4,0.8041883947310388
Q96KA5;Q96KA5-2,0.8103018506471129
Q96KC8,0.2564978369122911
Q96KG9;Q96KG9-2;Q96KG9-3;Q96KG9-4,0.5318909476759142
Q96KN2,0.0
Q96KP1,0.8392214642403658
Q96KP4,0.6656520360623229
Q96KR1,0.0
Q96KR7;Q96KR7-2;Q96KR7-4,0.0
Q96L08,0.06183381877116739
Q96L58,0.0
Q96L92;Q96L92-3,0.8338689161086987
Q96L96,0.9275902882775956
Q96LB3,0.0
Q96LI5,0.0
Q96LJ7,0.7383440708753579
Q96LT7,0.0
Q96LW7-2,0.9205896717595589
Q96LZ7,0.8799228705957063
Q96M27,0.7771183095468813
Q96M96,0.047933403064405744
Q96ME1;Q96ME1-1;Q96ME1-2;Q96ME1-5,0.0
Q96MH2,0.0
Q96MH6,0.0
Q96MI6-3,0.0
Q96MK2,0.943786710835045
Q96MW1,0.0
Q96MW5,0.6917831063599854
Q96MX0;Q96MX0-2,0.1324923315267391
Q96MX6,0.0
Q96MY7;Q96MY7-2,0.0
Q96N21-2,0.0
Q96N66;Q96N66-2,0.7987045046679528
Q96N67;Q96N67-2;Q96N67-3;Q96N67-4;Q96N67-5;Q96N67-6,0.670151461437879
Q96NA2,0.0
Q96NB2,0.0
Q96NT0,0.0
Q96NT1,0.5063868959767394
Q96NW4,0.773812826304447
Q96NW7;Q96NW7-2,0.0
Q96NZ9,0.0
Q96P48;Q96P48-3,0.9314814660073287
Q96P53,0.27193111215227717
Q96P63-2,0.0
Q96P70,0.0
Q96PB7;Q96PB7-3;Q96PB7-5,0.0
Q96PC5,0.9144024382501831
Q96PD5,0.5834008045548456
Q96PE3;Q96PE3-2;Q96PE3-3,0.6923183620601897
Q96PK6,0.0
Q96PL1,0.32381333184969313
Q96PL5,0.5351756502944135
Q96PM5;Q96PM5-6;Q96PM5-7,0.0
Q96PM9;Q96PM9-3,0.5796039769545668
Q96PP9,0.13584284479406514
Q96PQ7;Q96PQ7-5;Q96PQ7-6,0.0
Q96PU5;Q96PU5-2;Q96PU5-3;Q96PU5-5;Q96PU5-6;Q96PU5-7,0.0
Q96PU8;Q96PU8-3;Q96PU8-5;Q96PU8-6;Q96PU8-8;Q96PU8-9,0.0
Q96PY6;Q96PY6-2;Q96PY6-3;Q96PY6-6,0.3013882611283113
Q96Q05;Q96Q05-2;Q96Q05-3,0.842616732237634
Q96Q06,0.7408942254560883
Q96Q11;Q96Q11-2,0.8208145490152141
Q96Q15;Q96Q15-2,0.0
Q96Q42,0.0
Q96QA5,0.0
Q96QF0;Q96QF0-2,0.0
Q96QG7,0.740957232159597
Q96QH2,0.0
Q96QK1,0.9405679697741197
Q96QR1,0.0
Q96QR8,0.5305369446968093
Q96QS1;Q96QS1-2,0.8276797766915757
Q96QT4,0.0
Q96QU8,0.0
Q96RD7,0.0
Q96RF0-2,0.7271164287175148
Q96RG2,0.5178296107766888
Q96RI0,0.0
Q96RL7,0.40814287533929433
Q96RL7-4,0.0
Q96RP9;Q96RP9-2,0.0
Q96RQ1,0.0
Q96RR4-7,0.06852578826068322
Q96RS6,0.8057866038649812
Q96RT1;Q96RT1-2;Q96RT1-3;Q96RT1-4;Q96RT1-5;Q96RT1-6;Q96RT1-7;Q96RT1-8,0.0
Q96RT7;Q96RT7-3,0.0
Q96RT8;Q96RT8-2,0.0
Q96S06,0.0
Q96S15,0.0
Q96S19,0.0
Q96S38;Q96S38-2,0.0
Q96S44,0.0
Q96S52-2,0.0
Q96S53;Q96S53-2;Q96S53-3,0.0
Q96S59,0.0
Q96S66,0.35516126223700306
Q96S82,0.0
Q96S97,0.0
Q96S99,0.4957381654628711
Q96SB3,0.8930954602860515
Q96SL4,0.7164967484337993
Q96SM3,0.588325172309581
Q96SU4;Q96SU4-2;Q96SU4-6;Q96SU4-7,0.4623168213388048
Q96SW2;Q96SW2-2,0.846689375766365
Q96SZ5,0.43860531093477945
Q96T17-2,0.0
Q96T51,0.0
Q96T60,0.0
Q96T66;Q96T66-2,0.23372478658496587
Q96T76;Q96T76-8,0.5183550533393587
Q96TA1,0.0
Q96TA2,0.0
Q96TC7,0.4690256012450318
Q99062-2,0.0
Q99417,0.0
Q99418;Q99418-2,0.32699991474710516
Q99426,0.45790002938717367
Q99436,0.0
Q99439,0.8448878675348566
Q99442,0.0
Q99447;Q99447-3,0.028455969833206154
Q99459,0.0
Q99460,0.0
Q99470,0.8560684606521242
Q99471,0.0
Q99487,0.0
Q99489;Q99489-2;Q99489-3;Q99489-4,0.0
Q99490-2,0.6968732378935346
Q99497,0.9794930364941523
Q99501,0.7142637658450882
Q99518,0.0
Q99519,0.0
Q99523,0.4755986542429271
Q99536,0.6407616482822637
Q99542,0.7919177434984405
Q99543;Q99543-2,0.0
Q99567,0.0
Q99569;Q99569-2,0.0
Q99570,0.0
Q99574,0.0
Q99576-3,0.0
Q99598,0.8767699074773125
Q99611,0.0
Q99613;Q99613-2,0.0
Q99614,0.028277230956514982
Q99615,0.8558579486982499
Q99623,0.16649140280162483
Q99627,0.0
Q99653,0.5471304152161184
Q99683,0.9214198647981676
Q99685,0.6821365726329215
Q99698,0.0
Q99700;Q99700-4,0.0
Q99704,0.12065119012939556
Q99707,0.0
Q99714,0.9260727797470598
Q99715;Q99715-4,0.3059255246328595
Q99717,0.0
Q99719,0.5871342265054451
Q99719-2,0.39276684350864166
Q99728;Q99728-2,0.0
Q99729-2;Q99729-3,0.0
Q99733;Q99733-2,0.0
Q99735,0.40169989189044597
Q99747,0.0
Q99755;Q99755-2;Q99755-3;Q99755-4,0.0
Q99758,0.349484010869749
Q99766,0.0
Q99767;Q99767-2,0.0
Q99784,0.0
Q99798,0.0
Q99805,0.3440630097656038
Q99816,0.8379545736746895
Q99828,0.2520849493602869
Q99829,0.07710236834345555
Q99832,0.7785973354395368
Q99836;Q99836-5;Q99836-6,0.6081868912892613
Q99873;Q99873-2;Q99873-3,0.34320099038134905
Q99933;Q99933-3;Q99933-4,0.0
Q99941;Q99941-2,0.0
Q99943,0.3852809707627667
Q99952,0.6642006010482597
Q99959-2,0.840167065795828
Q99961,0.8995308956049274
Q99969,0.38043500038024997
Q99972,0.0
Q99996;Q99996-1;Q99996-3;Q99996-5;Q99996-6,0.7136085426222377
Q99999,0.5294200475819412
Q9BPW8,0.0
Q9BPX3,0.0
Q9BPX5,0.15248192005239217
Q9BPX6;Q9BPX6-3,0.0
Q9BPX7,0.8691205067635099
Q9BPZ3,0.7280532695984412
Q9BPZ7;Q9BPZ7-3,0.0
Q9BQ24;Q9BQ24-2,0.0
Q9BQ48,0.0
Q9BQ70,0.0
Q9BQ89,0.0
Q9BQA1,0.7815625338066465
Q9BQA9;Q9BQA9-2,0.8592736790544271
Q9BQB6,0.0
Q9BQC6,0.0
Q9BQD3,0.0
Q9BQE3,0.9530923697463533
Q9BQE4,0.6162224260710996
Q9BQG2;Q9BQG2-2,0.9368401072544145
Q9BQI4,0.0
Q9BQL6,0.0
Q9BQP7,0.0
Q9BQQ3,0.632150057710001
Q9BQS8;Q9BQS8-4,0.6245546220474142
Q9BR61,0.0
Q9BR76,0.5562130608383804
Q9BRA2,0.15556683522148276
Q9BRB3-2,0.0
Q9BRF8,0.5391832678855604
Q9BRG1,0.895054161810957
Q9BRJ2,0.0
Q9BRJ7,0.38945559363076204
Q9BRK5,0.0
Q9BRP1,0.0
Q9BRP4,0.0
Q9BRP8,0.0
Q9BRR6;Q9BRR6-2,0.0
Q9BRR9;Q9BRR9-3,0.1389860190247826
Q9BRV8;Q9BRV8-2,0.3784411115084123
Q9BRX2,0.8034187030565944
Q9BRZ2,0.0
Q9BS18,0.0
Q9BS26,0.0
Q9BS40,0.30927988899059583
Q9BS91,0.0
Q9BSD7,0.0
Q9BSF0,0.8740280265101746
Q9BSF4,0.0
Q9BSH5,0.3170916245650337
Q9BSJ2;Q9BSJ2-4,0.0
Q9BSJ8,0.9795152351145693
Q9BSJ8-2,0.6887409864740417
Q9BSL1,0.35032451158064826
Q9BSQ5;Q9BSQ5-3,0.5138762834159558
Q9BSR8,0.45285920487520415
Q9BSU1,0.1118367966955127
Q9BSW2,0.0
Q9BT09,0.0
Q9BT22,0.0
Q9BT23,0.3384051743314166
Q9BT25;Q9BT25-2;Q9BT25-3,0.0
Q9BT40;Q9BT40-2,0.5384110943871496
Q9BT78,0.8559008490199467
Q9BTC0,0.0
Q9BTE1,0.6556952254146291
Q9BTU6,0.761220218386485
Q9BTV4,0.7945020991720306
Q9BTW9;Q9BTW9-4,0.6562492791640959
Q9BTY2,0.7817539597638969
Q9BTY7,0.0
Q9BTZ2,0.0
Q9BU02,0.0
Q9BU23-2,0.7245170918898842
Q9BUB5;Q9BUB5-2,0.0
Q9BUB7;Q9BUB7-3,0.0
Q9BUD6,0.0
Q9BUF5,0.32043912807565184
Q9BUH6,0.31654707177098745
Q9BUJ2;Q9BUJ2-2;Q9BUJ2-4,0.0
Q9BUK6;Q9BUK6-2;Q9BUK6-3;Q9BUK6-7,0.0
Q9BUL8,0.653003310828583
Q9BUN1,0.0
Q9BUN5,0.0
Q9BUN8;Q9BUN8-2,0.0
Q9BUP3,0.5499884318253059
Q9BUQ8,0.0
Q9BUR5;Q9BUR5-2,0.946894075747363
Q9BV10,0.0
Q9BV19,0.0
Q9BV20,0.7725137991764678
Q9BV35-2,0.0
Q9BV40,0.559392864117593
Q9BV44,0.3308835877459175
Q9BV68,0.42214563477108813
Q9BV73;Q9BV73-2,0.0
Q9BV79,0.0
Q9BV81,0.36432070783871867
Q9BVA0,0.2849307281992491
Q9BVC4,0.0
Q9BVC6,0.856338903840768
Q9BVG4,0.3505348379827658
Q9BVG8;Q9BVG8-2;Q9BVG8-6,0.0
Q9BVG9,0.8875150156005139
Q9BVJ6,0.0
Q9BVJ7,0.795600376553836
Q9BVK6,0.008502005192104482
Q9BVL2;Q9BVL2-2;Q9BVL2-3,0.0
Q9BVL4,0.0
Q9BVM4,0.0
Q9BVQ7,0.0
Q9BVT8,0.8415880613978147
Q9BVV7,0.0
Q9BW04,0.0
Q9BW27;Q9BW27-3,0.0
Q9BW60;Q9BW60-2,0.0
Q9BW62,0.0
Q9BW83,0.6811093207402276
Q9BW91;Q9BW91-2,0.0
Q9BW92,0.0
Q9BWD1,0.9098086920133831
Q9BWF3,0.0
Q9BWH2,0.0
Q9BWH6,0.0
Q9BWL3,0.0
Q9BWM7,0.7624619724548206
Q9BWP8;Q9BWP8-10;Q9BWP8-2;Q9BWP8-4;Q9BWP8-6;Q9BWP8-9,0.6326374770457726
Q9BWQ6,0.0
Q9BWS9,0.7563224218825169
Q9BX10,0.9374480716187199
Q9BX59,0.0
Q9BX67,0.10813711531192635
Q9BX68,0.3731071596638812
Q9BX69,0.0
Q9BX70,0.0
Q9BX95,0.0
Q9BXA5,0.0
Q9BXA6,0.0
Q9BXB4,0.0
Q9BXD5,0.44646511666698785
Q9BXJ8;Q9BXJ8-2,0.0
Q9BXJ9,0.5729373032630454
Q9BXK5,0.0
Q9BXN1,0.8769341285310541
Q9BXP2,0.0
Q9BXR6,0.0
Q9BXS5;Q9BXS5-2,0.3407794657601435
Q9BXW6,0.8603903226876856
Q9BXX0,0.0
Q9BY32,0.0
Q9BY43-2,0.8097186545807565
Q9BY44,0.0
Q9BY50,0.0
Q9BY76,0.33097960307388746
Q9BYB0,0.0
Q9BYC5,0.0
Q9BYC9,0.0
Q9BYD1,0.0
Q9BYD2,0.0
Q9BYD3-2,0.0
Q9BYE9,0.0
Q9BYI3,0.0
Q9BYJ0,0.0
Q9BYJ9,0.0
Q9BYM8,0.0
Q9BYN8,0.0
Q9BYT3;Q9BYT3-2,0.0
Q9BYV8,0.4089632121618624
Q9BYX7,0.0
Q9BYZ2,0.0
Q9BZ23;Q9BZ23-3;Q9BZ23-4,0.0
Q9BZ29;Q9BZ29-3,0.0
Q9BZ67;Q9BZ67-2,0.9430648282486102
Q9BZ72,0.6025423188353054
Q9BZE9;Q9BZE9-2,0.8865429458809827
Q9BZF1,0.0
Q9BZF3-3;Q9BZF3-5,0.0
Q9BZF9;Q9BZF9-2,0.7813644065599944
Q9BZG1,0.3077257973043466
Q9BZH6,0.7153279762542967
Q9BZI7;Q9BZI7-2,0.0
Q9BZK7,0.0
Q9BZL4,0.0
Q9BZL4-3,0.8789717634250853
Q9BZL6;Q9BZL6-3,0.8932364045844431
Q9BZQ8,0.2713144597146986
Q9BZV1,0.5835687819782268
Q9BZW5,0.0
Q9BZW8-2;Q9BZW8-3,0.0
Q9BZZ5;Q9BZZ5-1;Q9BZZ5-2,0.0
Q9C005,0.0
Q9C026;Q9C026-4,0.0
Q9C035,0.0
Q9C037;Q9C037-2,0.6754943929825374
Q9C075,0.0
Q9C091-3,0.0
Q9C098,0.5418535199539813
Q9C0A6,0.0
Q9C0B0,0.0
Q9C0B5;Q9C0B5-2,0.0
Q9C0C9,0.0
Q9C0D3,0.0
Q9C0D7;Q9C0D7-2,0.2856259413774366
Q9C0D9,0.0
Q9C0E2,0.9820277398469756
Q9C0E8;Q9C0E8-2,0.8530289627971123
Q9C0F1,0.8902735143619417
Q9C0H2;Q9C0H2-2,0.7518332230760723
Q9C0I1,0.0
Q9C0I3,0.5376079325913887
Q9GZM5,0.9605395654333548
Q9GZN7,0.0
Q9GZN8;Q9GZN8-2,0.8761427873593861
Q9GZP0;Q9GZP0-2,0.0
Q9GZP4;Q9GZP4-2,0.3070378874699311
Q9GZP8,0.5244314380667525
Q9GZP9,0.27027512210778315
Q9GZQ3,0.0
Q9GZS3,0.5543188942709022
Q9GZT3;Q9GZT3-2,0.7002092676553496
Q9GZT6;Q9GZT6-2;Q9GZT6-3,0.0
Q9GZT8;Q9GZT8-2;Q9GZT8-3,0.5638432857468916
Q9GZU7,0.9763541447991485
Q9GZU7-2,0.8142981572393249
Q9GZX9,0.0
Q9GZY6,0.0
Q9GZY8-2,0.8092085814800698
Q9GZY8-5,0.0
Q9GZZ1,0.6475703866907694
Q9GZZ8,0.0
Q9GZZ9,0.4666297632816835
Q9H000,0.0
Q9H008;Q9H008-2,0.0
Q9H019;Q9H019-3,0.0
Q9H061,0.0
Q9H074,0.4208095175514775
Q9H078-2,0.0
Q9H079,0.0
Q9H082,0.0
Q9H098;Q9H098-2,0.0
Q9H0A8,0.0
Q9H0B8,0.0
Q9H0E2,0.0
Q9H0F6,0.0
Q9H0I9,0.0
Q9H0J9,0.0
Q9H0M0,0.0
Q9H0P0,0.0
Q9H0P0-1,0.6203321420552297
Q9H0R3,0.0
Q9H0R4,0.0
Q9H0U3,0.0
Q9H0U4,0.0
Q9H0U6,0.0
Q9H0V1;Q9H0V1-2,0.0
Q9H0V9;Q9H0V9-2,0.09773866696081845
Q9H0W8,0.0
Q9H0W9;Q9H0W9-2,0.0
Q9H0X4,0.0
Q9H0Z9,0.8005543758503569
Q9H115,0.0
Q9H173,0.9906706104463839
Q9H1A4,0.0
Q9H1B5,0.0
Q9H1E1,0.0
Q9H1E3;Q9H1E3-2,0.0
Q9H1E5,0.8605206132564679
Q9H1H9;Q9H1H9-2;Q9H1H9-3;Q9H1H9-4,0.0
Q9H1I8,0.460099185120302
Q9H1K0,0.7762714694171227
Q9H1P3;Q9H1P3-2,0.3732894911763298
Q9H1R2-3,0.0
Q9H1X3;Q9H1X3-2,0.0
Q9H1Y0,0.0
Q9H1Z4,0.0
Q9H223,0.9770689169384282
Q9H244,0.46422950688084363
Q9H251;Q9H251-2;Q9H251-3;Q9H251-8,0.0
Q9H254,0.0
Q9H257-2,0.16745499657164822
Q9H267,0.6152107712931554
Q9H269,0.7081522375951104
Q9H270,0.0
Q9H299,0.7155324418228081
Q9H2C0,0.0
Q9H2C2,0.0
Q9H2D6-5,0.0
Q9H2G2;Q9H2G2-2,0.8572573126223597
Q9H2H8,0.0
Q9H2I8,0.3872021499493948
Q9H2J4,0.5553118802224939
Q9H2K8,0.0
Q9H2M9,0.8986951617728012
Q9H2P9;Q9H2P9-2;Q9H2P9-5;Q9H2P9-6,0.0
Q9H2U1;Q9H2U1-2,0.5722006626993397
Q9H2U2-2,0.9049619516485374
Q9H2U9,0.0
Q9H2W6,0.0
Q9H300,0.0
Q9H305;Q9H305-2;Q9H305-3,0.0
Q9H330,0.0
Q9H336,0.0
Q9H3F6,0.0
Q9H3G5,0.0
Q9H3H3;Q9H3H3-1;Q9H3H3-3,0.25280141998589845
Q9H3H5;Q9H3H5-2,0.4729261364233672
Q9H3K2,0.0
Q9H3K6,0.7471406941294962
Q9H3N1,0.0
Q9H3P7,0.71284856479925
Q9H3S7,0.0
Q9H3U1-2,0.9504134496890413
Q9H3U5,0.8831799292215411
Q9H3Z4;Q9H3Z4-2,0.0
Q9H425,0.5441927646379038
Q9H444,0.9078281066456931
Q9H446;Q9H446-2,0.0
Q9H469,0.0
Q9H479,0.0
Q9H488,0.0
Q9H492;Q9H492-2,0.17876236497466727
Q9H497,0.8198409681218535
Q9H4A3;Q9H4A3-2;Q9H4A3-5;Q9H4A3-6;Q9H4A3-7,0.9134675480027132
Q9H4A4,0.6775586973046744
Q9H4A5,0.45873193541087876
Q9H4A6,0.39823979867559844
Q9H4A9,0.0
Q9H4B6,0.0
Q9H4B7,0.9332332246804035
Q9H4E7,0.12913802520927842
Q9H4G4,0.0
Q9H4I3,0.34824649040637445
Q9H4I9,0.8202847825658269
Q9H4L5-2,0.0
Q9H4M9,0.793468614929523
Q9H4X1;Q9H4X1-2,0.0
Q9H4Y5;Q9H4Y5-2;Q9H4Y5-3,0.0
Q9H553,0.0
Q9H5I5-2,0.0
Q9H5K3,0.0
Q9H5N1;Q9H5N1-2,0.6043393344456698
Q9H5P4,0.0
Q9H5X1,0.856551922728361
Q9H611;Q9H611-3,0.0
Q9H6A0;Q9H6A0-2,0.0
Q9H6A9,0.0
Q9H6D7,0.0
Q9H6E4,0.0
Q9H6F5,0.0
Q9H6H4,0.14407438643890183
Q9H6K4,0.0
Q9H6Q3,0.9370847344647033
Q9H6Q4,0.0
Q9H6R0,0.0
Q9H6R6;Q9H6R6-2,0.0
Q9H6S0,0.7413052945087297
Q9H6S1;Q9H6S1-3;Q9H6S1-4;Q9H6S1-5,0.0
Q9H6T3;Q9H6T3-2,0.4191115282192272
Q9H6U6;Q9H6U6-2,0.5915985256401183
Q9H6U8;Q9H6U8-3,0.0
Q9H6V9;Q9H6V9-2,0.0
Q9H6X2;Q9H6X2-5,0.0
Q9H6Z4;Q9H6Z4-2;Q9H6Z4-3,0.0
Q9H773,0.0
Q9H7B4,0.0
Q9H7C9,0.6152476932135847
Q9H7D0,0.7680198083497902
Q9H7D7-2,0.0
Q9H7E2-3,0.0
Q9H7J1,0.0
Q9H7M9,0.6901124023501912
Q9H7P9,0.0
Q9H7Z7,0.7937373300155173
Q9H813;Q9H813-2,0.9663283407500884
Q9H832,0.7856975819157862
Q9H845,0.0
Q9H853,0.893648472536839
Q9H871,0.40309578635468446
Q9H8H3,0.0
Q9H8L6,0.9304065797396512
Q9H8M2,0.0
Q9H8M7,0.6043185992619314
Q9H8W4,0.0
Q9H8Y8;Q9H8Y8-2;Q9H8Y8-3,0.7564718654994378
Q9H900;Q9H900-2,0.0
Q9H910;Q9H910-3,0.21587930440893977
Q9H920,0.0
Q9H936,0.0
Q9H939,0.0
Q9H993,0.5983867595418589
Q9H9A5;Q9H9A5-6,0.5845949536868631
Q9H9A6,0.0
Q9H9B4,0.7566499541688296
Q9H9C1,0.4144482367298704
Q9H9E3,0.0
Q9H9G7,0.0
Q9H9H4,0.8882505744087895
Q9H9P8,0.660742945088488
Q9H9Q2,0.0
Q9H9Q4;Q9H9Q4-2,0.0
Q9H9S4,0.0
Q9H9T3-4,0.873581660114406
Q9H9T3;Q9H9T3-2,0.0
Q9HA47,0.0
Q9HA64,0.0
Q9HA65;Q9HA65-3,0.0
Q9HA77,0.0
Q9HAB3,0.0
Q9HAB8,0.9341003639370398
Q9HAD4,0.4004825254721767
Q9HAP2,0.0
Q9HAS0,0.0
Q9HAT2,0.0
Q9HAU0;Q9HAU0-2;Q9HAU0-4;Q9HAU0-6,0.0
Q9HAU5,0.0
Q9HAV0,0.0
Q9HAV4,0.0
Q9HAV7,0.0
Q9HB07,0.8042107382361265
Q9HB19,0.0
Q9HB40,0.0
Q9HB71,0.31534872161435473
Q9HB90,0.0
Q9HBB8;Q9HBB8-2;Q9HBB8-4,0.14356492077044627
Q9HBE5,0.5535588883941336
Q9HBF4;Q9HBF4-3,0.6662696914402978
Q9HBH0,0.0
Q9HBH5,0.0
Q9HBI0,0.9920382100206903
Q9HBI1,0.0
Q9HBI1-3,0.9434344263170279
Q9HBL0,0.9368892987575976
Q9HBL7,0.8059197595945089
Q9HBM0,0.0
Q9HBR0,0.0
Q9HBW9,0.0
Q9HC07,0.0
Q9HC16,0.9061218307457263
Q9HC35,0.8895675206334975
Q9HC38;Q9HC38-2,0.9499903030090191
Q9HC56;Q9HC56-2,0.0
Q9HC84,0.0
Q9HCC0,0.9649519272455064
Q9HCE0,0.0
Q9HCE1,0.8904246311736659
Q9HCG7,0.0
Q9HCH0,0.0
Q9HCJ3;Q9HCJ3-2,0.0
Q9HCL0;Q9HCL0-2,0.0
Q9HCM2,0.0
Q9HCN6;Q9HCN6-2,0.9149540757326844
Q9HCN8,0.0
Q9HCP0;Q9HCP0-2,0.0
Q9HCU0,0.8045555827354584
Q9HCU5,0.48542929423483394
Q9HD15,0.2756111174204813
Q9HD20,0.31883217724315616
Q9HD26;Q9HD26-2,0.0
Q9HD33;Q9HD33-2,0.0
Q9HD34,0.0
Q9HD40,0.0
Q9HD42,0.0
Q9HD45,0.0
Q9HDC9,0.8855093730555452
Q9NNX6;Q9NNX6-2;Q9NNX6-6,0.0
Q9NP55;Q9NP55-2,0.0
Q9NP58-4,0.8166307025221454
Q9NP59,0.0
Q9NP61,0.504006678110145
Q9NP72,0.9114685888996235
Q9NP73,0.0
Q9NP78;Q9NP78-2;Q9NP78-3;Q9NP78-5;Q9NP78-6,0.8785727709201306
Q9NP79,0.0
Q9NP80,0.0
Q9NP81,0.0
Q9NP90,0.0
Q9NP97,0.0005017225414720788
Q9NPA0,0.0
Q9NPA2,0.43001347664868766
Q9NPB8,0.3912633771236458
Q9NPD3,0.0
Q9NPF2;Q9NPF2-2,0.6637952077973044
Q9NPF4,0.9178895727499216
Q9NPG3;Q9NPG3-2,0.0
Q9NPG4,0.0
Q9NPH0,0.0
Q9NPH2,0.0
Q9NPH3,0.6622641009599528
Q9NPI6;Q9NPI6-2,0.0
Q9NPJ3,0.5104377771115304
Q9NPQ8;Q9NPQ8-4,0.0
Q9NPR2;Q9NPR2-2,0.0
Q9NPR9,0.0
Q9NPY3,0.0
Q9NQ11;Q9NQ11-3,0.8890180001433787
Q9NQ34;Q9NQ34-2,0.005629851517002894
Q9NQ38;Q9NQ38-3,0.0
Q9NQ48;Q9NQ48-2,0.0
Q9NQ50,0.0
Q9NQ75,0.8381475684659005
Q9NQ79-2,0.0
Q9NQ89,0.2639514878097421
Q9NQ94-6,0.0
Q9NQC3-2,0.0
Q9NQC3-3,0.0
Q9NQC3-5,0.0
Q9NQC7;Q9NQC7-2,0.7849979550644758
Q9NQE9,0.0
Q9NQG6,0.0
Q9NQG7-3;Q9NQG7-4,0.7860264805857797
Q9NQH7;Q9NQH7-2;Q9NQH7-4,0.0
Q9NQP4,0.0
Q9NQR4,0.6241155995683447
Q9NQS1,0.0
Q9NQT8,0.0
Q9NQW7-3,0.7450273186151377
Q9NQX3;Q9NQX3-2,0.0
Q9NR09,0.5688346863826973
Q9NR12,0.813496786873206
Q9NR12-2,0.8058071533910648
Q9NR19;Q9NR19-2,0.0
Q9NR28;Q9NR28-2,0.0
Q9NR31,0.7330130408160948
Q9NR34,0.0
Q9NR45,0.0
Q9NR46,0.7336788437724763
Q9NR50,0.0
Q9NR56;Q9NR56-2;Q9NR56-5;Q9NR56-6;Q9NR56-7,0.5873492188951831
Q9NR77,0.0
Q9NR81,0.0
Q9NR96-4,0.0
Q9NRA1,0.809491136548113
Q9NRA2,0.0
Q9NRA8;Q9NRA8-3,0.5264756519740732
Q9NRB3,0.0
Q9NRD5,0.18339872555623873
Q9NRF8,0.822599201255323
Q9NRG1,0.8135129474510304
Q9NRG7,0.0
Q9NRG9,0.0
Q9NRH2,0.0
Q9NRK6,0.0
Q9NRL3;Q9NRL3-3,0.930931083794654
Q9NRN5,0.0
Q9NRN7,0.9855100025325381
Q9NRP0,0.10450226659142728
Q9NRP2,0.0
Q9NRQ2,0.0
Q9NRR3,0.5395859603787189
Q9NRR5,0.0
Q9NRS6,0.0
Q9NRV9,0.14450388306781456
Q9NRW1,0.5896116703820721
Q9NRW3,0.0
Q9NRW4,0.0
Q9NRW7,0.693741796784926
Q9NRX2,0.0
Q9NRX6,0.4584366004575001
Q9NRY4,0.0
Q9NRY5,0.0
Q9NRY6,0.0
Q9NRZ5,0.0
Q9NRZ7,0.9635385842364714
Q9NS00,0.0
Q9NS28,0.864862995411927
Q9NS69,0.0
Q9NS86,0.0
Q9NSB2,0.0
Q9NSB8;Q9NSB8-2,0.39855168301467936
Q9NSD9,0.7885070458652085
Q9NSE4,0.9310802549264842
Q9NSK0-3,0.948113837671486
Q9NSK7-3;Q9NSK7-4,0.0
Q9NSU2;Q9NSU2-1;Q9NSU2-2,0.0
Q9NSY0,0.0
Q9NSY1,0.0
Q9NT62,0.0
Q9NTG7;Q9NTG7-2,0.0
Q9NTJ3,0.0
Q9NTJ4;Q9NTJ4-2;Q9NTJ4-4,0.7401015010011817
Q9NTJ5,0.0
Q9NTK5,0.9112436278176759
Q9NTK5-2,0.0
Q9NTX5,0.6699247460778439
Q9NTZ6,0.0
Q9NUB1;Q9NUB1-2,0.0
Q9NUD5,0.0
Q9NUI1,0.8819464232443046
Q9NUJ1,0.0
Q9NUJ3,0.9288610268133748
Q9NUL3;Q9NUL3-2;Q9NUL3-3;Q9NUL3-6;Q9NUL3-7;Q9NUL3-8,0.0
Q9NUL5;Q9NUL5-3;Q9NUL5-4,0.0
Q9NUP1,0.0
Q9NUP9,0.0
Q9NUQ2,0.8727226096815721
Q9NUQ7,0.6323293545476842
Q9NUQ8,0.0
Q9NUQ9,0.14292244189245898
Q9NUS5,0.8091494413701649
Q9NUT2;Q9NUT2-2,0.0
Q9NUU7,0.6539081684939784
Q9NUY8,0.0
Q9NV70-2,0.0
Q9NV96;Q9NV96-2,0.0
Q9NVA1;Q9NVA1-4,0.0
Q9NVA2,0.5397715431664101
Q9NVE7,0.880621909208194
Q9NVG8,0.0
Q9NVH0,0.0
Q9NVH1,0.6766279364008165
Q9NVH2;Q9NVH2-2;Q9NVH2-3,0.9559002209292735
Q9NVI7-2,0.829382897730613
Q9NVJ2,0.9690373576838471
Q9NVK5-2,0.5744949313755422
Q9NVM1,0.0
Q9NVR0,0.0
Q9NVS9;Q9NVS9-3,0.6329543635238941
Q9NVT9,0.0
Q9NVX0,0.0
Q9NVZ3,0.0
Q9NW15,0.8642730726505057
Q9NW61,0.0
Q9NW64;Q9NW64-2,0.0
Q9NW68,0.0
Q9NWQ8,0.2578833696193591
Q9NWS0,0.0
Q9NWS8,0.0
Q9NWT6,0.7791013540732175
Q9NWU2,0.0
Q9NWU5,0.0
Q9NWV4,0.6817590214476946
Q9NWV8,0.5449522711485745
Q9NWW5,0.0
Q9NWW6,0.0
Q9NWX6,0.0
Q9NWZ3,0.0
Q9NWZ5,0.5792327444456747
Q9NX00,0.0
Q9NX08,0.8662667806233841
Q9NX14;Q9NX14-2,0.8492471515480278
Q9NX40,0.931598307565796
Q9NX46,0.0
Q9NX47,0.0
Q9NX57,0.0
Q9NX62,0.25304679060635293
Q9NX63,0.4037331477395987
Q9NX76,0.0
Q9NXA8-4,0.0
Q9NXC2,0.0
Q9NXC5,0.38580681948550516
Q9NXD2,0.0
Q9NXG0,0.0
Q9NXG2,0.0
Q9NXH8,0.8767701162462929
Q9NXL6,0.9638095458680663
Q9NXN4;Q9NXN4-2,0.0
Q9NXR1;Q9NXR1-1,0.4877935875860704
Q9NXR5;Q9NXR5-2,0.0
Q9NXR7,0.0
Q9NXS2,0.0
Q9NXU5,0.0
Q9NXW2,0.0
Q9NXW9,0.0
Q9NY12,0.0
Q9NY15,0.8044323861226225
Q9NY33,0.8161387390514894
Q9NY65,0.9811983179436063
Q9NY97;Q9NY97-2,0.7671837149982922
Q9NYA1-2,0.8323230752651464
Q9NYB0,0.0
Q9NYB9;Q9NYB9-2;Q9NYB9-4,0.0
Q9NYC9;Q9NYC9-2,0.0
Q9NYG2;Q9NYG2-2,0.0
Q9NYI0;Q9NYI0-2,0.0
Q9NYJ8,0.6304449699310425
Q9NYK5;Q9NYK5-2,0.0
Q9NYL4;Q9NYL4-2,0.0
Q9NYL9,0.9489692248279343
Q9NYM9,0.0
Q9NYQ8,0.0
Q9NYR9;Q9NYR9-2,0.44412472743916237
Q9NYU2;Q9NYU2-2,0.0
Q9NZ01,0.0
Q9NZ08;Q9NZ08-2,0.9636389739514037
Q9NZ09;Q9NZ09-2,0.5514865960408708
Q9NZ32,0.7952368032938839
Q9NZ43,0.0
Q9NZ52,0.0
Q9NZB2;Q9NZB2-6,0.8137520491728217
Q9NZC3,0.36343030405060733
Q9NZC7,0.8481930375901618
Q9NZD2,0.8281958822286896
Q9NZD4,0.0
Q9NZD8,0.0
Q9NZE8,0.0
Q9NZG7,0.4100673123083627
Q9NZI7,0.0
Q9NZJ4,0.0
Q9NZJ5,0.0
Q9NZJ7;Q9NZJ7-2,0.1285683525787307
Q9NZJ9,0.0
Q9NZK5,0.0
Q9NZL4;Q9NZL4-3,0.0
Q9NZL9,0.6431539826122527
Q9NZM3;Q9NZM3-2,0.4562626125431112
Q9NZN3,0.0
Q9NZN5-2,0.8415895843135374
Q9NZN8,0.0
Q9NZP8,0.0
Q9NZQ3;Q9NZQ3-3,0.0
Q9NZQ7,0.7791247879677041
Q9NZT1,0.4427504032826324
Q9NZT2;Q9NZT2-2,0.0
Q9NZV5;Q9NZV5-2,0.0
Q9NZZ3,0.0
Q9P000,0.0
Q9P003,0.7814896624839034
Q9P015,0.0
Q9P035,0.006738441943583449
Q9P0I2,0.48467668989982615
Q9P0J0,0.0
Q9P0J1;Q9P0J1-2,0.0
Q9P0J7,0.0
Q9P0L0,0.0
Q9P0N8,0.0
Q9P0N9-2,0.0
Q9P0R6,0.6612417910832987
Q9P0S3,0.0
Q9P0S9,0.0
Q9P0T7,0.1663837545212133
Q9P0U1,0.0
Q9P107,0.5715691334533073
Q9P126;Q9P126-2,0.814970001462916
Q9P1F3,0.0
Q9P1Q0;Q9P1Q0-2;Q9P1Q0-4,0.0
Q9P1U1;Q9P1U1-2,0.0
Q9P1Z2;Q9P1Z2-2;Q9P1Z2-3,0.9832684128891463
Q9P219,0.0
Q9P227,0.0
Q9P232,0.0
Q9P253,0.8880658964346236
Q9P258,0.0
Q9P260,0.0
Q9P260-2,0.0
Q9P265,0.0
Q9P266,0.3861216699145196
Q9P270,0.8637357128044759
Q9P289,0.0
Q9P299,0.0
Q9P2D0,0.0
Q9P2D3,0.5855310905434157
Q9P2D6-2;Q9P2D6-3,0.09349861052393903
Q9P2E3,0.0
Q9P2E5,0.7093866144346345
Q9P2E9,0.07228322200505691
Q9P2G1,0.0
Q9P2J5,0.0
Q9P2K6,0.0
Q9P2K8;Q9P2K8-2,0.0
Q9P2M4,0.0
Q9P2R3;Q9P2R3-2;Q9P2R3-4,0.06642708662154548
Q9P2R7;Q9P2R7-2,0.0
Q9P2S5,0.0
Q9P2T1,0.8213333666982057
Q9P2W9,0.0
Q9P2X0;Q9P2X0-2,0.052876170019653064
Q9P2X3,0.0
Q9P2Y5,0.0
Q9UBB4,0.8777461865645093
Q9UBB6;Q9UBB6-2,0.0
Q9UBC2,0.8190560600000536
Q9UBE0;Q9UBE0-2;Q9UBE0-3,0.8737274950723014
Q9UBF2,0.0
Q9UBF6,0.0
Q9UBF8;Q9UBF8-2,0.0
Q9UBF9;Q9UBF9-2,0.0
Q9UBH6,0.8431564762568411
Q9UBI1,0.46682668031362096
Q9UBI6,0.0
Q9UBK8;Q9UBK8-1,0.0
Q9UBK9;Q9UBK9-2,0.0
Q9UBM7,0.24299935498200817
Q9UBN7,0.6469209446728935
Q9UBP0;Q9UBP0-3,0.0
Q9UBQ0,0.9029634814176002
Q9UBQ5;Q9UBQ5-2,0.9170450987008112
Q9UBQ6,0.0
Q9UBQ7,0.7190998041011659
Q9UBR2,0.0
Q9UBS0,0.0
Q9UBS3,0.8411289584842261
Q9UBS4,0.840003827093309
Q9UBS5-4,0.0
Q9UBS8,0.0
Q9UBU3;Q9UBU3-2;Q9UBU3-3;Q9UBU3-4,0.0
Q9UBV2,0.4730270402505902
Q9UBV8,0.9495786177603237
Q9UBW5,0.6180539579669151
Q9UBW8,0.0
Q9UBX3;Q9UBX3-2,0.0
Q9UBX5,0.820724257368267
Q9UBX7;Q9UBX7-3,0.17025176304752285
Q9UDT6-2,0.47898143923032205
Q9UDW1,0.5410632630043919
Q9UDX3;Q9UDX3-2,0.9103980938706736
Q9UDY2,0.8437000527823448
Q9UDY4,0.0
Q9UEU0,0.0
Q9UEW8;Q9UEW8-2,0.3747006716289818
Q9UEY8,0.9327968588555203
Q9UFG5,0.0
Q9UFN0,0.0
Q9UG63;Q9UG63-2,0.0
Q9UGI8,0.0
Q9UGJ0;Q9UGJ0-3,0.7387146173127415
Q9UGJ1;Q9UGJ1-2,0.1552576657631529
Q9UGL1,0.0
Q9UGM3;Q9UGM3-2;Q9UGM3-3;Q9UGM3-4;Q9UGM3-5;Q9UGM3-6;Q9UGM3-7;Q9UGM3-8;Q9UGM3-9,0.0
Q9UGM5,0.0
Q9UGM6,0.0
Q9UGP4,0.0
Q9UGP8,0.34192026735446296
Q9UGR2,0.014713218881338593
Q9UGV2;Q9UGV2-2,0.0
Q9UH03;Q9UH03-2,0.0
Q9UH62,0.0
Q9UH65,0.4263297020047414
Q9UH90,0.6726259168643617
Q9UH92,0.0
Q9UHA4,0.8555508690141277
Q9UHB4;Q9UHB4-2;Q9UHB4-4,0.0
Q9UHB6-4,0.2313739771822805
Q9UHB9,0.3661760878233037
Q9UHD1,0.22664917948658542
Q9UHD2,0.8195834519440052
Q9UHD4,0.0
Q9UHD8-2,0.0
Q9UHD9,0.8827765570594329
Q9UHF0;Q9UHF0-2;Q9UHF0-3,0.7491267537483565
Q9UHF1,0.0
Q9UHG3,0.3243753835691694
Q9UHI6,0.64966989563106
Q9UHJ6,0.0
Q9UHL4,0.0
Q9UHN6;Q9UHN6-2,0.17934004690494346
Q9UHP3,0.9234251677558997
Q9UHQ4,0.0
Q9UHQ9,0.624241615368021
Q9UHV9,0.795966584181623
Q9UHW9;Q9UHW9-2;Q9UHW9-3;Q9UHW9-4;Q9UHW9-5;Q9UHW9-6,0.0
Q9UHX3;Q9UHX3-3;Q9UHX3-4;Q9UHX3-5;Q9UHX3-6,0.0
Q9UHY1,0.0
Q9UHY7,0.9368018846841416
Q9UHY8,0.0
Q9UI08;Q9UI08-4,0.7797290947673183
Q9UI09,0.0
Q9UI10;Q9UI10-2;Q9UI10-3,0.6110593848325797
Q9UI12;Q9UI12-2,0.07859239574907488
Q9UI14,0.0
Q9UI26;Q9UI26-2,0.6031805642110935
Q9UI30;Q9UI30-2,0.0
Q9UI33;Q9UI33-3,0.0
Q9UI38,0.0
Q9UI42;Q9UI42-2,0.0
Q9UIA9,0.0
Q9UIB8;Q9UIB8-2;Q9UIB8-3,0.9136532877543319
Q9UIC8;Q9UIC8-2,0.8682333954043864
Q9UID3,0.11467988362884592
Q9UIG8,0.0
Q9UII2,0.0
Q9UIJ5,0.0
Q9UIJ7,0.0
Q9UIQ6;Q9UIQ6-2;Q9UIQ6-3,0.942564850610773
Q9UIV1;Q9UIV1-2,0.0
Q9UJ41;Q9UJ41-3;Q9UJ41-4,0.8015516366798788
Q9UJ68-5,0.0
Q9UJ70,0.8583760364327956
Q9UJ83;Q9UJ83-2,0.0
Q9UJC5,0.0
Q9UJF2-2,0.0
Q9UJG1;Q9UJG1-2;Q9UJG1-3,0.0
Q9UJJ9,0.5908342170123738
Q9UJS0;Q9UJS0-2,0.9205054152212742
Q9UJU6,0.14192909420154107
Q9UJU6-6,0.6860085900816263
Q9UJW0,0.8676626032015674
Q9UJW7,0.049848081228474825
Q9UJX2,0.7864797802287984
Q9UJX3;Q9UJX3-2,0.5428787974496802
Q9UJX4,0.7263863136866769
Q9UJX5;Q9UJX5-3,0.8728545833822179
Q9UJX6;Q9UJX6-2,0.0
Q9UJY4,0.0
Q9UJY5;Q9UJY5-4;Q9UJY5-6,0.6178963186977259
Q9UJZ1,0.0
Q9UK08,0.0
Q9UK41,0.41643009403227027
Q9UK45,0.8582359460927406
Q9UK55,0.8410875769413242
Q9UK97;Q9UK97-2;Q9UK97-3,0.0
Q9UK99;Q9UK99-2;Q9UK99-3,0.0
Q9UKA2,0.0
Q9UKA8;Q9UKA8-5;Q9UKA8-6,0.0
Q9UKA9;Q9UKA9-2;Q9UKA9-3;Q9UKA9-4,0.0
Q9UKB1;Q9UKB1-2;Q9UKB1-3,0.0
Q9UKE5-3;Q9UKE5-5,0.0
Q9UKE5-4;Q9UKE5-6,0.8621402820623304
Q9UKF6,0.0
Q9UKF7-2,0.0
Q9UKG1,0.939603338864806
Q9UKI8;Q9UKI8-2;Q9UKI8-5,0.0
Q9UKK9,0.5430335400639543
Q9UKL6,0.52434709220044
Q9UKM7,0.0
Q9UKN7,0.8122615018219533
Q9UKP3;Q9UKP3-2,0.0
Q9UKT5;Q9UKT5-2,0.0
Q9UKU6,0.0
Q9UKU7,0.40461829585614373
Q9UKU9,0.0
Q9UKV3;Q9UKV3-5,0.0
Q9UKV8,0.5968989295970906
Q9UKW4,0.8208513023145443
Q9UKX2,0.0
Q9UKX3,0.0
Q9UKX5;Q9UKX5-2,0.0
Q9UKY3,0.0
Q9UKY7,0.9636912596490539
Q9UKZ1,0.0
Q9UKZ4;Q9UKZ4-2,0.6568945929776023
Q9UKZ9,0.9251018076398022
Q9UL01,0.0
Q9UL15,0.960349345835646
Q9UL18,0.0
Q9UL25,0.8217405489510821
Q9UL26,0.0
Q9UL33;Q9UL33-2,0.5891651108447962
Q9UL46,0.6183340529015591
Q9UL54,0.0
Q9ULA0,0.0
Q9ULC4;Q9ULC4-3,0.6795202865800467
Q9ULC5;Q9ULC5-3,0.0
Q9ULD2;Q9ULD2-2,0.0
Q9ULE0,0.0
Q9ULF5,0.0
Q9ULG6;Q9ULG6-2;Q9ULG6-5,0.0
Q9ULH0;Q9ULH0-2;Q9ULH0-4,0.4729377803709052
Q9ULH1;Q9ULH1-2,0.0
Q9ULH7,0.0
Q9ULI3,0.0
Q9ULJ8-3;Q9ULJ8-4;Q9ULJ8-5,0.0
Q9ULL4;Q9ULL4-2,0.8756452421792599
Q9ULL8,0.8549770725985897
Q9ULP9;Q9ULP9-2,0.0
Q9ULQ0,0.4932157299341331
Q9ULQ1;Q9ULQ1-3,0.22418845810128513
Q9ULT8,0.0
Q9ULV4-3,0.9266131661233517
Q9ULZ3;Q9ULZ3-2,0.0
Q9UM00;Q9UM00-1;Q9UM00-2,0.5472570068431519
Q9UM07,0.0
Q9UM13,0.0
Q9UM22,0.0
Q9UM47,0.465779402841862
Q9UM54-6,0.0
Q9UMF0,0.0
Q9UMS0;Q9UMS0-3,0.8751800493811573
Q9UMS4,0.0
Q9UMX0,0.7783130067293756
Q9UMX5,0.05960214369817985
Q9UMY4;Q9UMY4-1,0.9537162676003749
Q9UMZ2;Q9UMZ2-5,0.0
Q9UN19,0.0
Q9UN37,0.0
Q9UN86,0.5049599135132083
Q9UNE2,0.0
Q9UNE7,0.15967913678882015
Q9UNF0,0.766754032929057
Q9UNF1,0.87990158166199
Q9UNH7,0.9183016228893907
Q9UNI6,0.9929861663347685
Q9UNK0,0.029431009661552293
Q9UNL2;Q9UNL2-2,0.0
Q9UNM6,0.0
Q9UNN5,0.0
Q9UNN8,0.0
Q9UNS2,0.0
Q9UNW1,0.0
Q9UNY4,0.0
Q9UNZ2;Q9UNZ2-5,0.40969612991701004
Q9UP65,0.9606044900149834
Q9UP83;Q9UP83-2,0.8605947007611582
Q9UPM8,0.8572186164781185
Q9UPN3,0.9196112372850184
Q9UPN3-5,0.0
Q9UPN4;Q9UPN4-2,0.0
Q9UPN7,0.46127494778566464
Q9UPN9-2,0.0
Q9UPQ9;Q9UPQ9-1,0.0
Q9UPR0,0.0
Q9UPR3,0.0
Q9UPT5;Q9UPT5-5;Q9UPT5-6,0.3785660426896867
Q9UPT6,0.0
Q9UPU5,0.9180303889028539
Q9UPW5,0.0
Q9UPX8-1,0.6330186514386967
Q9UPY3,0.7968415579345233
Q9UPY6-2,0.0
Q9UPZ3;Q9UPZ3-2,0.0
Q9UQ13;Q9UQ13-2,0.2616263028334676
Q9UQ16-2,0.5898690391015798
Q9UQ53;Q9UQ53-2,0.4653979645549348
Q9UQ80,0.5479274489455069
Q9UQE7,0.0
Q9UQL6;Q9UQL6-3,0.8926726690819654
Q9UQN3,0.0
Q9UQQ2,0.0
Q9Y210;Q9Y210-3,0.8410087197264571
Q9Y217,0.0
Q9Y223-3,0.0
Q9Y224,0.0
Q9Y230,0.8950225168167454
Q9Y237;Q9Y237-2,0.7439964304822319
Q9Y240,0.2939221124124868
Q9Y243;Q9Y243-2,0.0
Q9Y251-2,0.0
Q9Y257,0.0
Q9Y259,0.34290628030132164
Q9Y262,0.0
Q9Y263,0.666506563765575
Q9Y265,0.8502799349909396
Q9Y266,0.6461613250410831
Q9Y274,0.8878540960016972
Q9Y277,0.2683506797965238
Q9Y281,0.9367929491702988
Q9Y282;Q9Y282-3,0.04033977172989654
Q9Y285,0.7305308749861551
Q9Y287,0.0
Q9Y289,0.0
Q9Y295,0.9313507635156911
Q9Y296,0.8925771453116876
Q9Y2A7-2,0.8937954183906366
Q9Y2B0,0.9680164424653415
Q9Y2B5,0.0
Q9Y2C4,0.0
Q9Y2D4,0.8951332280153242
Q9Y2D5;Q9Y2D5-4;Q9Y2D5-5;Q9Y2D5-6;Q9Y2D5-7,0.8849686553484858
Q9Y2E5;Q9Y2E5-2,0.0
Q9Y2G2,0.0
Q9Y2G3,0.8777457405579404
Q9Y2G5,0.0
Q9Y2G8,0.0
Q9Y2H0,0.0
Q9Y2H1,0.0
Q9Y2H2,0.0
Q9Y2H6;Q9Y2H6-2,0.0
Q9Y2I1,0.0
Q9Y2I7,0.0
Q9Y2I8;Q9Y2I8-2,0.8405036049485385
Q9Y2J2-2,0.0
Q9Y2K2-8,0.0
Q9Y2K5;Q9Y2K5-2;Q9Y2K5-3,0.0
Q9Y2K6,0.0
Q9Y2L5,0.0
Q9Y2L6;Q9Y2L6-2,0.0
Q9Y2L9-2,0.0
Q9Y2P5;Q9Y2P5-2,0.0
Q9Y2Q0,0.5994348055076345
Q9Y2Q0-3,0.0
Q9Y2Q3,0.2906682953333612
Q9Y2Q5,0.0
Q9Y2R0,0.0
Q9Y2S2-2,0.880114054918325
Q9Y2T2,0.0
Q9Y2U5,0.4470627852604052
Q9Y2V2,0.7150111492296863
Q9Y2V7,0.6101948405779204
Q9Y2W6,0.7107104050446014
Q9Y2X7,0.0
Q9Y2Z0,0.4624297575422311
Q9Y2Z4,0.0
Q9Y2Z9-3,0.0
Q9Y303;Q9Y303-2;Q9Y303-3,0.09318686075410573
Q9Y305;Q9Y305-2;Q9Y305-4,0.0
Q9Y315,0.0
Q9Y316;Q9Y316-3,0.30881359654480517
Q9Y320;Q9Y320-2,0.0
Q9Y333,0.0
Q9Y343;Q9Y343-2,0.9504558332648094
Q9Y371,0.3264780597161614
Q9Y376,0.8363175310877321
Q9Y383-3,0.0
Q9Y385,0.0
Q9Y394;Q9Y394-2,0.7263775759744715
Q9Y3A3;Q9Y3A3-3,0.6889911441777161
Q9Y3A5,0.0
Q9Y3A6,0.8220404652257576
Q9Y3B3,0.695760822932692
Q9Y3B6,0.0
Q9Y3B7;Q9Y3B7-3,0.0
Q9Y3B8-3,0.0
Q9Y3C0,0.2097103108899643
Q9Y3C4;Q9Y3C4-3,0.0
Q9Y3C5,0.0
Q9Y3C6,0.8581029663195524
Q9Y3C8,0.3893844680674346
Q9Y3D2,0.0
Q9Y3D6,0.7794028999624218
Q9Y3D9,0.0
Q9Y3E0,0.0
Q9Y3E5,0.19503167958674425
Q9Y3E7,0.9275817580443094
Q9Y3F4,0.8656984787639326
Q9Y3I0,0.7908120795564385
Q9Y3I1,0.6044684037396469
Q9Y3L3,0.0
Q9Y3L5,0.0
Q9Y3M8-4,0.0
Q9Y3P8,0.0
Q9Y3P9,0.0
Q9Y3Q3,0.0
Q9Y3Q8,0.0
Q9Y3S1;Q9Y3S1-2;Q9Y3S1-4,0.0
Q9Y3U8,0.0
Q9Y3X0,0.0
Q9Y3Z3;Q9Y3Z3-3,0.0
Q9Y450,0.13146549058156592
Q9Y468,0.0
Q9Y478,0.33137198966121745
Q9Y484;Q9Y484-2;Q9Y484-3,0.0
Q9Y485,0.49338444358497185
Q9Y487,0.5490663912238636
Q9Y490,0.7731942482413259
Q9Y496,0.0
Q9Y4C2,0.5311310434535548
Q9Y4D1;Q9Y4D1-2,0.8039477437098583
Q9Y4D8,0.3258426347638477
Q9Y4D8-5,0.0
Q9Y4E1-5,0.0
Q9Y4E6;Q9Y4E6-2,0.0
Q9Y4E8,0.0
Q9Y4F9,0.7597556606841608
Q9Y4G6,0.0
Q9Y4G8,0.6161277039483817
Q9Y4H2,0.0
Q9Y4H4,0.8425045122472521
Q9Y4I1-3,0.7367199995782601
Q9Y4K3,0.2895418750316965
Q9Y4K4,0.643328753532166
Q9Y4L1,0.0
Q9Y4P1;Q9Y4P1-2;Q9Y4P1-6,0.5350917799701588
Q9Y4P3,0.0
Q9Y4P8;Q9Y4P8-4,0.8299074583418345
Q9Y4W6,0.7180877883838396
Q9Y4X5,0.3830509291164266
Q9Y4Z0,0.5564694128338857
Q9Y508;Q9Y508-2,0.8346795657461997
Q9Y512,0.9462793360192401
Q9Y520;Q9Y520-4;Q9Y520-5;Q9Y520-6;Q9Y520-7,0.16681276763063732
Q9Y530,0.7552761237198037
Q9Y547,0.0
Q9Y561;Q9Y561-2,0.0
Q9Y570;Q9Y570-4,0.0
Q9Y584,0.0
Q9Y587,0.6107889453055398
Q9Y5A7;Q9Y5A7-2,0.0
Q9Y5B0;Q9Y5B0-4,0.7986424687508159
Q9Y5B8;Q9Y5B8-2,0.8811356295646375
Q9Y5C1,0.7791126932004372
Q9Y5F9;Q9Y5F9-2,0.0
Q9Y5J6,0.0
Q9Y5J7,0.3065776431677784
Q9Y5K3;Q9Y5K3-3;Q9Y5K3-4,0.0
Q9Y5K5;Q9Y5K5-2;Q9Y5K5-3;Q9Y5K5-4,0.23077962031815655
Q9Y5K6,0.6938522664522553
Q9Y5K8,0.3371350216213495
Q9Y5L0-1,0.2288442885093561
Q9Y5L4,0.7439025623217868
Q9Y5M8,0.18572406257230567
Q9Y5P4;Q9Y5P4-2;Q9Y5P4-3,0.8153121964817512
Q9Y5P6;Q9Y5P6-2,0.0
Q9Y5Q8;Q9Y5Q8-2;Q9Y5Q8-3,0.26436375051455896
Q9Y5R5,0.0
Q9Y5R8,0.7768716250755475
Q9Y5S1,0.6641055430542727
Q9Y5S2,0.8679402420664629
Q9Y5S9;Q9Y5S9-2,0.0
Q9Y5T5;Q9Y5T5-2;Q9Y5T5-3,0.0
Q9Y5U8,0.4884961715779989
Q9Y5U9,0.0
Q9Y5W7;Q9Y5W7-3;Q9Y5W7-4,0.0
Q9Y5W8;Q9Y5W8-2,0.0
Q9Y5W9;Q9Y5W9-2,0.0
Q9Y5X1,0.7725071761405887
Q9Y5X2,0.0
Q9Y5X3,0.0
Q9Y5X9,0.049560644058937314
Q9Y5Y2,0.822243884130569
Q9Y5Y5;Q9Y5Y5-2,0.6196000528638604
Q9Y5Y7,0.0
Q9Y5Z4,0.0
Q9Y5Z9;Q9Y5Z9-2,0.0
Q9Y600;Q9Y600-3,0.0
Q9Y608-4,0.8360739939216956
Q9Y613,0.9625546637024355
Q9Y616,0.43558283955611166
Q9Y619,0.7400036354679024
Q9Y623,0.0
Q9Y624,0.8020133481103832
Q9Y639;Q9Y639-4;Q9Y639-5,0.0
Q9Y646,0.8825056755289974
Q9Y653;Q9Y653-2;Q9Y653-3,0.18102419608944856
Q9Y666,0.0
Q9Y672,0.6153693725352766
Q9Y673,0.0
Q9Y678,0.7519587932295568
Q9Y679,0.5868324411687179
Q9Y689,0.0
Q9Y696,0.0
Q9Y697-2,0.0
Q9Y6A2-2,0.0
Q9Y6A4,0.0
Q9Y6A5,0.0
Q9Y6A9,0.0
Q9Y6B6,0.0
Q9Y6B7,0.0
Q9Y6C2,0.7096197441112517
Q9Y6C9,0.7778346902902602
Q9Y6D5,0.7131339772124217
Q9Y6D6,0.6830536223982361
Q9Y6E0-2,0.5711837090019416
Q9Y6E2,0.860366953334504
Q9Y6F6-4;Q9Y6F6-5;Q9Y6F6-7,0.14846911817619005
Q9Y6G5,0.0
Q9Y6G9,0.7677158320338096
Q9Y6I3;Q9Y6I3-1;Q9Y6I3-3,0.695464477614772
Q9Y6I8,0.0
Q9Y6I9,0.4228038468667094
Q9Y6K0,0.9741125403394068
Q9Y6K5,0.92228610707698
Q9Y6K9-2,0.8486558970017909
Q9Y6M1;Q9Y6M1-1,0.0
Q9Y6M5,0.42446270128725627
Q9Y6M9,0.7646369174719626
Q9Y6N5,0.39544258570655527
Q9Y6P5-3,0.0
Q9Y6Q2-2;Q9Y6Q2-3,0.9197868315140061
Q9Y6Q5,0.0
Q9Y6R0,0.0
Q9Y6R4;Q9Y6R4-2,0.0
Q9Y6R7,0.0
Q9Y6T7,0.0
Q9Y6W3,0.0
Q9Y6W5,0.0
Q9Y6X5,0.0
Q9Y6Y0,0.0
Q9Y6Y1;Q9Y6Y1-2,0.0
Q9Y6Y8,0.0
Q9Y6Z7,0.9074964930773001
