Protein.Group,detect_study,detect_plate_qc,study_mad,plate_qc_mad,biology_technical_ratio,selected_for_pca
A0A024R1R8;Q9Y2S6,0.6594594594594595,0.6666666666666666,0.4865150566522898,0.18552646869409273,2.622348498717373,False
A0A075B6H9,0.9621621621621622,1.0,0.8330005561858398,0.5953419843888863,1.3991967273077643,False
A0A075B6I0,0.918918918918919,1.0,0.9194295418245364,0.25752749557825894,3.5702189382148317,False
A0A075B6I1,0.33513513513513515,1.0,0.8175892995265208,0.44073025009568134,1.85507870029122,False
A0A075B6I4,0.1837837837837838,0.2222222222222222,0.7290872901365315,1.0258675339266734,0.7107031522343166,False
A0A075B6I9,0.8648648648648649,1.0,0.9178204057579924,0.24697015219537732,3.7163211732238297,False
A0A075B6J9,0.8594594594594595,1.0,0.8488253386849234,0.3589691040699279,2.3646194869170984,False
A0A075B6K4,0.8864864864864865,1.0,0.6454200447059968,0.23100612178163438,2.793952124420754,False
A0A075B6K5,0.6216216216216216,0.6666666666666666,0.7459704399847915,0.13820368366025448,5.3976161866901275,False
A0A075B6P5;A0A087WW87;P01614;P01615,0.9675675675675676,1.0,1.0616825574833282,0.5634143831519118,1.884372478288453,False
A0A075B6Q5,0.08108108108108109,0.0,0.6832464358510713,,,False
A0A075B6R2,0.15675675675675677,0.3333333333333333,0.861662924190318,1.4603963107982096,0.5900199266590577,False
A0A087WSX0,0.9459459459459459,1.0,0.7129807559032919,0.3943800342695063,1.8078520562632348,False
A0A087WSY4,0.6378378378378379,0.4444444444444444,0.4840160657132264,0.3552352021731231,1.3625228095422317,False
A0A0A0MRZ8;P04433,1.0,1.0,0.9054381049331255,0.35266275011576376,2.5674333471167845,False
A0A0A0MRZ9,0.43783783783783786,0.2222222222222222,0.6800930863090855,0.06464569613279281,10.520314993778756,False
A0A0A0MS15,1.0,1.0,0.9835078419467855,0.4053871339306916,2.4260953533738303,False
A0A0A0MT36;A0A0C4DH26,0.24324324324324326,0.5555555555555556,0.8815121445510208,0.4611291932636732,1.9116381210047855,False
A0A0B4J1U7,1.0,1.0,0.9830127156568977,0.2651572066615451,3.707282664625615,False
A0A0B4J1V0,0.918918918918919,0.8888888888888888,0.7835011361539914,0.13912227003517597,5.631744910113164,False
A0A0B4J1V2,0.6324324324324324,0.5555555555555556,0.8558208933859248,0.888663855709213,0.9630423110917712,False
A0A0B4J1V6,0.8,1.0,0.7935267837866817,0.3945925343835537,2.01100303386722,False
A0A0B4J1X5,1.0,1.0,0.819759194465167,0.37012781980243403,2.214800267925648,False
A0A0B4J1Y8,0.8486486486486486,1.0,0.8387069405278016,0.2891051155537614,2.9010449674033434,False
A0A0B4J1Y9,1.0,1.0,0.9834221380379553,0.18754912071099383,5.24354438085248,False
A0A0B4J2D5,0.827027027027027,1.0,0.5813214452760906,0.31244679711575607,1.8605453813012562,False
A0A0B4J2D9;P0DP09,0.2594594594594595,0.2222222222222222,0.8582294263877275,0.9901615508843111,0.8667569707400218,False
A0A0B4J2F0,0.2,0.2222222222222222,0.542626894572253,0.21183986478247885,2.5614956614961613,False
A0A0C4DH25,1.0,1.0,0.8729801832664279,0.37378035559174627,2.3355432413893955,False
A0A0C4DH29,0.24864864864864866,0.6666666666666666,1.0114297790651188,0.8537962461521529,1.1846266408682176,False
A0A0C4DH31,0.16216216216216217,0.3333333333333333,0.8462961079715319,0.6949852395363862,1.2177181036766807,False
A0A0C4DH34,1.0,1.0,0.9276552484664986,0.17157240719319766,5.406785762595964,False
A0A0C4DH35,0.31891891891891894,0.2222222222222222,0.9228634954752799,0.5639468662742306,1.6364369600495638,False
A0A0C4DH36,0.6,0.5555555555555556,0.7611044246440386,0.2885189152615002,2.6379706299471173,False
A0A0C4DH38,0.4702702702702703,0.3333333333333333,0.719341014516452,0.3900105205506996,1.8444143852856425,False
A0A0C4DH43,0.9513513513513514,1.0,1.1122291982029902,0.33219673621780466,3.348103930418382,False
A0A0C4DH67,0.11891891891891893,0.0,1.285621487891894,,,False
A0A0C4DH68,0.9135135135135135,1.0,1.0504424586621415,0.12787760363641354,8.214436529861784,False
A0A0C4DH72,0.0918918918918919,0.2222222222222222,0.9110920366030832,0.23712929143245098,3.842174162033535,False
A0A0J9YX35,0.7351351351351352,0.7777777777777778,0.8131990631232053,0.20698312292879173,3.9288182128886406,False
A0A0J9YXX1,0.9135135135135135,1.0,1.2624404028408396,0.3280965879166491,3.8477705935837245,False
A0A1B0GTC6,1.0,1.0,0.5317014612513198,0.08414140112360258,6.319141993728599,False
A0AUZ9-2,0.11891891891891893,0.0,0.6356629273046757,,,False
A0AVT1,0.9351351351351351,1.0,0.4903864360363155,0.06388370285808698,7.676236881974006,False
A0FGR8-2,0.9945945945945946,1.0,0.6729632717597909,0.05154194332176942,13.056614252174615,True
A0FGR8-6,0.31351351351351353,0.8888888888888888,0.45081046176076356,0.30411060450080196,1.4823898117619727,False
A0M8Q6,0.44324324324324327,0.8888888888888888,1.0953590894370908,0.9458346097823496,1.1580873422353926,False
A0MZ66;A0MZ66-3;A0MZ66-4,0.16216216216216217,0.4444444444444444,0.5001262240120017,0.25193636964832766,1.985129120936833,False
A0PJW6,0.15135135135135136,0.3333333333333333,0.514469965751732,0.17312060700194287,2.971743079354835,False
A1A4S6,0.9027027027027027,1.0,0.5110809064783215,0.0257461696507022,19.850755021509862,True
A1A5C7,0.4972972972972973,1.0,0.4591176400496275,0.13926135178967236,3.2968058556765762,False
A1L0T0,0.6432432432432432,1.0,0.43697009731713976,0.0831203068614208,5.257079934096751,False
A1L170-2,0.24864864864864866,0.6666666666666666,0.5648908209373289,0.4419200277209887,1.2782648115101478,False
A1L390,0.2594594594594595,0.5555555555555556,0.41893164459800936,0.33564724612331176,1.2481307367679106,False
A1L3X0,0.8540540540540541,1.0,0.5942354340798266,0.03337897333619466,17.80268758103067,True
A1L4H1,0.14594594594594595,0.2222222222222222,0.7270761372158461,1.0913677891568963,0.6662063370749902,False
A1X283,0.7351351351351352,1.0,0.6015860534362325,0.14292919155431605,4.2089796135705235,False
A2A2Y4;A2A2Y4-2;A2A2Y4-5,0.21081081081081082,0.6666666666666666,0.42500272657215454,0.3831791475022728,1.1091488911714167,False
A2NJV5,1.0,1.0,0.8888986944796855,0.14539781599814816,6.113562905862402,False
A2RRP1,0.8918918918918919,1.0,0.393013597389789,0.016244405695202246,24.193781216992434,True
A2RTX5,0.654054054054054,1.0,0.3769726473355419,0.11332046576879051,3.3266069352793255,False
A2RUS2;A2RUS2-2,0.9675675675675676,1.0,0.6756494555875854,0.046933416615679846,14.395914559560525,True
A3KN83-4,0.5351351351351351,0.6666666666666666,0.7249936912606678,0.2292034251348456,3.1631014712547927,False
A4D126;A4D126-2,0.2864864864864865,0.7777777777777778,0.328878555352329,0.4289880269305648,0.766638075438783,False
A4D1B5,0.772972972972973,1.0,0.42708528280409475,0.1102972501310795,3.872129924332093,False
A4D1P6;A4D1P6-2,0.6,1.0,0.5214653104566533,0.18544236785075796,2.812007398850316,False
A4FU01,0.5405405405405406,1.0,0.4593436970634146,0.18596782716018545,2.4700170135759763,False
A4FU69;A4FU69-3,0.13513513513513514,0.1111111111111111,0.5146155572764304,,,False
A4UGR9-4,0.5081081081081081,1.0,0.4886166569128161,0.23622808798046258,2.068410497202295,False
A4UGR9;A4UGR9-3,0.06486486486486487,0.0,0.8632258395367689,,,False
A5D8V6,0.9567567567567568,1.0,0.4123504441056056,0.13085519763886921,3.151196525212546,False
A5PLL7;A5PLL7-2,0.1783783783783784,0.4444444444444444,0.43195818637267536,0.5548428449638143,0.7785234869539441,False
A5PLN9;A5PLN9-2;A5PLN9-4;A5PLN9-5,0.6810810810810811,1.0,0.36622392875637555,0.16745918045225494,2.186944470690225,False
A5YKK6,0.8594594594594595,1.0,0.2645177470456037,0.09919803507895253,2.6665623652229793,False
A6NC98,0.05405405405405406,0.0,0.6558324080452902,,,False
A6NCC3-1;I6L899-2,0.6432432432432432,0.2222222222222222,0.5415065925299629,0.005360576298780728,101.0164882184644,False
A6NCE7;Q9GZQ8,0.12972972972972974,0.2222222222222222,0.48202176538881947,0.03936710679437372,12.244277129801908,False
A6NCL7,0.32972972972972975,0.7777777777777778,1.3557303378152366,0.4592751593434663,2.9518912796269072,False
A6NDG6,0.9891891891891892,1.0,0.3174908516687207,0.12829557798275992,2.474682733892702,False
A6NDU8,0.4648648648648649,0.8888888888888888,0.4498613081331655,0.14567393980084464,3.0881385424749603,False
A6NFX1,0.6864864864864865,1.0,0.429636035660522,0.1051201980735712,4.087093094705069,False
A6NGU5,0.10270270270270271,0.2222222222222222,0.8324012352478736,0.6858284326584565,1.2137164276220822,False
A6NHL2;A6NHL2-2,0.6648648648648648,1.0,0.7105786045572131,0.4640623685522254,1.531213588324486,False
A6NHM9,0.827027027027027,0.8888888888888888,0.4589039677352087,0.18489982772183122,2.4819058697317846,False
A6NHR9,0.10810810810810811,0.2222222222222222,1.0365407482248665,0.27918644873203124,3.712718697245077,False
A6NIH7,0.3783783783783784,1.0,0.3672741314655781,0.3508411006591956,1.0468389557993816,False
A6NML5,1.0,1.0,0.46233662404643994,0.22016361278192775,2.0999683744488005,False
A6QL63,0.5027027027027027,1.0,0.3570341531892858,0.14234321236293468,2.50826258071899,False
A7E2V4;A7E2V4-3;A7E2V4-4;A7E2V4-5,0.5459459459459459,1.0,0.40774475918975384,0.26428003068073025,1.5428511875811743,False
A7KAX9,0.3783783783783784,0.7777777777777778,0.4123992327325059,0.21839297790623036,1.8883355897531395,False
A8MSI8,0.11351351351351352,0.1111111111111111,0.3825023346657037,,,False
A9UHW6;A9UHW6-2;A9UHW6-3,0.5081081081081081,1.0,0.3541598637805894,0.11564840373658392,3.0623843679439857,False
B0I1T2,1.0,1.0,0.3431411916315845,0.07476267917262192,4.589739097488668,False
B0YJ81,0.1783783783783784,0.5555555555555556,0.4207351287021819,0.15726926356278526,2.6752533786375583,False
B1AJZ9;B1AJZ9-4,0.010810810810810811,0.0,0.812068125876932,,,False
B2RNN3;P0C862,0.15135135135135136,0.1111111111111111,0.5249042014763985,,,False
B2RUZ4,0.9837837837837838,1.0,0.45152115997401854,0.1965347502332655,2.297411320075008,False
B7ZAQ6;B7ZAQ6-2;B7ZAQ6-3;P0CG08,0.5513513513513514,1.0,0.501257970120653,0.1521960410365324,3.293502030058282,False
B9A064,1.0,1.0,0.5798644235356392,0.2107642836780208,2.751246147670272,False
B9EJG8;B9EJG8-2,0.43783783783783786,0.8888888888888888,0.5580403058726855,0.26127923891368443,2.135800411057682,False
C0HM01,0.2702702702702703,0.4444444444444444,1.0137239774521092,0.543171492536481,1.8663055616528412,False
C4AMC7;Q6VEQ5,0.7351351351351352,1.0,0.3836508065274442,0.12553147508258533,3.0562120478154657,False
C9J7I0,0.08648648648648649,0.3333333333333333,0.44946093587092584,0.01422474003367391,31.597128299492784,False
C9JJH3,0.8540540540540541,0.8888888888888888,0.7859269904925714,0.2700944515485304,2.9098227897190125,False
C9JLW8,0.3783783783783784,0.7777777777777778,0.6056079092665794,0.5446046867568182,1.1120137670372288,False
C9JQI7,0.22702702702702704,0.4444444444444444,0.7300399350413365,0.20443511044943463,3.5710105443062137,False
E9PAV3,0.7081081081081081,1.0,0.4391803096653284,0.23136430554294485,1.8982198167288584,False
G9CGD6;G9CGD6-2,0.1891891891891892,0.4444444444444444,0.39147459150598607,0.36263798117258794,1.0795190019538359,False
H3BSY2,0.9837837837837838,1.0,0.7655335750232073,0.45498690697262134,1.682539790247795,False
L0R6Q1,0.6594594594594595,1.0,0.5417573317107944,0.11015936021729367,4.917941885665973,False
O00116,0.8540540540540541,1.0,0.5547931855258454,0.06038327831419288,9.187861292311505,False
O00139-2,0.518918918918919,1.0,0.39864545288907394,0.29771058173114007,1.3390368947284759,False
O00139;O00139-4,1.0,1.0,0.7377958671331015,0.04596547876557722,16.051086314054114,True
O00142-6,0.6162162162162163,1.0,0.34395177184929526,0.15966369178200424,2.1542265997388284,False
O00151,1.0,1.0,0.8169147883245103,0.022205913306329705,36.788164353125346,True
O00154-4,0.8594594594594595,1.0,0.6142153729069069,0.057875031900318064,10.612786770723686,False
O00159-2,0.9837837837837838,1.0,0.6599378303100227,0.038909352286230714,16.960905066095442,True
O00160,0.9405405405405406,1.0,0.4511542080188784,0.1589653698297937,2.8380659794138503,False
O00161,1.0,1.0,0.6698783528422361,0.03436978585797945,19.49032663777025,True
O00165;O00165-2;O00165-5,0.16756756756756758,0.6666666666666666,0.45642579588241183,0.2319980210469934,1.9673693500599234,False
O00170,0.8216216216216217,1.0,0.5176922050445274,0.09558615950267146,5.415974527463454,False
O00175,0.5405405405405406,0.4444444444444444,0.6586484964633028,0.28803458815752503,2.28669931856618,False
O00178,0.9459459459459459,1.0,0.3677818178529684,0.06208470929946763,5.923871143198251,False
O00182;O00182-2;O00182-3;O00182-6,0.4648648648648649,0.7777777777777778,0.49639665829673607,0.4426261017826665,1.1214807628775392,False
O00186,0.9837837837837838,1.0,0.5706914662341029,0.04078232756275213,13.993597235370515,True
O00187,1.0,1.0,0.5375902391882654,0.15953216636372503,3.369792133096141,False
O00187-2,0.3027027027027027,0.4444444444444444,0.7341974654448986,0.4647303232051243,1.5798355062809963,False
O00189,0.5675675675675675,1.0,0.39891566047358573,0.18891620986133262,2.111601014896477,False
O00194,1.0,1.0,0.8501356432084073,0.06734508412728957,12.62357385435228,False
O00203,0.9837837837837838,1.0,0.679652262352632,0.043987282027099894,15.451108389327365,True
O00214-2,0.5513513513513514,1.0,0.35704053924874035,0.10318462340820389,3.4602107121743217,False
O00217,0.4,1.0,0.4184306697630449,0.4553120490340028,0.9189975768284497,False
O00231;O00231-2,0.9783783783783784,1.0,0.5295768775354652,0.05766942842742928,9.182974272094274,False
O00232,0.9567567567567568,1.0,0.4767596620975567,0.0575679578692494,8.28168446031023,False
O00233,0.9135135135135135,1.0,0.5827391257836965,0.10486122124260788,5.557241455689953,False
O00244,0.6972972972972973,1.0,0.5685176346830936,0.2088185059478871,2.722544307567133,False
O00257,0.11351351351351352,0.4444444444444444,0.5873749638009382,0.3423772864470269,1.7155780685580546,False
O00258;O00258-2,0.41621621621621624,1.0,0.47888124953097133,0.2926078745979517,1.6365972726775126,False
O00264,1.0,1.0,0.7429684706712294,0.01640161135564,45.298504796953736,True
O00267;O00267-2,0.32432432432432434,0.3333333333333333,0.4932955607806324,0.514895005015811,0.9580507792369916,False
O00291;O00291-3;O00291-4,0.12432432432432433,0.3333333333333333,0.4340959414388159,0.10500500428174497,4.134050033216209,False
O00299,1.0,1.0,0.9023869747790343,0.05546195012119881,16.270379472901396,True
O00303,0.9027027027027027,1.0,0.47137366093355126,0.08409264090759017,5.605409175477628,False
O00329,0.8486486486486486,0.8888888888888888,0.7968524830641925,0.27649876103428017,2.8819387113470616,False
O00330,0.4756756756756757,0.8888888888888888,0.4424019356426703,0.16960103785629155,2.608486016562775,False
O00339;O00339-2;O00339-3,0.08108108108108109,0.0,0.5080467024773512,,,False
O00391,1.0,1.0,0.5584755789424563,0.11951191064924949,4.672970048830555,False
O00399,0.8162162162162162,1.0,0.29025646445937525,0.10708256750375789,2.710585590406106,False
O00400,0.6702702702702703,1.0,0.3738086524335644,0.03955956271873795,9.449261486818827,False
O00401,0.2918918918918919,0.2222222222222222,1.0474080872056737,0.42948406390327154,2.4387589092050015,False
O00408-2,0.5405405405405406,1.0,0.417339494856412,0.196530343378301,2.123537198798232,False
O00410;O00410-3,0.972972972972973,1.0,0.6440003613640268,0.07201447685789297,8.942651387093187,False
O00421;O00421-2,0.8324324324324325,1.0,0.5287002623977788,0.258598295733405,2.0444847128568404,False
O00429,0.9945945945945946,1.0,0.7843042774267985,0.028683444167775463,27.343448465924762,True
O00429-9,0.2756756756756757,0.8888888888888888,0.4866483701377984,0.2702120667535368,1.8009868174454078,False
O00442,0.9351351351351351,1.0,0.46898185402131176,0.12612869283718275,3.7182804599958232,False
O00443,0.32432432432432434,0.8888888888888888,0.37797809479353894,0.2119249209141998,1.7835471787037622,False
O00453;O00453-10;O00453-11;O00453-13;O00453-2;O00453-3;O00453-4;O00453-6,0.15135135135135136,0.2222222222222222,0.3565875924038435,1.0563029749588955,0.33758078965717164,False
O00458;O00458-2,0.11351351351351352,0.2222222222222222,0.8214644207780548,0.2349888585905191,3.4957590147263167,False
O00461,0.4648648648648649,0.8888888888888888,0.421829642193031,0.32859190167515084,1.2837493560935531,False
O00462,0.7675675675675676,1.0,0.45482909753963074,0.36136514745331816,1.2586412960546685,False
O00468-6,0.3081081081081081,0.7777777777777778,0.46123041398990416,0.3258994593934812,1.4152536946464476,False
O00469-2,0.42162162162162165,0.8888888888888888,0.4108092253242992,0.48511314751835766,0.8468317699197244,False
O00471,0.8756756756756757,1.0,0.36340445810647815,0.08667844410840253,4.192558621056859,False
O00478;O00478-2,0.24864864864864866,0.2222222222222222,0.47035338130437676,0.1904137845863012,2.470164554138141,False
O00479,0.31891891891891894,0.5555555555555556,1.1113444022591636,0.5879119439588312,1.890324586324421,False
O00481,0.7567567567567568,1.0,0.4032112063572848,0.2539954966125233,1.5874738400279353,False
O00483,0.9783783783783784,1.0,0.8414843170238111,0.05880376743414217,14.310040899441338,True
O00487,0.9945945945945946,1.0,0.6629309250712607,0.0421382727998072,15.732275696746022,True
O00499;O00499-10;O00499-11;O00499-2;O00499-3;O00499-4;O00499-5;O00499-6;O00499-7;O00499-8;O00499-9,0.0972972972972973,0.3333333333333333,0.6258035903642076,0.5056693068530151,1.2375747981597633,False
O00501,0.42702702702702705,0.7777777777777778,0.5943743084197219,0.6979958871354821,0.8515441414117573,False
O00505,0.8918918918918919,1.0,0.5608797962297878,0.03383233749516634,16.57821592462895,True
O00506,0.10270270270270271,0.6666666666666666,0.542831051748939,0.5154304212545657,1.0531606776869702,False
O00507,0.1783783783783784,0.3333333333333333,0.5537205434418233,0.0212203139286693,26.0938902837686,False
O00522,0.5891891891891892,1.0,0.39571811866871265,0.24622316843158565,1.6071522480577003,False
O00533-2,0.8432432432432433,0.6666666666666666,0.7276466280983982,0.5915008882041324,1.2301699669591717,False
O00534,0.7837837837837838,1.0,0.4480832151971299,0.025169005257600574,17.80297674107788,True
O00555;O00555-4;O00555-6,0.16756756756756758,0.7777777777777778,0.4904476758380394,0.6536845084949796,0.7502819318255362,False
O00559-2,0.2864864864864865,1.0,0.47111089242156545,0.29698173775713244,1.586329502882879,False
O00560,0.9459459459459459,1.0,0.7584278456348965,0.15464044449940317,4.904459813796149,False
O00562,0.42702702702702705,0.8888888888888888,0.4628499575162799,0.4015278402469358,1.1527219562948152,False
O00567,0.15675675675675677,0.1111111111111111,0.5241572080062955,,,False
O00571;O00571-2,0.9513513513513514,1.0,0.45474464114979973,0.009835228614633706,46.236306136614985,True
O00584,0.22702702702702704,0.7777777777777778,0.4756505788882146,0.342360549307573,1.3893264859231644,False
O00587,0.3621621621621622,0.4444444444444444,0.4732701405586912,0.481231896233119,0.9834554697293569,False
O00592;O00592-2,0.9621621621621622,1.0,0.6032249788628663,0.3964332651293301,1.5216305792756157,False
O00602,0.9675675675675676,1.0,0.7960453463077624,0.061081923807023486,13.032420996147952,True
O00622,0.7513513513513513,0.7777777777777778,0.6795214268347163,0.2866169820288249,2.3708344914690964,False
O00625,0.21621621621621623,0.3333333333333333,0.39637491842742456,0.30955329772587703,1.2804739000985603,False
O00628;O00628-2,0.2594594594594595,1.0,0.4347588311361257,0.4053825575791006,1.0724655587858958,False
O00629,0.518918918918919,1.0,0.41097398361899007,0.39035060140446554,1.052832971539745,False
O00743;O00743-2,0.8540540540540541,1.0,0.30899548194961923,0.09575380246958431,3.2269787097778178,False
O00746,0.2648648648648649,0.5555555555555556,0.4032998618395993,0.45789788474240645,0.8807637582044704,False
O00764,0.24864864864864866,0.3333333333333333,0.3504949424431185,0.022043856665213468,15.899892099925538,False
O14498,0.9297297297297298,1.0,0.5170630926147393,0.195935403604647,2.6389467299031613,False
O14521;O14521-2;O14521-4,0.10270270270270271,0.5555555555555556,0.41795201323327724,0.21848434600809874,1.9129609094181268,False
O14523,0.9243243243243243,1.0,0.49531236561776026,0.047865334110312574,10.348039449097783,False
O14526-2,0.05945945945945946,0.0,0.7731047751217854,,,False
O14530,0.4756756756756757,1.0,0.4057347723335303,0.24156487881869992,1.6796099429588176,False
O14545,0.3621621621621622,1.0,0.3259806358295414,0.16242819443939105,2.0069215012494572,False
O14548,0.6810810810810811,1.0,0.4444691481002314,0.08011040041032658,5.548207796037148,False
O14556,0.35135135135135137,0.1111111111111111,0.6132913872415067,,,False
O14561,0.372972972972973,1.0,0.4476345101612882,0.32433987005159715,1.3801402525384157,False
O14562,0.25405405405405407,0.6666666666666666,0.4131217285126745,0.29729519110692504,1.3896011132049941,False
O14569,0.21621621621621623,0.7777777777777778,0.3775169583691538,0.1274931656910674,2.961076041392891,False
O14576;O14576-2;O14576-3;O14576-4;O14576-5,0.2864864864864865,0.7777777777777778,0.40995990101845337,0.35150932360131826,1.1662845719660901,False
O14578;O14578-4,0.8108108108108109,1.0,0.6972574431312104,0.2910232438880289,2.3958823144706614,False
O14579,0.7837837837837838,1.0,0.38038573839358314,0.08194019757435278,4.6422360410886245,False
O14602,0.10810810810810811,0.3333333333333333,0.6662165733042551,0.4893165650464262,1.3615246670446253,False
O14607;O14607-4;O14607-5,0.14594594594594595,0.1111111111111111,1.0589103416473016,,,False
O14617-5,0.972972972972973,1.0,0.5975125277846001,0.06462881225529493,9.24529643875123,False
O14618,0.9837837837837838,1.0,1.083972148856967,0.05133703364525388,21.114818521603077,True
O14639-6,0.8216216216216217,1.0,0.5894396550956111,0.06712927543603442,8.780664639487602,False
O14653;O14653-2,0.6972972972972973,1.0,0.4611397027734405,0.20070571502874301,2.2975912903496587,False
O14656,0.7783783783783784,1.0,0.42642515315964324,0.2561780971508796,1.6645652298232754,False
O14657,0.2918918918918919,0.8888888888888888,0.4731724607628802,0.22680873282780745,2.0862179990314194,False
O14662-2,0.9027027027027027,1.0,0.5002473106848608,0.06632542446840617,7.542316007689502,False
O14672,1.0,1.0,0.6088595810391375,0.020967408870877335,29.038379743946926,True
O14681,0.4486486486486487,0.8888888888888888,0.4199970935733468,0.5505714202652117,0.7628385312318484,False
O14713,0.2594594594594595,0.8888888888888888,0.4770261861967775,0.25239788689428266,1.8899769410374692,False
O14717,0.7135135135135136,0.6666666666666666,0.6442323174596325,0.11202269312969193,5.750909029778333,False
O14727;O14727-4,0.8,1.0,0.40308049650863254,0.10453331140247357,3.8560004567031676,False
O14730,0.5837837837837838,1.0,0.42629530333364585,0.11376670661550214,3.7471006766012662,False
O14732;O14732-2,0.22162162162162163,0.4444444444444444,0.6933001659314879,0.16866562520941386,4.1105006729776274,False
O14733;O14733-3;O14733-4,0.9459459459459459,1.0,0.9853482976649275,0.6934511026666126,1.4209340700099067,False
O14734,0.7027027027027027,1.0,0.46179809360601887,0.1241770759555294,3.718867512804047,False
O14735-3,0.918918918918919,1.0,0.7460521343500295,0.14939641864939546,4.993775226304921,False
O14737,0.4918918918918919,0.8888888888888888,0.5053343508733938,0.13990758904414857,3.611915224369515,False
O14744,0.9513513513513514,1.0,0.44815886730059784,0.1013886380591078,4.420207982666944,False
O14745,1.0,1.0,0.5826447792196774,0.04989047815538683,11.678476550274702,False
O14746-2;O14746-4,0.0972972972972973,0.1111111111111111,0.5607635605211563,,,False
O14772,0.4594594594594595,0.8888888888888888,0.3659642842469246,0.18260006242909643,2.0041848802161746,False
O14773,0.9297297297297298,1.0,0.6441669323356631,0.12566937010630497,5.125886536956109,False
O14775-2,0.8648648648648649,1.0,0.6216137036326028,0.09736318503153107,6.384484067887603,False
O14786;O14786-2;O14786-3,0.8054054054054054,0.7777777777777778,0.6458270805670505,0.45605304313127526,1.4161227302262482,False
O14787-2,0.6216216216216216,1.0,0.42045392745005117,0.2722505384295584,1.544363988682574,False
O14791,1.0,1.0,0.5019158326839097,0.15698011529607925,3.197321085777325,False
O14795;O14795-2,0.24324324324324326,0.6666666666666666,0.43310117167157003,0.6266059444689818,0.6911858648877044,False
O14817,0.2594594594594595,0.6666666666666666,0.4885502574998428,0.14750866528902407,3.3120105625157144,False
O14818,0.8918918918918919,1.0,0.36202459049615676,0.1997939137670972,1.8119900835326461,False
O14828,0.9351351351351351,1.0,0.6185482703572607,0.10946460741854658,5.650669060477169,False
O14841,0.43783783783783786,1.0,0.3115215325719394,0.3418724614013957,0.911221486793518,False
O14867,0.3783783783783784,0.5555555555555556,1.1723842892473249,0.22751390696592289,5.15302253335628,False
O14874;O14874-2;O14874-3,0.42702702702702705,0.8888888888888888,0.630164113373402,0.20370461148642516,3.0935191342754456,False
O14879,0.40540540540540543,0.4444444444444444,0.7544072011626604,0.09569836738187565,7.883177339402948,False
O14880,0.6,1.0,0.5502055969598931,0.3166004893002512,1.737854537672872,False
O14893;O14893-2;O14893-3;O14893-5,0.3027027027027027,1.0,0.3958898750582218,0.47760798520891434,0.8289012900089022,False
O14907,0.2918918918918919,0.4444444444444444,0.43234390204163997,0.03834381253369834,11.275454199075167,False
O14908,0.5243243243243243,1.0,0.4769983783550771,0.2914869704387435,1.636431218991036,False
O14920,0.8108108108108109,1.0,0.36432746557238715,0.08360764276243415,4.357585664836894,False
O14933,0.6432432432432432,1.0,0.4199488332417509,0.32396787712168695,1.2962668921771283,False
O14949,0.8162162162162162,1.0,0.4829175831525401,0.0820340130891104,5.886797012209621,False
O14950;P19105,0.972972972972973,1.0,0.8003177524872065,0.06293645010259041,12.716283666820065,False
O14960,0.9945945945945946,1.0,0.8571814634662891,0.13561014141326488,6.320924486422243,False
O14964,1.0,1.0,0.33295534075371336,0.04359562075336321,7.637357491417927,False
O14966,0.35135135135135137,0.8888888888888888,0.5967854495700404,0.3214963309025993,1.8562745269738175,False
O14972,0.518918918918919,1.0,0.38021316517135606,0.24085014130837834,1.5786296121974903,False
O14974-2,0.1945945945945946,0.7777777777777778,0.4876865373684742,0.41767652027981406,1.1676177943681354,False
O14974-4,0.9459459459459459,1.0,0.6230174495994767,0.034400237137962364,18.110847524127852,True
O14975,0.6270270270270271,1.0,0.49136903391238196,0.20313117271372505,2.4189740419845536,False
O14976,0.9243243243243243,1.0,0.48196852947667423,0.13141496247136253,3.6675316144590693,False
O14979,0.7891891891891892,1.0,0.49465571859251334,0.09403101543445125,5.260559149627991,False
O14980,0.9675675675675676,1.0,0.5161407717277289,0.034694442839212414,14.87675631857605,True
O14986;O14986-2;O14986-3,0.23783783783783785,0.4444444444444444,0.3721304343295504,0.7130909146614348,0.5218555259622576,False
O15013;O15013-4;O15013-5;O15013-6;O15013-7,0.3783783783783784,0.8888888888888888,0.42277945807981254,0.19773404972237252,2.1381216774420686,False
O15018,0.021621621621621623,0.0,0.2855819476929984,,,False
O15021,0.4648648648648649,0.8888888888888888,0.3967076794645399,0.17502921095785506,2.266522698088734,False
O15027;O15027-2;O15027-3;O15027-4;O15027-5,0.8972972972972973,1.0,0.3493764178452423,0.09652799363731646,3.6194310549740667,False
O15031,0.9837837837837838,1.0,0.3547440500611705,0.03881179965255299,9.14010824638058,False
O15037,0.23243243243243245,0.3333333333333333,0.4150585121039043,0.10753634825009684,3.859704359112181,False
O15040,0.9621621621621622,1.0,0.5689415793460633,0.33345681665746163,1.7061926790073683,False
O15066,0.21621621621621623,0.5555555555555556,0.3923798373559979,0.5323512456630102,0.737069445319534,False
O15067,0.8216216216216217,1.0,0.40964351335781224,0.07473729700864595,5.481112239186585,False
O15068-8,0.4648648648648649,1.0,0.4127206233854501,0.6097254255690778,0.6768958716134295,False
O15083,0.7081081081081081,1.0,0.5309337890160695,0.12415299001723312,4.2764478643838775,False
O15084-1,0.7621621621621621,1.0,0.37736443185740676,0.12705119232734852,2.9701762332550485,False
O15111,0.7621621621621621,1.0,0.4274411869967363,0.13562929508890598,3.151540282772579,False
O15116,0.4864864864864865,0.7777777777777778,0.5370555504681755,0.3915852186147415,1.371490865687027,False
O15117-3,1.0,1.0,0.73545132165426,0.030348766871362898,24.23331810388092,True
O15120,0.772972972972973,1.0,0.5727180376269061,0.06505128238745073,8.804100651171654,False
O15121,0.12972972972972974,0.0,0.28230551678031635,,,False
O15126,0.7945945945945946,1.0,0.477930057277689,0.10402192671869415,4.594512641264108,False
O15127,0.9351351351351351,1.0,0.6944860579015479,0.015840378244952547,43.842769860804445,True
O15143,1.0,1.0,0.7452731268139203,0.03541201851226461,21.04576802239619,True
O15144,1.0,1.0,0.711627869943193,0.02848357601119389,24.983796615408373,True
O15145,1.0,1.0,0.7081929445375614,0.04631197192196623,15.291789901126158,True
O15155,0.6,1.0,0.4380784510551532,0.15240993182628237,2.8743431993295374,False
O15160,0.1837837837837838,0.1111111111111111,0.4508379737363386,,,False
O15169;O15169-2,0.3081081081081081,0.5555555555555556,0.5220316922200343,0.306065059317552,1.7056232860556952,False
O15173,0.9891891891891892,1.0,0.7526072466269316,0.08247129692010091,9.12568705395849,False
O15194,0.8486486486486486,1.0,0.5980180963813897,0.12042696623767846,4.965815506812007,False
O15204;O15204-2,0.9891891891891892,1.0,0.39826904176904065,0.2764332995381604,1.4407419165289865,False
O15211,0.5621621621621622,1.0,0.4036147867844999,0.23840026569560457,1.6930131583823207,False
O15212,0.7783783783783784,1.0,0.40793549840338716,0.2919548461723558,1.3972554446401007,False
O15228,0.6216216216216216,1.0,0.46669678984693164,0.11558219650530788,4.037791320443539,False
O15230,0.9459459459459459,1.0,0.5665628595651313,0.1436436041824134,3.94422614769295,False
O15231-3,0.8486486486486486,1.0,0.3966851189695024,0.08364336275269224,4.742577365551151,False
O15231-8,0.1837837837837838,0.4444444444444444,0.5861232311178872,0.14668394300932253,3.995824076536012,False
O15254,0.35135135135135137,0.8888888888888888,0.4265245591995761,0.16679078703172756,2.557242919649039,False
O15258,0.8702702702702703,1.0,0.5150015508356685,0.09121544898107281,5.64599041706774,False
O15260-2,1.0,1.0,0.7180408095518285,0.05219641908580286,13.756514759594527,True
O15269,0.7783783783783784,1.0,0.3349185587776162,0.07288330168693591,4.595271496017438,False
O15270,0.9945945945945946,1.0,0.5988875375506693,0.18300677052928194,3.27248842115841,False
O15294,0.6162162162162163,0.8888888888888888,0.45047515553106265,0.06347047636935876,7.097396794528167,False
O15305,0.8378378378378378,1.0,0.4552150895709506,0.16643189491810872,2.7351433437378994,False
O15315-1,0.9891891891891892,1.0,0.5197157544657927,0.1700003011761968,3.057146080742135,False
O15321;O15321-2,0.3081081081081081,0.8888888888888888,0.3116172723993387,0.31121252228022556,1.0013005585898265,False
O15327,0.8756756756756757,1.0,0.589026179016864,0.0978847686974671,6.017546824239529,False
O15335,1.0,1.0,0.9211934556615038,0.10168185030317822,9.059566214765375,False
O15357,0.9459459459459459,1.0,0.4799101311979488,0.057686439856549754,8.319288421877875,False
O15371;O15371-2;O15371-3,0.8648648648648649,1.0,0.4204542312520605,0.05349132667441836,7.860231880416944,False
O15372,0.8486486486486486,1.0,0.39776563803698295,0.08275920739782094,4.806300719205005,False
O15382,0.17297297297297298,0.4444444444444444,0.36050169592497117,0.02290493061285037,15.739043353517893,False
O15397,0.3081081081081081,0.6666666666666666,0.47655863948319777,0.4950265016456008,0.9626931849082606,False
O15400;O15400-2,1.0,1.0,0.575974975156031,0.08598301666568986,6.6987062967966855,False
O15417,0.9135135135135135,1.0,0.561768388956775,0.16546780910872982,3.3950312872495574,False
O15427,0.8648648648648649,1.0,0.39565863396898227,0.09163787972465798,4.31763191332894,False
O15438,0.6918918918918919,1.0,0.4256928396017017,0.0686696482429916,6.19914111246591,False
O15439,0.9891891891891892,1.0,0.6664777376986262,0.038166158635132064,17.462531245812393,True
O15484,0.2756756756756757,0.5555555555555556,1.2836971643130664,0.47376213896035146,2.7095815784901656,False
O15498,0.9243243243243243,1.0,0.5061211507199559,0.14699245285310525,3.443177801963347,False
O15503,0.3027027027027027,0.4444444444444444,0.7428249677698728,0.4821738317634896,1.5405750350513316,False
O15511,1.0,1.0,0.7329255688422585,0.04801978484880465,15.26299151797435,True
O15523;O15523-2,0.2918918918918919,1.0,0.49663366307429246,0.27495208400330107,1.8062553149018135,False
O15525,0.2702702702702703,0.7777777777777778,0.4416231810311473,0.3295144226163025,1.3402241319961523,False
O15530;O15530-3,0.5459459459459459,1.0,0.40566083482713466,0.2223322169805737,1.8245706372935566,False
O15533-2,0.9297297297297298,1.0,0.7019885213358723,0.06059399337417304,11.585117306942188,False
O15539;O15539-2,0.7351351351351352,1.0,0.5605402965480364,0.171990470009165,3.2591357911759085,False
O15551,0.745945945945946,1.0,0.890499967653037,0.09806885867851634,9.08035414761196,False
O43147;O43147-2,0.3027027027027027,0.5555555555555556,0.40743994584445353,0.30891958386350993,1.3189191204675224,False
O43149,0.9297297297297298,1.0,0.536745836366677,0.04177653470301834,12.848021986081514,True
O43150,0.9405405405405406,1.0,0.6847246485045249,0.023754204383346078,28.825408649955918,True
O43156,0.22162162162162163,0.4444444444444444,0.4625376835812691,0.13983305251588618,3.307785071263613,False
O43157,0.41621621621621624,0.3333333333333333,0.6930753815074198,0.44948485818283856,1.5419326566624743,False
O43169,0.5783783783783784,1.0,0.5162113263702679,0.1645421200614372,3.1372594821163324,False
O43175,0.3945945945945946,0.7777777777777778,0.6417088463065745,0.39380176190575433,1.6295225374338218,False
O43181,0.4648648648648649,1.0,0.444165230416413,0.25150015992599606,1.766063411439216,False
O43182;O43182-4,0.9837837837837838,1.0,0.7451127326164659,0.024938444495564482,29.87807570552328,True
O43187,0.2918918918918919,0.8888888888888888,0.4267996007153396,0.22604876285196607,1.8880864258250354,False
O43236-7,0.7567567567567568,0.8888888888888888,0.48719932085524764,0.32684039880727056,1.4906337240842025,False
O43237,0.7081081081081081,1.0,0.54933917916747,0.12400267937361065,4.430058946648667,False
O43242,0.9621621621621622,1.0,0.5015612134425149,0.05184978343281266,9.673352138344836,False
O43252,0.6162162162162163,1.0,0.4248582201936273,0.19641542127982703,2.1630593841628394,False
O43255,0.22702702702702704,0.3333333333333333,0.4354039113354844,0.010482311884681295,41.53701169412614,False
O43264,0.7945945945945946,1.0,0.3842875578390874,0.08359781527078525,4.596861252824912,False
O43286,0.31891891891891894,0.5555555555555556,0.5563051329487845,0.7461164752571996,0.7456009234443137,False
O43291;O43291-2,0.31891891891891894,0.8888888888888888,0.38144823303936626,0.38625673348069967,0.9875510249413589,False
O43292,0.2756756756756757,0.5555555555555556,0.48835846130185345,0.27916141875275535,1.7493766276291118,False
O43293,0.0972972972972973,0.4444444444444444,0.35575784984983727,0.15179813326149816,2.3436246691978995,False
O43294;O43294-2,0.9945945945945946,1.0,0.8090844513001283,0.07117059665801406,11.368240387078762,False
O43299,0.17297297297297298,0.4444444444444444,0.4255292859518107,0.36207938082824587,1.1752375542026863,False
O43304,0.7351351351351352,1.0,0.42098998060714177,0.0977479878463079,4.306891526699015,False
O43306;O43306-2,0.8972972972972973,1.0,0.46370499562085676,0.021324011786173713,21.74567338785278,True
O43310;O43310-2,0.4972972972972973,1.0,0.44952048547439283,0.4261028049522615,1.054957818277575,False
O43312-5,0.9621621621621622,1.0,0.6719867653049842,0.02576910693570511,26.0772236686982,True
O43314;O43314-2,0.7189189189189189,1.0,0.3469340922419164,0.13063620944397236,2.655726874796612,False
O43318,0.7243243243243244,1.0,0.367375259161129,0.15852612921344722,2.3174429413240594,False
O43318-2,0.21621621621621623,0.5555555555555556,0.4223351878994954,0.14149439269553277,2.9848192557586017,False
O43324,0.4918918918918919,1.0,0.48726999837023754,0.3453420274319843,1.4109779860668892,False
O43353;O43353-2,0.41081081081081083,0.8888888888888888,0.4354988624318743,0.34131791554092494,1.2759332065581446,False
O43390;O43390-2,0.9135135135135135,1.0,0.41708939526087185,0.08276565157781057,5.039402062445592,False
O43396,0.8594594594594595,1.0,0.5944157807919233,0.06704756660483291,8.865583210428948,False
O43399-6,0.32972972972972975,0.7777777777777778,0.47533264316037105,0.6771788334184734,0.7019307451782559,False
O43399;O43399-5;O43399-7,0.9405405405405406,1.0,0.7051856453127892,0.14082790251675803,5.007428447845231,False
O43402,0.4810810810810811,1.0,0.5359655901145821,0.21218375579474902,2.52595015158953,False
O43405,0.372972972972973,1.0,0.4795680482218412,0.2232743617922459,2.14788677200687,False
O43414;O43414-2;O43414-3,0.5135135135135135,1.0,0.47552822139984485,0.11808034398863754,4.027158164830578,False
O43426,0.6270270270270271,1.0,0.3207821646257525,0.14871326746882652,2.1570514190537526,False
O43427;O43427-2,0.8216216216216217,1.0,0.3836058044511468,0.0482221870692765,7.954964877475479,False
O43432-3,0.8432432432432433,1.0,0.4861090068607874,0.09756950215931326,4.982181891909828,False
O43447,0.4648648648648649,1.0,0.2749722194117954,0.3487582199918666,0.7884322251048534,False
O43464,0.4594594594594595,1.0,0.46295712879832784,0.12854463843874164,3.6015281105555528,False
O43488,1.0,1.0,0.7943299181047916,0.058212900432829784,13.645255814410868,True
O43491,0.8702702702702703,1.0,0.4332503234946099,0.11108450208666731,3.900186932976404,False
O43493-3,0.6270270270270271,1.0,0.43471792295832756,0.19291214677466506,2.2534502374602083,False
O43504,0.6324324324324324,1.0,0.6128729379295503,0.18455083245997805,3.320889587764167,False
O43508-2;O75888;O75888-2;O75888-4;O75888-5,0.5945945945945946,1.0,0.508519953313578,0.4329862094266783,1.1744483825175742,False
O43516;O43516-3,1.0,1.0,0.622651533545687,0.04700565608733598,13.246310877754956,True
O43561;O43561-2;O43561-3,0.7783783783783784,1.0,0.5177548456897609,0.15011999127241182,3.4489400199219897,False
O43572,0.4864864864864865,1.0,0.48575832958222076,0.23955450536579015,2.0277570185561204,False
O43583,0.8918918918918919,1.0,0.7125605609256151,0.09782701495123192,7.283883304431155,False
O43592,0.7891891891891892,1.0,0.3151818868992864,0.07390387627046913,4.264754473037408,False
O43597,0.22162162162162163,0.7777777777777778,0.33711127979060684,0.19281460688550212,1.7483700287851713,False
O43598,0.2756756756756757,0.7777777777777778,0.5306679656097799,0.26951652838869933,1.9689626041948918,False
O43610,0.0918918918918919,0.3333333333333333,0.4210422439897208,0.5054347791661051,0.8330298217395726,False
O43615,0.5351351351351351,1.0,0.4272283220897979,0.14967442634802453,2.854384229249706,False
O43617,0.8810810810810811,1.0,0.45283611388719613,0.1321768964118668,3.4259853739956676,False
O43633,0.972972972972973,1.0,0.6245644608601006,0.08086496101900842,7.723548654321223,False
O43639,0.9837837837837838,1.0,0.6965265854584413,0.035537598364545175,19.59970897057989,True
O43665,0.8702702702702703,1.0,0.6209982523012982,0.20916609374573447,2.9689240793309133,False
O43670;O43670-2;O43670-4,0.7945945945945946,0.8888888888888888,0.7171409257775228,0.24761121898534633,2.896237612803656,False
O43674;O43674-2,0.5243243243243243,1.0,0.4102626620148264,0.1637760881479391,2.5050217443479035,False
O43676,0.7189189189189189,1.0,0.7184670013113088,0.19657787187670195,3.654872211466138,False
O43678,0.6702702702702703,1.0,0.4776588430415165,0.2619117695480071,1.823739512988797,False
O43681,0.9945945945945946,1.0,0.728151463274326,0.053346686373091146,13.649422537359628,True
O43684;O43684-2,0.6162162162162163,0.8888888888888888,0.4982948061600325,0.09937085764995857,5.014496381980661,False
O43707,1.0,1.0,0.7715617766295644,0.05382300404578899,14.335167468043432,True
O43708,0.4864864864864865,1.0,0.40480272853106314,0.13376686714526898,3.0261808261641723,False
O43741,0.3783783783783784,0.8888888888888888,0.3947082131918558,0.3491620261241559,1.130444274176323,False
O43747,0.9783783783783784,1.0,0.665791926262866,0.027551341127937334,24.165499718187814,True
O43752,0.7243243243243244,1.0,0.5736445161565031,0.08712360765489358,6.584260358326456,False
O43760-2,0.918918918918919,1.0,0.3361905816666768,0.14980499874430286,2.244188007641249,False
O43765,0.7027027027027027,1.0,0.4705462867660657,0.10116615389018513,4.651222456048285,False
O43768;O43768-3,0.918918918918919,1.0,0.7564228165132949,0.11147249095917644,6.785735296704842,False
O43772,0.8324324324324325,1.0,0.5020887219565067,0.09441145295000553,5.318091251305939,False
O43776,0.7945945945945946,1.0,0.43137207277442435,0.13051029907601652,3.3052722722148467,False
O43805,0.12972972972972974,0.1111111111111111,0.38980697597858427,,,False
O43808,0.3567567567567568,0.8888888888888888,0.4207759638147195,0.25587493667770644,1.6444594741403618,False
O43809,0.4648648648648649,1.0,0.5236029862346978,0.30891511123784987,1.694973690787009,False
O43813,0.9945945945945946,1.0,0.43840747536678926,0.0939716181776653,4.665317931824097,False
O43815,0.8972972972972973,1.0,0.608121892080633,0.07376621452384846,8.243908081849971,False
O43819,0.12432432432432433,0.3333333333333333,0.45306381969117915,0.10757310792647523,4.21168290499557,False
O43820;O43820-2,0.25405405405405407,0.8888888888888888,0.6358840383935505,0.26964226263403823,2.3582506398730976,False
O43826;O43826-2,0.5243243243243243,1.0,0.38234800021952786,0.18778100472723658,2.0361377913325778,False
O43837,0.572972972972973,1.0,0.4223356355153598,0.19471256740088094,2.1690209376462106,False
O43847-2,0.772972972972973,1.0,0.364314758882621,0.08946335123752469,4.072223472999211,False
O43852-8,0.6162162162162163,1.0,0.5277903211886601,0.06910699375640306,7.637292443208877,False
O43852;O43852-3,0.9567567567567568,1.0,0.7093508359006133,0.04577611221970557,15.496091771534369,True
O43861;O43861-2,0.6378378378378379,1.0,0.4272978573833983,0.2342358267255964,1.8242207580139782,False
O43865,0.7027027027027027,1.0,0.46748579708013516,0.13015531351734744,3.591753455519336,False
O43866,1.0,1.0,0.748207764947729,0.11786851958616751,6.347816767145815,False
O43895,0.16216216216216217,0.0,0.5482885671304629,,,False
O43903,0.4918918918918919,0.4444444444444444,0.43689613244320924,0.04460004221496572,9.795868137017301,False
O43920,0.8648648648648649,1.0,0.7036560462552801,0.13566057103464502,5.186886955352564,False
O43924,0.22162162162162163,0.4444444444444444,0.4316594285260713,0.17773369150743967,2.4286865639540416,False
O43933,0.3837837837837838,0.8888888888888888,0.552461950845796,0.3414944780084719,1.6177771133156957,False
O60220,0.5675675675675675,0.8888888888888888,0.6112620515140446,0.23145771772755275,2.640923178174412,False
O60229,0.9891891891891892,1.0,0.7829821337593064,0.0749725189381536,10.443588462129767,False
O60229-5,0.3027027027027027,0.6666666666666666,0.5849335760100001,0.2770459901115121,2.1113230181550797,False
O60229-6,0.08648648648648649,0.0,0.3553304577726646,,,False
O60232,0.4,1.0,0.5398327802848719,0.16341365426371013,3.3034741357274364,False
O60234,1.0,1.0,0.7019430230146142,0.04778749113834024,14.688844429655365,True
O60237;O60237-6,0.4756756756756757,0.7777777777777778,0.6855407539992244,0.363199120208078,1.8875066481616911,False
O60239,0.6324324324324324,1.0,0.5051908249437869,0.23653274095455679,2.1358177430533614,False
O60240,0.9945945945945946,1.0,0.5999808623899856,0.21518032046736124,2.7882701405354178,False
O60256,0.9945945945945946,1.0,0.4631408759995317,0.10262456647120288,4.512963045056975,False
O60262,0.9459459459459459,1.0,0.5402446797081861,0.1582129158600445,3.414668624059036,False
O60266,0.9513513513513514,1.0,0.6434324316935802,0.1803716148908041,3.5672599154978477,False
O60268;O60268-3,0.8864864864864865,1.0,0.581533465396955,0.07507134814017569,7.746410312375057,False
O60271,0.8648648648648649,1.0,0.2871073831608877,0.11002970027801418,2.6093625851515356,False
O60306,1.0,1.0,0.6409538925595779,0.3728078733431097,1.7192606122073042,False
O60313-2,0.8864864864864865,1.0,0.5398901780897525,0.08746468270902419,6.172664913058093,False
O60331-3,0.9081081081081082,1.0,0.5918169183237136,0.03738884429211886,15.828703174129986,True
O60333-2,0.4486486486486487,0.6666666666666666,0.5328247615824306,0.11130783991281223,4.786947280620969,False
O60346,0.9891891891891892,1.0,0.5404817741325942,0.24043095863287967,2.2479707987933035,False
O60423-1;O60423-3,0.032432432432432434,0.1111111111111111,2.402322295717303,,,False
O60437,0.6432432432432432,0.8888888888888888,0.6314428958312597,0.07453668378871914,8.471572167352397,False
O60449;O60449-2;O60449-3,0.6,1.0,0.5278441258025133,0.22056499519081285,2.39314550047196,False
O60462;O60462-2;O60462-3;O60462-4;O60462-5,0.03783783783783784,0.0,0.34134267313531375,,,False
O60488;O60488-2,0.9675675675675676,1.0,0.46640255441653267,0.056530194390008504,8.25050328323243,False
O60493,0.9783783783783784,1.0,0.770539732963277,0.20972782696704506,3.6739985537749047,False
O60496,0.9405405405405406,1.0,0.5742340498634952,0.17763323446844304,3.2326948928327335,False
O60499,0.24864864864864866,0.7777777777777778,0.3957245353555203,0.470724939351264,0.8406704261322833,False
O60502;O60502-4,0.4972972972972973,0.8888888888888888,0.34820243233183223,0.12938231415374535,2.691267617288576,False
O60506-3,1.0,1.0,0.3501435493777585,0.0628497038953384,5.571124884865669,False
O60518,0.2918918918918919,1.0,0.5337075268817175,0.21344612230351956,2.5004320580853068,False
O60524;O60524-4,0.6378378378378379,1.0,0.32597097315962653,0.11546305189909845,2.8231626290675913,False
O60547;O60547-2,0.8594594594594595,1.0,0.4134990694374743,0.14986088250703133,2.7592195009132774,False
O60568,0.6702702702702703,1.0,0.3459564554312422,0.08173169526622814,4.232831024785959,False
O60573;O60573-2,0.3675675675675676,0.7777777777777778,0.4463776799482435,0.4016589000783153,1.1113352146839246,False
O60603,0.41621621621621624,0.6666666666666666,0.7481754589599188,0.32341200178246066,2.3133818622574505,False
O60610,1.0,1.0,0.7586032087308396,0.016543313621649958,45.85557803474561,True
O60613,0.4756756756756757,1.0,0.41932816480435076,0.41441352234176954,1.0118592714707029,False
O60637;O60637-2;O60637-3,0.972972972972973,0.8888888888888888,0.5330763751248435,0.1964734308663596,2.7132237309350993,False
O60645,0.9243243243243243,1.0,0.35792272844478745,0.07122598558988003,5.025170595823135,False
O60664;O60664-4,0.9891891891891892,1.0,0.4774676963716775,0.03272334119610143,14.591043546267265,True
O60669,0.6162162162162163,1.0,0.4735418602715562,0.3828600232143291,1.2368537626255705,False
O60674,0.918918918918919,1.0,0.30596288067295596,0.040949869934689076,7.4716447490782265,False
O60678,0.5351351351351351,1.0,0.4650645753569229,0.23733997942544605,1.959486878202121,False
O60684,0.654054054054054,1.0,0.3053819965068225,0.09637580683973113,3.1686582610370237,False
O60701,0.6270270270270271,1.0,0.4201517771442118,0.16396718385511733,2.5624138151659737,False
O60704,0.8324324324324325,1.0,0.4238440265342014,0.04935063805351092,8.58842039842782,False
O60716-3;O60716-5,0.8,1.0,0.45231312931285483,0.11260920747196579,4.016662042714924,False
O60749,0.9837837837837838,1.0,0.728982079505089,0.044861454026586145,16.24963112147622,True
O60762,0.8756756756756757,1.0,0.5756799813302855,0.06857220419533583,8.39523810100073,False
O60763,0.9027027027027027,1.0,0.5980462741078103,0.04404997649416664,13.576540141559601,True
O60784,0.6432432432432432,0.8888888888888888,0.8191394030628789,0.3450840578483554,2.37373875852255,False
O60814;P57053;P58876;P62807;Q5QNW6;Q5QNW6-2;Q93079;Q99877;Q99879;Q99880,1.0,1.0,0.7032180687820535,0.12009504052463882,5.8555129813023425,False
O60825,0.22702702702702704,0.2222222222222222,0.5428233312929596,0.4450302738621641,1.2197447301328632,False
O60826,0.7189189189189189,1.0,0.28227340223461717,0.17977466244217055,1.5701512015099355,False
O60830;O60830-2,0.22702702702702704,0.5555555555555556,0.34777747604876197,0.9602983753086196,0.36215564348632123,False
O60831,0.9135135135135135,1.0,0.770271237176825,0.10102867440487273,7.624283320693297,False
O60832,0.3027027027027027,0.5555555555555556,0.672573002094274,0.20920301676560094,3.2149297485889052,False
O60841,0.9945945945945946,1.0,0.3919591074519104,0.14112825841116106,2.77732547588012,False
O60858;O60858-3,0.4702702702702703,1.0,0.3454704778989086,0.16161696043047513,2.1375880166210908,False
O60869;O60869-2;O60869-3,0.42702702702702705,0.8888888888888888,0.4170871985487441,0.20730847419413845,2.011915818540799,False
O60884,0.9675675675675676,1.0,0.5682917993927195,0.056829605396641725,9.999925134554989,False
O60888-3,0.5459459459459459,0.8888888888888888,0.44082272961056823,0.5134260967426121,0.8585904230566586,False
O60890,0.8810810810810811,1.0,0.3843973360730768,0.032165971709702035,11.950434438675243,False
O60896,0.24324324324324326,0.5555555555555556,0.40141155271784257,0.24580806037893588,1.6330284373060409,False
O60906,0.14594594594594595,0.2222222222222222,0.4955080052416996,0.17406604548525006,2.8466666423101326,False
O60925,0.8324324324324325,1.0,0.4537875270405234,0.15317087791034822,2.962622746773886,False
O60927,0.21621621621621623,0.6666666666666666,0.45725067715524315,0.7331654866035882,0.6236663966186831,False
O75027;O75027-2,0.44324324324324327,1.0,0.39975295215074436,0.521406994059344,0.7666812235074209,False
O75030;O75030-12;O75030-2;O75030-3;O75030-4;O75030-5;O75030-6;O75030-7;O75030-8,0.043243243243243246,0.0,0.5251403877218879,,,False
O75044,0.4864864864864865,1.0,0.3400615408945775,0.250349738017011,1.358345902768513,False
O75052;O75052-3,0.15675675675675677,0.4444444444444444,0.4621497409198305,0.45901982271887753,1.0068186994243817,False
O75061-4,0.44324324324324327,1.0,0.47893085807961544,0.18406539785060083,2.601960301459518,False
O75063,0.372972972972973,0.7777777777777778,0.4823979440032069,0.3278112443718282,1.471572291327612,False
O75064,0.34594594594594597,0.8888888888888888,0.3445653969960327,0.2888408578463846,1.192924711431526,False
O75069;O75069-2;O75069-3;O75069-5,0.7621621621621621,1.0,0.49519525262094,0.09047260960950787,5.473427314170226,False
O75083,1.0,1.0,0.7744814475841899,0.044540240619490135,17.388353471204386,True
O75093,0.42702702702702705,0.6666666666666666,0.6018021498874546,0.07540544344442246,7.980884700068272,False
O75112;O75112-2;O75112-3;O75112-7,0.0918918918918919,0.0,0.7705907638616392,,,False
O75113,0.3837837837837838,0.7777777777777778,0.39517660292260715,0.6100654792477158,0.64776096397047,False
O75116,0.9945945945945946,1.0,0.702545542422718,0.06663253561713489,10.543581088666464,False
O75121,0.33513513513513515,0.6666666666666666,0.4409021260829711,0.25775616720132,1.7105395803725048,False
O75122-3,0.772972972972973,1.0,0.3791935461175253,0.08518947835162827,4.451178167242265,False
O75128;O75128-2,0.15675675675675677,0.0,0.9847537901833388,,,False
O75131,1.0,1.0,0.641843940334704,0.030910166616701318,20.764816582641913,True
O75140;O75140-1;O75140-4;O75140-8;O75140-9,0.07567567567567568,0.0,0.521828274301992,,,False
O75144;O75144-2,0.6648648648648648,0.5555555555555556,0.9300550829749525,1.131141202837096,0.8222272167632255,False
O75150;O75150-4,0.5513513513513514,0.8888888888888888,0.3882480726707884,0.10916234321769291,3.556611751146998,False
O75154;O75154-3,0.654054054054054,1.0,0.4039205847920293,0.22107651367423387,1.8270623960862,False
O75155,0.8054054054054054,0.7777777777777778,0.6458464010229328,0.054876207919532405,11.769151432073588,False
O75157;O75157-2,0.15135135135135136,0.3333333333333333,0.5740376398194078,0.3282967153556928,1.7485329976496022,False
O75164,0.05945945945945946,0.0,0.6947131703213625,,,False
O75165,0.972972972972973,1.0,0.3298672221352579,0.08291850379970178,3.978210013679049,False
O75167;O75167-2;O75167-4;O75167-5,0.17297297297297298,0.5555555555555556,0.3935621784786356,0.17738088474416536,2.218740644158283,False
O75170;O75170-3;O75170-4;O75170-5;O75170-6,0.6432432432432432,1.0,0.27065548979252263,0.1366448573781618,1.9807221068224268,False
O75175,0.5621621621621622,1.0,0.41356413632324696,0.18271924025232344,2.263385813952278,False
O75179;O75179-2;O75179-7,0.0918918918918919,0.0,0.46899101841844626,,,False
O75190,0.8756756756756757,1.0,0.5344090301522924,0.0640450544920963,8.344266928810919,False
O75190-3,0.2648648648648649,0.8888888888888888,0.46467699499127235,0.4694589189658904,0.9898139671408277,False
O75191,0.0972972972972973,0.2222222222222222,0.5638110246305299,0.7956588331956951,0.7086090182220833,False
O75208,0.16756756756756758,0.4444444444444444,0.49694317024979107,0.14834314653811287,3.349957054619403,False
O75223,0.8540540540540541,1.0,0.3952549537541721,0.24635073283257647,1.6044399349231613,False
O75251;O75251-2,0.4864864864864865,0.8888888888888888,0.3762924141184767,0.1287404620397643,2.922876057429797,False
O75298,0.9891891891891892,1.0,0.7964672804898072,0.14267506177626643,5.582386091682753,False
O75306;O75306-2,0.5783783783783784,1.0,0.4030494043353148,0.2507763405142249,1.607206658765532,False
O75312,0.5135135135135135,1.0,0.39188488048142034,0.2095765773329994,1.8698887321685216,False
O75317,0.5405405405405406,1.0,0.5890727014096484,0.19401895205945507,3.036160618108757,False
O75323,0.6810810810810811,1.0,0.5487204351928936,0.18493450033219183,2.9671069173531435,False
O75324,0.5567567567567567,1.0,0.513975169355442,0.14031795402949143,3.6629323233106494,False
O75326,0.918918918918919,1.0,0.5534407066972502,0.25551602584199706,2.1659725838076405,False
O75340,0.9945945945945946,1.0,0.3020925128417371,0.07035259998009202,4.293977947186337,False
O75347,0.8540540540540541,1.0,0.6490007553426018,0.16020482887181764,4.051068622044329,False
O75348,0.827027027027027,1.0,0.40889524221377194,0.1277140758046631,3.20164586117486,False
O75351,1.0,1.0,0.6057542668977085,0.05330481751582461,11.36396849530304,False
O75352;O75352-2,0.8216216216216217,1.0,0.8119539489929499,0.11047626882183437,7.349577946938018,False
O75354;O75354-2;O75354-3,0.2918918918918919,0.2222222222222222,0.4080250081183525,0.5635615312323363,0.7240114619358899,False
O75356,0.772972972972973,0.8888888888888888,0.5329911830796661,0.4554926566965065,1.17014220809886,False
O75365,0.41081081081081083,0.8888888888888888,0.3852580814493294,0.31917265594019906,1.2070522780670543,False
O75367;O75367-1;O75367-3,0.35135135135135137,0.4444444444444444,0.7784891602588111,0.2915119201888068,2.6705225630382396,False
O75368,0.9621621621621622,1.0,0.9485858896005075,0.178479033776334,5.3148309329669186,False
O75369;O75369-2;O75369-8;O75369-9,0.7513513513513513,1.0,0.45222908523297,0.13492049565899933,3.3518190325652415,False
O75376;O75376-2,0.22702702702702704,0.5555555555555556,0.6062565624561307,0.49984635567801305,1.2128858309545505,False
O75380,0.6270270270270271,1.0,0.5063531674072559,0.1779423285606061,2.8456026820779465,False
O75381;O75381-2,0.6324324324324324,1.0,0.3785824957151682,0.10392549708787158,3.6428259313021845,False
O75382;O75382-4,0.41081081081081083,0.8888888888888888,0.47318255116683794,0.07755688853378473,6.101102817717008,False
O75385,0.021621621621621623,0.0,0.8169667335956579,,,False
O75390,1.0,1.0,0.7521622173763163,0.0789123606990465,9.531614701591415,False
O75394,0.1945945945945946,0.5555555555555556,0.46101994233371535,0.2768170896870039,1.6654316496679773,False
O75396,0.972972972972973,1.0,0.7569709426209776,0.0994080218703175,7.614787301657429,False
O75410;O75410-9,0.8810810810810811,1.0,0.3947005596121933,0.05112834423952073,7.719799369272381,False
O75427,0.6054054054054054,1.0,0.37747287783377104,0.22638067251107508,1.6674253753500277,False
O75431;O75431-2,0.5243243243243243,1.0,0.45269066869343,0.11403003824273839,3.969924729217199,False
O75436,0.6054054054054054,1.0,0.45751497111215134,0.2541946859004405,1.7998604868212886,False
O75438,0.372972972972973,0.8888888888888888,0.5102717675870654,0.29644257172710375,1.721317436339091,False
O75439,0.40540540540540543,1.0,0.5610681185616411,0.1886329222087646,2.974391278001268,False
O75460,0.5459459459459459,1.0,0.46805306427264526,0.20467490721360093,2.2868121483215336,False
O75467;Q6AW86,0.34054054054054056,0.1111111111111111,0.7443136443926548,,,False
O75477,0.7297297297297297,1.0,0.4308204713778263,0.16498087707360654,2.611335804607312,False
O75478,0.23783783783783785,0.4444444444444444,0.8498475570783466,0.2647492034911849,3.210009873010413,False
O75489,0.5243243243243243,1.0,0.5332002329356573,0.3965854777888609,1.3444774526502685,False
O75493,0.23783783783783785,0.2222222222222222,0.7705000441824943,0.6713766160250492,1.147642062281399,False
O75503,0.3027027027027027,0.6666666666666666,0.4321050564988287,0.214486011031636,2.0146071737755173,False
O75506,0.2648648648648649,0.8888888888888888,0.5747845678258852,0.26541648700384446,2.1655948140763375,False
O75521;O75521-2,0.4540540540540541,1.0,0.49228862682211005,0.31368307196349576,1.5693821912053934,False
O75531,0.9675675675675676,1.0,0.7025881420782216,0.199719018983469,3.5178830021009455,False
O75533,0.13513513513513514,0.2222222222222222,0.7501604546260339,0.42188463637795603,1.7781174992918767,False
O75534;O75534-2;O75534-3;O75534-4,0.8054054054054054,1.0,0.31483845492680196,0.06191487998756884,5.085020838125095,False
O75558,1.0,1.0,0.6570105359599374,0.045195421514897305,14.537103846755224,True
O75563,1.0,1.0,0.8225556063176391,0.0810604370268635,10.147436116647675,False
O75569,0.20540540540540542,0.4444444444444444,0.40943862089468386,0.8525612457873519,0.4802454051457168,False
O75592,0.9135135135135135,1.0,0.333803140520029,0.06495190802573703,5.139235330665889,False
O75608;O75608-2,0.9621621621621622,1.0,0.7333561760978755,0.050286636767465254,14.583520060986594,True
O75636,1.0,1.0,1.0326553492212547,0.15693209715984224,6.580268586925527,False
O75648,0.05405405405405406,0.0,0.5801321895991416,,,False
O75663,0.8594594594594595,1.0,0.517487733218088,0.05828383196243969,8.87875274830208,False
O75674;O75674-2;O75674-3,0.6648648648648648,1.0,0.42350506057341164,0.12227967801996265,3.4634132787319962,False
O75683,0.8540540540540541,1.0,0.5593266736090365,0.2811387838603103,1.9895037814738135,False
O75688,0.6864864864864865,1.0,0.4765896288516096,0.18458698821722486,2.581924291926533,False
O75694;O75694-2,0.6324324324324324,1.0,0.7224809793816078,0.11810730014959603,6.117157690223258,False
O75695,1.0,1.0,0.420228022508784,0.038925999303351944,10.795561579137106,False
O75717;O75717-2,0.9945945945945946,1.0,0.7557907029814457,0.6673619478114361,1.1325049404749628,False
O75718,0.7513513513513513,1.0,0.38745650571653556,0.10794851613906786,3.589271252393903,False
O75746,0.8,1.0,0.5195892775728339,0.042335435149800205,12.273153110020319,False
O75787;O75787-2,1.0,1.0,0.7513318313686028,0.14652182602074326,5.127780971431764,False
O75791,0.9675675675675676,1.0,0.8073746042991452,0.08469238506506827,9.53302476579031,False
O75792,0.3027027027027027,0.6666666666666666,0.40454558487764025,0.15693398506978973,2.577807379948555,False
O75821,0.8108108108108109,1.0,0.4430414775986673,0.07165109993814944,6.183317185376204,False
O75822,0.8162162162162162,1.0,0.5287127673586536,0.15329002337352726,3.4491009638006274,False
O75828,0.5297297297297298,0.8888888888888888,0.6792205757016836,0.11355268836151033,5.981545531879378,False
O75832,0.518918918918919,0.8888888888888888,0.44161300065811826,0.3894931745816077,1.1338144786041437,False
O75840-3,0.04864864864864865,0.1111111111111111,0.9093667923764652,,,False
O75843,0.6486486486486487,1.0,0.4775079012452901,0.17534976851607986,2.7231738329982558,False
O75844,0.9243243243243243,1.0,0.6900104489691845,0.12248013877486663,5.633651756694263,False
O75874,1.0,1.0,0.5759196906474724,0.07327421256255562,7.8597868268567,False
O75880,0.43243243243243246,0.8888888888888888,0.44514547375942026,0.20018207597405535,2.2237029543899496,False
O75882,0.9891891891891892,1.0,0.8818068972090103,0.5169280714618907,1.705859955941703,False
O75886,0.9945945945945946,1.0,0.3070169567091501,0.3462486382296106,0.8866950590158148,False
O75915,1.0,1.0,0.7744698465550997,0.08336433289805711,9.290182259386249,False
O75923;O75923-10;O75923-11;O75923-12;O75923-13;O75923-14;O75923-2;O75923-3;O75923-4;O75923-5;O75923-6;O75923-7;O75923-8;O75923-9,0.25405405405405407,0.0,0.8265208109772182,,,False
O75935,0.9513513513513514,1.0,0.7249396041311105,0.05837493368325397,12.418679703598087,False
O75937,0.43783783783783786,0.7777777777777778,0.36563913745006715,0.1201034905107825,3.0443672860385456,False
O75947,0.9675675675675676,1.0,0.7880475974235637,0.06571455591262776,11.991979348857349,False
O75954,0.8108108108108109,1.0,0.5871434413343462,0.10070657672700101,5.8302392993259575,False
O75955,1.0,1.0,0.4381474753662573,0.06773775945542049,6.468290048102499,False
O75962;O75962-4,1.0,1.0,0.5574766883241651,0.34903073775310745,1.5972137351367182,False
O75964,0.9459459459459459,1.0,0.7704264410680466,0.10098803450553007,7.628888361282626,False
O76003,0.9891891891891892,1.0,0.7037793221481987,0.11008036680850353,6.393322829060858,False
O76014,0.1945945945945946,0.1111111111111111,0.6136678054124314,,,False
O76041,0.772972972972973,0.7777777777777778,0.8816373617898616,0.8075139237956002,1.0917921484819173,False
O76062,0.04864864864864865,0.0,0.5246783498254697,,,False
O76071,0.6918918918918919,1.0,0.4685653321172767,0.3049360541726873,1.5366019390148107,False
O76074,0.9945945945945946,1.0,0.9244380434810955,0.013475021682005206,68.6038260491712,True
O76076,0.3621621621621622,0.2222222222222222,0.8269745383224336,0.30702286822506775,2.69352749879272,False
O76094,0.43783783783783786,0.8888888888888888,0.42182983131883844,0.2741897726688336,1.5384593933353032,False
O76096,0.016216216216216217,0.0,0.16492728523352085,,,False
O94760,0.8594594594594595,1.0,0.7942143293796029,0.14825425990555274,5.357109670140792,False
O94763-2,0.15675675675675677,0.2222222222222222,0.7000111813582102,0.841949525003483,0.8314170393472392,False
O94766,0.5459459459459459,1.0,0.48997850021274836,0.11768594312877312,4.16344116541267,False
O94769,0.12972972972972974,0.0,0.48859518986566286,,,False
O94804,0.9567567567567568,1.0,0.39000782053985183,0.03958504827366838,9.852402297038035,False
O94812;O94812-2;O94812-3;O94812-5;O94812-6,1.0,1.0,0.5561489340838435,0.10776372063293849,5.160817859826695,False
O94817,0.2648648648648649,0.7777777777777778,0.4430629959406236,0.3225696939281093,1.3735419175471844,False
O94822;O94822-3,0.7837837837837838,1.0,0.8823323212995575,0.1557834760748129,5.663837677340242,False
O94826,0.9567567567567568,1.0,0.6469227537058941,0.04951291217774845,13.065738314552766,True
O94829,0.33513513513513515,0.8888888888888888,0.4491973401753988,0.3984992139689263,1.1272226504577894,False
O94830,0.4918918918918919,1.0,0.6069197894056941,0.325088975849809,1.866934391789683,False
O94832,0.43783783783783786,1.0,0.7151591335737386,0.30226132894819635,2.3660292107572505,False
O94855;O94855-2,0.9351351351351351,1.0,0.36315276169697697,0.10733562787013362,3.3833384953629646,False
O94874,0.9513513513513514,1.0,0.5749036347340475,0.0126785399353615,45.34462467011628,True
O94886,0.9513513513513514,1.0,0.7181300136347462,0.05237589678445431,13.711078143255664,True
O94888,0.2,0.6666666666666666,0.4443708527702164,0.3954059043348206,1.1238346415635043,False
O94903,0.7351351351351352,1.0,0.42789979318291316,0.07736870136722729,5.53065756076097,False
O94905,0.9081081081081082,1.0,0.5229180777886269,0.09457424998831421,5.529180277435345,False
O94915,0.9027027027027027,1.0,0.3404274400907994,0.05735063018313902,5.935897112267207,False
O94916-4;O94916-5,0.7621621621621621,0.7777777777777778,0.6843643756488564,0.3295258761471018,2.076815282765087,False
O94919,1.0,1.0,0.7819969009876573,0.0753353025482717,10.380218496986675,False
O94921,0.15675675675675677,0.1111111111111111,0.5101196644480979,,,False
O94923,0.7189189189189189,1.0,0.41849412874710623,0.14601050139943617,2.866191984385051,False
O94925,0.8,1.0,0.5022684749146427,0.19978701148955125,2.5140196610874828,False
O94927,0.32972972972972975,1.0,0.5086019490709699,0.32640516393922603,1.5581921037427808,False
O94929,0.8324324324324325,1.0,0.41925469792695846,0.07225383489041093,5.802525202473361,False
O94929-2,0.24864864864864866,0.8888888888888888,0.49456555632159116,0.35204770570733146,1.4048253924220695,False
O94929-3,0.11351351351351352,0.2222222222222222,0.8124951208123026,0.41437573732130417,1.960769050004246,False
O94941;O94941-2,0.23783783783783785,0.4444444444444444,0.4727784757976625,0.44385602484879083,1.065161785195379,False
O94966-6,0.9135135135135135,0.8888888888888888,1.0863614479619486,0.46549067458078053,2.3337985211848173,False
O94967;O94967-2;O94967-3;O94967-4,0.25405405405405407,0.7777777777777778,0.30757453837004434,0.18207832939709157,1.6892429724531368,False
O94973,0.7891891891891892,1.0,0.4679396285616395,0.06283510067825127,7.447105574919603,False
O94979,0.9945945945945946,1.0,0.47023910431807003,0.0433325279679071,10.851873324038195,False
O94985-2,0.6270270270270271,1.0,0.4978192049309724,0.18860023203332332,2.6395471498837497,False
O95081,0.3837837837837838,0.8888888888888888,0.3950109294015167,0.27366239861053376,1.4434242022546975,False
O95084,0.21621621621621623,0.2222222222222222,0.5957168747090877,0.2066702720675222,2.8824507208973835,False
O95139,0.3675675675675676,0.8888888888888888,0.48922204263280733,0.32541678596735224,1.5033706426007447,False
O95140,0.9135135135135135,1.0,0.45045451281472637,0.05556611131955691,8.10664093847045,False
O95155;O95155-2;O95155-4,0.5081081081081081,1.0,0.3248826048083995,0.2652437600025017,1.224845420700322,False
O95159,0.3891891891891892,1.0,0.6205924099837778,0.23424756499680832,2.649301434540989,False
O95163,0.6270270270270271,1.0,0.407992215619025,0.1300627217256558,3.136888189066288,False
O95167,0.5567567567567567,0.8888888888888888,0.4327833096038187,0.07247912618538255,5.971144140133158,False
O95168,0.7027027027027027,1.0,0.6290485099013852,0.3199050374578203,1.9663601264307244,False
O95169;O95169-3,0.6810810810810811,1.0,0.5161762948343975,0.10386079272823423,4.969885952873886,False
O95182,0.7675675675675676,1.0,0.5044156916379725,0.048185434626262236,10.468219194251153,False
O95183,0.6378378378378379,1.0,0.5608573921038662,0.2872527040454873,1.9524877719342646,False
O95197;O95197-2;O95197-7,1.0,1.0,0.6392662528918791,0.1118843990827294,5.71363173179483,False
O95202,0.7891891891891892,1.0,0.4273954131228521,0.08449044062244937,5.058506145478567,False
O95206,0.0,0.0,,,,False
O95210,0.6162162162162163,1.0,0.4097863411144136,0.18852813065637974,2.1736084672759497,False
O95219,0.6054054054054054,1.0,0.3843928925954403,0.23335839439983097,1.64722119203833,False
O95236;O95236-2,0.9621621621621622,1.0,0.7016289706129513,0.33449494532825774,2.0975771993337755,False
O95248-4;O95248-5,0.7027027027027027,1.0,0.38857985569169085,0.2979037678692187,1.3043804664541183,False
O95249,0.4648648648648649,1.0,0.4612316527797562,0.21338643519508693,2.1614853463299046,False
O95260,0.4,1.0,0.5003596731679796,0.1493630119713476,3.349957037984504,False
O95260-2,0.9297297297297298,1.0,0.5667986045536981,0.08229538569358752,6.8873679827453955,False
O95273;O95273-2,0.2648648648648649,0.8888888888888888,0.27424729048199836,0.1877643257501349,1.4605931631919773,False
O95292,0.9783783783783784,1.0,0.5949818191455929,0.04817252804937766,12.351060723566892,False
O95294;O95294-2,0.34594594594594597,0.4444444444444444,0.9136283863258727,0.4159480087278915,2.196496598505315,False
O95295,0.7891891891891892,1.0,0.47270589976863864,0.1414605909313611,3.3416084059623574,False
O95297-3,0.16756756756756758,0.2222222222222222,0.765758270158015,0.45978558924135093,1.6654681835973173,False
O95298,0.6324324324324324,1.0,0.501221482285743,0.13798015035323097,3.6325622272668174,False
O95299,0.5405405405405406,1.0,0.4765540636389183,0.06510484289863783,7.319794387352544,False
O95319-3;O95319-4,0.7675675675675676,1.0,0.4160418190463959,0.11112273432384434,3.7439847172400174,False
O95336,0.9891891891891892,1.0,0.8217231916048267,0.07776589738602624,10.56662649343364,False
O95340;O95340-2,0.7135135135135136,1.0,0.3610397271139796,0.13712458808909744,2.63293208129378,False
O95347,0.22702702702702704,0.6666666666666666,0.3329399930932526,0.10710539094110327,3.1085269393800603,False
O95352,0.7945945945945946,1.0,0.39249479118796415,0.1479591949168899,2.6527232147243853,False
O95363,0.15675675675675677,0.3333333333333333,0.8384255789592174,0.14298536373035908,5.863716097126662,False
O95372,0.7513513513513513,1.0,0.4809525634943572,0.30036350226534303,1.6012350364375518,False
O95373,0.9837837837837838,1.0,0.6722705870817176,0.06481729812832171,10.371777388048379,False
O95376,0.25405405405405407,0.8888888888888888,0.31760539250560704,0.5375647844360687,0.590822542140275,False
O95379-3,0.9081081081081082,1.0,0.510622829676687,0.19489066277183653,2.620047684246865,False
O95382;O95382-3,0.24864864864864866,0.8888888888888888,0.5434863651057693,0.1711693421240632,3.1751384819359267,False
O95394;O95394-3,0.4540540540540541,0.8888888888888888,0.48058265047112503,0.15603956504249883,3.079876891096395,False
O95425,0.7621621621621621,1.0,0.4195868040072046,0.07560644459933741,5.549616917324026,False
O95427,0.40540540540540543,1.0,0.46175953408560844,0.22512346159792074,2.0511390985553026,False
O95428;O95428-5;O95428-6,1.0,1.0,0.551453484519767,0.1352634549642282,4.076884511530512,False
O95429;O95429-2,0.4486486486486487,0.7777777777777778,0.42942866207829766,0.17108113134595015,2.5100878086311718,False
O95433,0.7837837837837838,1.0,0.4423553941420604,0.0934833458105242,4.731916581576402,False
O95445,1.0,1.0,0.532425074749316,0.10565509392172956,5.039275012558716,False
O95456,0.6378378378378379,1.0,0.5303090973802052,0.09854560778473598,5.381357011249225,False
O95466-3,0.8378378378378378,1.0,0.5724887813503372,0.21692394369335943,2.6391221347127964,False
O95476,0.2864864864864865,0.3333333333333333,0.5420551120791561,0.18611217598390617,2.9125182660054962,False
O95477,0.31351351351351353,0.2222222222222222,0.8854150588544618,1.0405270088487395,0.8509294341471283,False
O95479;O95479-2,0.3945945945945946,0.4444444444444444,0.7715670875731444,0.8156736963349225,0.9459261602280876,False
O95486,0.7621621621621621,1.0,0.3753832178905743,0.1216771340382472,3.0850760979674186,False
O95487;O95487-2;O95487-3,0.6432432432432432,1.0,0.4267317453632913,0.3422980712607995,1.2466671044668585,False
O95497,0.9621621621621622,1.0,0.7067223583055577,0.11862247171543672,5.957744330272539,False
O95498;O95498-6,0.6054054054054054,0.8888888888888888,1.0548981550264402,0.30093857112550904,3.5053604165166514,False
O95551;O95551-2;O95551-3,0.24324324324324326,0.4444444444444444,0.456776371378357,0.6165814481898471,0.740820815675457,False
O95562,0.3081081081081081,0.7777777777777778,0.36835372139687195,0.27132309504744256,1.357620225187476,False
O95563,0.32432432432432434,0.7777777777777778,0.39475000292451856,0.30527484081857104,1.293097072349712,False
O95571,0.8162162162162162,1.0,0.580580740079478,0.17147898778575765,3.385725257515771,False
O95573,0.9027027027027027,1.0,0.5055344606391259,0.12987771891518207,3.892387892716765,False
O95613,0.23783783783783785,0.3333333333333333,0.6117059315484434,0.8147644616945247,0.7507764026381739,False
O95628-10;O95628-9,0.31891891891891894,0.4444444444444444,0.3097594191889037,0.3791500328369217,0.816983759360865,False
O95630,0.9405405405405406,1.0,0.5154468084898101,0.03994782102319405,12.903001848099228,True
O95644,0.6432432432432432,1.0,0.47618143172003435,0.12654709259241237,3.7628792725703892,False
O95671;O95671-2,0.8,1.0,0.44150076770288127,0.09646450417291241,4.5768209922220935,False
O95674,0.8162162162162162,1.0,0.5788362724742271,0.08207976318582944,7.052119182699586,False
O95678,0.03783783783783784,0.2222222222222222,0.7901849736530764,0.24818425587552717,3.18386422565572,False
O95685,0.5945945945945946,1.0,0.49254864503594753,0.1464401767199437,3.363480269338321,False
O95714,0.9567567567567568,1.0,0.4808736328722141,0.2546381112719569,1.8884589995981969,False
O95715,0.972972972972973,1.0,0.7629267551427841,0.3069629306168409,2.4854035424071745,False
O95716,0.4702702702702703,1.0,0.4803405174453399,0.46845113284886253,1.0253802024646044,False
O95721,0.918918918918919,1.0,0.587092352567562,0.07706553286247875,7.6180924307006554,False
O95741-2,0.25405405405405407,0.3333333333333333,1.1508718554883348,0.05374779895810278,21.412446235899946,False
O95747,0.9945945945945946,1.0,0.580838388985307,0.15885757579488669,3.656346800452705,False
O95749,0.3783783783783784,1.0,0.2956634535189586,0.36845086020249695,0.8024501648780652,False
O95757,0.4540540540540541,1.0,0.36940802692930585,0.23751278207733506,1.5553185125380966,False
O95758-2,0.41081081081081083,1.0,0.45389923104030316,0.4194449750526843,1.0821424931441632,False
O95772-2,0.4594594594594595,0.8888888888888888,0.5107546416382185,0.1993708570744257,2.5618320005894963,False
O95782;O95782-2,0.9945945945945946,1.0,0.635295748537934,0.050454354367229115,12.591494956291987,False
O95786,0.34054054054054056,0.7777777777777778,0.4229805945380427,0.518960343700483,0.8150537891237507,False
O95793;O95793-2,0.4810810810810811,1.0,0.5870664825884795,0.2988644202556969,1.964323762882875,False
O95810,1.0,1.0,0.6409589542707437,0.036886841712782115,17.37635765245353,True
O95816,0.6,1.0,0.3672065249255123,0.1600165519311485,2.2948033843618436,False
O95819-2;O95819-3,0.41621621621621624,0.7777777777777778,0.46118164642185455,0.5240101802813069,0.8801005472341706,False
O95822,0.2864864864864865,0.8888888888888888,0.5414600367000073,0.38875448804292745,1.3928071658434915,False
O95825,0.6486486486486487,1.0,0.4312414387719805,0.15047110773294925,2.8659418094889846,False
O95831;O95831-3,0.9459459459459459,1.0,0.6850419546862447,0.039043672037678334,17.545530912798323,True
O95834,0.9081081081081082,1.0,0.7164777163530722,0.07413104229243572,9.665016087682623,False
O95835,0.22162162162162163,0.1111111111111111,0.2810771239750043,,,False
O95837,0.35135135135135137,1.0,0.4915273644706435,0.48501349766132407,1.0134302794473318,False
O95857;Q12999,0.2,0.5555555555555556,0.3429135241798047,0.5401138399127579,0.634891200409147,False
O95858,0.7621621621621621,1.0,0.5121072610399722,0.16164094076887103,3.168177929453095,False
O95861,0.7675675675675676,1.0,0.49642719788427137,0.18102779234215305,2.7422706285120855,False
O95865,0.8,1.0,0.43785746410601334,0.384391175319859,1.1390934345505306,False
O95866-2,1.0,1.0,0.7141522838141867,0.03933959625438632,18.153523467708684,True
O95866-3;O95866-5,0.3675675675675676,0.5555555555555556,0.5304626588232857,0.30733860024379744,1.7259877490249982,False
O95870,0.9945945945945946,1.0,0.7624573232892349,0.03783352682838981,20.152953932835477,True
O95873,0.4918918918918919,1.0,0.4094396622429741,0.2390240730078972,1.7129641257073154,False
O95881,0.8324324324324325,1.0,0.7080896571204525,0.19867236537526622,3.5641074478725985,False
O95954,0.2,0.2222222222222222,0.7571560532546453,0.4627014199489947,1.6363815208047328,False
O95967,0.9675675675675676,1.0,0.48391889978112523,0.16791336251109357,2.8819558642877756,False
O95980,0.5351351351351351,0.6666666666666666,0.7111850209870934,0.23673860636680377,3.0040939747916755,False
O95985;O95985-2;O95985-3,0.3945945945945946,1.0,0.35992650201908205,0.29485927009016244,1.2206721596679775,False
O95989,0.7513513513513513,1.0,0.6926941933885669,0.2221803048677362,3.11771195831659,False
O95999,0.24324324324324326,0.4444444444444444,0.39087227771154787,0.6925514577752789,0.5643945634988169,False
O96000,0.7081081081081081,1.0,0.4876006700215729,0.05178127010162825,9.416545192201465,False
O96005,0.5567567567567567,1.0,0.438223277653929,0.1685591098841055,2.5998196001108087,False
O96008;O96008-2,0.43783783783783786,1.0,0.3802020923063658,0.5599678273793067,0.6789713153445643,False
O96011,0.5891891891891892,1.0,0.4639704304150225,0.2698646227729302,1.7192710391143673,False
O96013,0.9027027027027027,1.0,0.755350993513062,0.2716681078284182,2.780418355142854,False
O96019,0.5891891891891892,1.0,0.4443421004086847,0.0776567426089283,5.721874050864427,False
O96033,0.20540540540540542,0.4444444444444444,0.3580613905844743,0.35339534836597775,1.013203462467945,False
P00167;P00167-2,0.5621621621621622,1.0,0.39505926429637483,0.18019158790141532,2.1924401072069792,False
P00325,1.0,1.0,0.9556095017867818,0.24239019380821425,3.9424429131109413,False
P00326,0.5621621621621622,0.7777777777777778,0.8352496143148258,0.6487200578162291,1.2875347451511006,False
P00338;P00338-3,1.0,1.0,0.8033580208742634,0.12126598823245871,6.624759609712497,False
P00352,0.9945945945945946,1.0,0.35344100616435536,0.06541340844201926,5.403188957469419,False
P00367,0.8756756756756757,1.0,0.3685060216164322,0.15291056650438328,2.4099447804077605,False
P00387;P00387-2;P00387-3,1.0,1.0,0.7526724911877274,0.04066272471219179,18.510134195755352,True
P00390;P00390-3,0.9351351351351351,1.0,0.42699949224485323,0.10041731249799213,4.252249752784324,False
P00403,0.7513513513513513,1.0,0.6498766724135709,0.08399920416245443,7.73670035202607,False
P00414,0.2594594594594595,0.7777777777777778,0.5754672233473714,0.4645230989451381,1.2388344619550045,False
P00441,1.0,1.0,0.5324239571241058,0.2641384245053935,2.015700510522407,False
P00450,1.0,1.0,1.1096446844979724,0.5496761480888068,2.0187244586765223,False
P00451,1.0,1.0,0.4198812064216959,0.06355948676196732,6.606113859826573,False
P00480,0.043243243243243246,0.0,1.7778477038883205,,,False
P00488,1.0,1.0,0.7316871035457027,0.06278654079255475,11.653566103652368,False
P00491,1.0,1.0,0.922524081668243,0.07423190723130446,12.427595033947933,False
P00492,0.9567567567567568,1.0,0.5425073538365748,0.10819249958055721,5.014278771077273,False
P00505,0.8702702702702703,1.0,0.5103591590376055,0.23597437872795268,2.1627736103756514,False
P00519;P00519-2,0.1837837837837838,0.5555555555555556,0.41987894535583337,0.4364735276099374,0.9619803236522191,False
P00558,1.0,1.0,0.8246475831647686,0.07518825396820361,10.967771422295618,False
P00568,0.9675675675675676,1.0,0.7507261185055345,0.12739647136831955,5.892832905356451,False
P00734,1.0,1.0,1.041493399345054,0.26691220783651204,3.9020073595996223,False
P00736,1.0,1.0,0.4678776344864737,0.13746735804502563,3.403554422957823,False
P00738,1.0,1.0,1.1205089759417,0.32592659621729325,3.4379181967545343,False
P00739,1.0,1.0,0.7106500735055583,0.37386020737699255,1.9008443784148286,False
P00740-2,1.0,1.0,1.051405958098666,0.39696830214957046,2.6485892007128453,False
P00742,1.0,1.0,1.0440342180441267,0.31079416124266324,3.359246563287143,False
P00746,0.9621621621621622,1.0,0.7133410880884279,0.3976614786696562,1.793840053290683,False
P00747,1.0,1.0,0.5318695922068919,0.13765403301351853,3.8638140893021187,False
P00748,1.0,1.0,0.7372480620635677,0.07471504303296683,9.867464865653208,False
P00750,0.5945945945945946,0.7777777777777778,0.5889358784116636,0.3596060593952455,1.637725124549028,False
P00751,1.0,1.0,1.205198626824636,0.376737996445204,3.199036567048077,False
P00813,0.10270270270270271,0.2222222222222222,0.39858364323958284,1.1489051459879338,0.3469247610487845,False
P00846,0.6378378378378379,1.0,0.5956829700109187,0.1335467868349376,4.4604814846438545,False
P00915,1.0,1.0,0.7918759085442701,0.25423579342631974,3.1147302190309576,False
P00918,1.0,1.0,0.7420700273776291,0.14300087107699966,5.189269280591005,False
P00966,0.7837837837837838,0.8888888888888888,0.7737578231012812,0.4092323361937673,1.8907543580205128,False
P01008,1.0,1.0,0.6959242291625607,0.2701457164466632,2.5761068445442556,False
P01009,1.0,1.0,1.233809337745189,0.4854910724065178,2.5413635963053913,False
P01011,1.0,1.0,1.296146338031285,0.3050481255410453,4.24898968230796,False
P01019,1.0,1.0,0.9602456246320301,0.4873952430109014,1.970157974255306,False
P01023,1.0,1.0,1.0241898124625486,0.19280307643098382,5.312103060913396,False
P01024,1.0,1.0,0.9708353573600874,0.3547474921570455,2.736694067819659,False
P01031,1.0,1.0,1.0521238416889886,0.22823716811542383,4.609783105777539,False
P01033,0.9837837837837838,1.0,1.0325500127124236,0.08627690328220083,11.967861309707457,False
P01034,0.9459459459459459,0.8888888888888888,0.47846095644457876,0.055934056353317274,8.554018564687965,False
P01040,0.918918918918919,0.8888888888888888,0.6375866259742651,0.30143020744535676,2.115204814334498,False
P01042,1.0,1.0,0.4802798732300957,0.114997773011698,4.176427600743536,False
P01042-3,0.9945945945945946,1.0,1.2698475462749412,0.7705159421553915,1.64804837486263,False
P01111,0.9783783783783784,1.0,0.6283665640834943,0.03685373717986984,17.05028070875589,True
P01112-2,0.31351351351351353,0.6666666666666666,0.38224637704303444,0.4396397888064323,0.8694535544218737,False
P01116-2,1.0,1.0,0.47624971690416373,0.06568241291084931,7.250795088033339,False
P01127;P01127-2,0.5567567567567567,0.7777777777777778,1.0093742409495796,0.6612027629579451,1.5265729326871846,False
P01130;P01130-2;P01130-3;P01130-4;P01130-5;P01130-6,0.3783783783783784,1.0,0.5181321534340357,0.3028005694236935,1.7111333522924776,False
P01133;P01133-3,0.8810810810810811,1.0,0.5225322916516397,0.02175541689090643,24.018491315147056,True
P01137,0.9945945945945946,1.0,0.6281275417787011,0.08371024265878901,7.503592413881886,False
P01344-3,0.8216216216216217,0.7777777777777778,0.7997181918730512,0.3965437252043813,2.0167213375041326,False
P01591,1.0,1.0,0.7370781683959748,0.1063910277657083,6.928010602728175,False
P01593;P01594,0.7135135135135136,0.5555555555555556,0.874016743454213,0.35557509235415274,2.458037028599552,False
P01599,0.5351351351351351,0.6666666666666666,0.5758229875835088,0.46485386330139367,1.2387183006160518,False
P01601,0.05405405405405406,0.0,0.4166130410633935,,,False
P01602,0.9945945945945946,1.0,0.8583851464378682,0.11400067263648594,7.529649839654909,False
P01619,1.0,1.0,0.9825744902109186,0.3143257159677333,3.125975509785472,False
P01624,0.07027027027027027,0.0,0.4960929156242564,,,False
P01700,1.0,1.0,0.7001353158175085,0.2473331356014743,2.8307380412854606,False
P01701,0.9513513513513514,1.0,0.8654858846441966,0.22062375231579523,3.9229043815978715,False
P01704,0.1783783783783784,0.2222222222222222,0.8053539933208214,1.264822183491523,0.6367329762493994,False
P01705,0.3783783783783784,0.3333333333333333,0.4975669551861568,0.17736422851412392,2.805339945684337,False
P01706,0.8216216216216217,0.6666666666666666,0.8115805043114159,0.5364476980725472,1.512879088170979,False
P01709,0.9783783783783784,1.0,0.8679913535160058,0.20131580101579338,4.311590789875014,False
P01714,0.6972972972972973,0.8888888888888888,0.8030934396218967,0.3319372175959643,2.4194136633374637,False
P01717,1.0,1.0,0.6428219969200111,0.29681258040843694,2.1657505084031095,False
P01732;P01732-2;P01732-3,0.43243243243243246,0.4444444444444444,0.7937582213405214,0.23405753864681422,3.3912952598304416,False
P01742,0.31891891891891894,0.2222222222222222,0.857724542798703,0.2868093687880391,2.9905736567224475,False
P01743,0.15135135135135136,0.1111111111111111,0.6829883210536956,,,False
P01768;P0DP03,0.9459459459459459,1.0,0.8459891461637987,0.6468061847515951,1.3079484490221742,False
P01780,1.0,1.0,0.9829701839486056,0.26694998572966,3.68222602170902,False
P01817,0.9513513513513514,1.0,0.9018207395393141,0.24434500975155338,3.6907679860385647,False
P01833,0.7351351351351352,1.0,0.7663588089851805,0.22713384124045888,3.374040630844888,False
P01834,1.0,1.0,0.992460973089635,0.30863443258360235,3.2156521382973007,False
P01854,0.08648648648648649,0.1111111111111111,0.4946096547505041,,,False
P01857,1.0,1.0,0.4708580168791272,0.08025621375138314,5.8669353420751476,False
P01859,1.0,1.0,0.6817911714060294,0.09825880141861276,6.938728760809823,False
P01860,1.0,1.0,0.8151710598485629,0.08843689511695985,9.217544993754927,False
P01861,0.9567567567567568,1.0,0.9210553575407268,0.37926252092691115,2.4285430453019274,False
P01871;P01871-2,1.0,1.0,0.8774504354876989,0.15936676575264386,5.505855824730773,False
P01876,1.0,1.0,0.5684036288509127,0.2508141595212443,2.2662342107634004,False
P01877,0.9945945945945946,1.0,0.8697310819693911,0.32030174886191887,2.7153491514163712,False
P01880;P01880-2,0.7243243243243244,1.0,1.076117931883176,0.37445388912837707,2.8738329688284843,False
P01889,0.9351351351351351,1.0,0.7583518766694137,0.0875461554662813,8.662309299938311,False
P01893,0.21081081081081082,0.6666666666666666,0.8350155760877733,0.1645354385705966,5.074989214129066,False
P02008,0.1945945945945946,0.4444444444444444,0.8167978988145466,0.6500019186002319,1.2566084429004563,False
P02042,1.0,1.0,0.8366689362472108,0.12826713553272384,6.522862873426823,False
P02452,0.9567567567567568,1.0,0.5154598868763216,0.6250125849193306,0.8247192125624977,False
P02511,0.16756756756756758,0.2222222222222222,0.6155405159778962,0.22179678829871818,2.775245397822803,False
P02533,1.0,1.0,1.167890376865678,1.9250126667974996,0.6066923075413371,False
P02538,0.9567567567567568,0.7777777777777778,1.0734302395380393,1.3679401498637365,0.7847055586788398,False
P02545,0.8918918918918919,1.0,0.3296737816917581,0.10895671215471303,3.0257317348529935,False
P02549,1.0,1.0,1.0279184128208652,0.2687143063412982,3.825320753541458,False
P02585,0.02702702702702703,0.1111111111111111,0.7341457773585649,,,False
P02647,1.0,1.0,0.4771803193286601,0.19340105058131485,2.467309861525448,False
P02649,1.0,1.0,0.49368046314433656,0.11780359415126895,4.190707989014432,False
P02652,1.0,1.0,0.6307566016690238,0.23487472345998484,2.6855022642591195,False
P02654,1.0,1.0,0.5036949585394268,0.20752318030463002,2.4271744380557227,False
P02655,1.0,1.0,0.6079039780335549,0.12544935591077433,4.845811870615946,False
P02656,1.0,1.0,0.533707624932557,0.21096222196522163,2.529872978966546,False
P02671,1.0,1.0,0.45314303389985255,0.09933611088968419,4.56171506858248,False
P02671-2,0.9351351351351351,1.0,0.7292040736773302,0.1343566198968933,5.427377335310528,False
P02675,1.0,1.0,0.4510352730671663,0.10940022380642844,4.122800277495073,False
P02679,1.0,1.0,0.46093035676830496,0.1323405616054174,3.48291069024326,False
P02686;P02686-2,1.0,1.0,0.2958577387441217,0.1678240314844608,1.762904490657024,False
P02730,1.0,1.0,1.0840227125971964,0.19340288751629586,5.604997559852141,False
P02741,0.4810810810810811,0.8888888888888888,1.037582566562003,0.24222364111130723,4.283572659553947,False
P02743,1.0,1.0,0.5174415347388432,0.07187341699506433,7.199345131655238,False
P02745,1.0,1.0,0.7055725900440173,0.1931123324382824,3.6536899592858174,False
P02746,1.0,1.0,0.7612239714530382,0.18267758138453516,4.167035526109066,False
P02747,1.0,1.0,0.71602474676558,0.11063680807862397,6.4718492805462855,False
P02748,1.0,1.0,0.9025426479784358,0.33098059768186516,2.7268747905457276,False
P02749,1.0,1.0,0.5604420648941719,0.060586001550916535,9.250355701773385,False
P02750,1.0,1.0,1.0470136604224365,0.5038582967115062,2.077992299136288,False
P02751-1,1.0,1.0,0.4419610974891057,0.9265929436302152,0.4769743829017153,False
P02753,1.0,1.0,0.6077037121816318,0.08371694629193271,7.259028656665089,False
P02760,1.0,1.0,0.5914093925631505,0.07417748214706066,7.972896564359668,False
P02763,1.0,1.0,1.198122410593033,0.4917980148413541,2.4362083099898797,False
P02765,1.0,1.0,1.0598232014378368,0.611271242519944,1.7338018341395438,False
P02766,0.9243243243243243,0.8888888888888888,1.0018542782364595,0.40625629087486104,2.466064651156529,False
P02768,1.0,1.0,0.6367765154770666,0.325423930612061,1.9567599539450284,False
P02774;P02774-3,1.0,1.0,1.1240588840146586,0.41704259077794603,2.695309565188182,False
P02775,1.0,1.0,1.0746831989113268,0.18994990755124874,5.657718988999117,False
P02776,1.0,1.0,0.9051148621214651,0.12052439017045558,7.50980661127077,False
P02786,1.0,1.0,0.7592972407796772,0.19439830389645962,3.905884082116755,False
P02787,1.0,1.0,0.9762763607744027,0.16407166974474308,5.950304292589081,False
P02788;P02788-2,0.3837837837837838,0.4444444444444444,0.7588105853721032,0.12748629442178316,5.9520953904394585,False
P02790,1.0,1.0,1.2264844721946808,0.4044048523741921,3.032813441763122,False
P02794,0.3783783783783784,0.8888888888888888,0.3334873562874767,0.27325448347924386,1.2204277567244677,False
P02812,0.15675675675675677,0.0,0.8650025325628405,,,False
P03891,0.34594594594594597,0.8888888888888888,0.4326505850405633,0.38744072164583443,1.1166884657933709,False
P03928,0.5243243243243243,0.8888888888888888,0.4483819516831815,0.15565863974508343,2.880546511375665,False
P03950,0.9459459459459459,1.0,0.8099997615685623,0.24404865454711455,3.319009330625868,False
P03951,1.0,1.0,0.9706132818223452,0.21871258247188408,4.437848389207875,False
P03952,1.0,1.0,0.6633888611193406,0.17613886037477755,3.7662833727198084,False
P03956,0.9621621621621622,1.0,0.6205915168727634,0.1078903344083244,5.752058516419622,False
P04003,1.0,1.0,0.46341323921169675,0.1896345514594664,2.4437173270649963,False
P04004,1.0,1.0,0.5482429839266132,0.11118029822424447,4.931116328010181,False
P04040,1.0,1.0,0.4494818868288739,0.16489234817583842,2.7259111280867563,False
P04049;P04049-2,0.7243243243243244,0.6666666666666666,0.6244187404043204,0.09930573437481804,6.2878417277246434,False
P04062-4,0.9081081081081082,1.0,0.4079767813442521,0.16495223390812264,2.4733025535834368,False
P04066,0.5351351351351351,0.7777777777777778,0.5582610377698423,0.7808978589761395,0.7148963610961828,False
P04070;P04070-2,0.9783783783783784,1.0,1.0112418409128239,0.2687454999672827,3.762823344152491,False
P04075,1.0,1.0,0.8305495341841613,0.09598857982879494,8.652586960506428,False
P04080,0.827027027027027,1.0,0.6540817558924541,0.17210081279337253,3.800573310933499,False
P04083,0.9783783783783784,1.0,0.32900488921719706,0.19862415504393383,1.6564193269666734,False
P04085;P04085-2,0.2918918918918919,0.4444444444444444,0.49470195100831926,0.405797620600878,1.2190853910769552,False
P04114,1.0,1.0,0.45860554324017855,0.0946385082246941,4.845866147333398,False
P04156,1.0,1.0,0.4355260056209236,0.11018372829937739,3.9527252557434527,False
P04179;P04179-4,0.772972972972973,1.0,0.5088959126658743,0.10208063105539367,4.98523478356755,False
P04180,1.0,1.0,0.5255489213694133,0.10154761198295326,5.175394192998226,False
P04196,1.0,1.0,0.47560345196888676,0.134062580369676,3.547622689772312,False
P04211,1.0,1.0,0.9863364252851703,0.32873274082779247,3.00042041082201,False
P04217,1.0,1.0,0.9167036593902083,0.09512127188194341,9.637209861196393,False
P04233;P04233-2;P04233-4;P04233-5,0.21621621621621623,0.3333333333333333,0.5489423193364189,0.007258796173569948,75.624429479805,False
P04234,0.07027027027027027,0.1111111111111111,0.4574708859202783,,,False
P04259,0.6648648648648648,0.5555555555555556,0.9121968223904613,0.23459660019453743,3.8883633506795454,False
P04264,1.0,1.0,1.017483793192529,1.4983398745049321,0.679074094272981,False
P04275,1.0,1.0,0.45383107999399996,0.04487649827657236,10.112889762410921,False
P04278,1.0,1.0,0.7987674910508815,0.12251554817543386,6.519723438751637,False
P04279,0.010810810810810811,0.0,0.32842894164912906,,,False
P04280,0.4864864864864865,0.5555555555555556,0.8098639053911514,0.17503543325068804,4.626856918914547,False
P04350,0.21621621621621623,0.6666666666666666,0.9967124277689505,0.888392735815164,1.1219277101071694,False
P04406,1.0,1.0,0.5370776824449948,0.10603152382210013,5.065264207143761,False
P04424,0.9891891891891892,1.0,0.5674381023985244,0.11192580766183902,5.0697700043668465,False
P04430,0.4594594594594595,0.3333333333333333,0.8650359926217881,0.7415194037170565,1.166572295054685,False
P04439,0.043243243243243246,0.1111111111111111,1.2059469349672058,,,False
P04439-2,1.0,1.0,0.5371569908595113,0.03572543078636059,15.03570367203492,True
P04632,1.0,1.0,0.6950710955862078,0.03621655869385165,19.19208010517596,True
P04792,1.0,1.0,0.8249193045867607,0.0897709988773272,9.189151450949316,False
P04839,0.9621621621621622,1.0,0.4057495293069966,0.1186753078198528,3.418988640188891,False
P04843,1.0,1.0,0.7676182094733512,0.03473602052680391,22.09862263528494,True
P04844;P04844-2,0.9891891891891892,1.0,0.7860394791377061,0.12131668831123932,6.479236204677076,False
P04899,1.0,1.0,0.558776156139654,0.042240606939564884,13.228412104473657,True
P04908;P0C0S8;P20671;Q16777;Q6FI13;Q7L7L0;Q93077;Q96KK5;Q99878;Q9BTM1,1.0,1.0,0.8287149693098463,0.25399913602105784,3.2626684574279086,False
P04920;P04920-2;P04920-3,0.5783783783783784,1.0,0.3590082931398104,0.11245443020662016,3.192477988463239,False
P05019,0.918918918918919,1.0,0.5832583269452538,0.4501073987130617,1.2958203500162286,False
P05023;P05023-4,1.0,1.0,0.4497346668000901,0.026522825056627397,16.956514467817318,True
P05062,0.8918918918918919,1.0,0.7043754564580507,0.3544337317269157,1.9873262429794865,False
P05067,0.9621621621621622,1.0,0.8207947618095659,0.05204044584537115,15.772246922103824,True
P05089;P05089-2,0.6702702702702703,0.5555555555555556,0.6751883927216502,0.6691067285636585,1.0090892288156286,False
P05090,1.0,1.0,0.5150600838149018,0.18393215072499558,2.8002721752815742,False
P05091,0.016216216216216217,0.3333333333333333,1.2696613295243413,0.3675502126002961,3.4543887773643434,False
P05106,1.0,1.0,0.6395536193083693,0.020339365975456047,31.444127613423763,True
P05106-3,0.08108108108108109,0.0,0.4181495910628019,,,False
P05107,1.0,1.0,0.6127725319978623,0.10633213799792252,5.762815866731039,False
P05109,1.0,1.0,0.6895018394539232,0.17942575550176976,3.8428253375648866,False
P05114,0.14054054054054055,0.2222222222222222,0.9696749997444396,0.18793085638349805,5.159743420557229,False
P05121,0.8756756756756757,1.0,0.6090526531379172,0.10360689184837923,5.87849555441948,False
P05141,1.0,1.0,0.7545299187995482,0.02837342898911288,26.59283511658276,True
P05154,1.0,1.0,0.5042524541090501,0.31720447839374444,1.5896763395727467,False
P05155;P05155-3,1.0,1.0,1.1472842389644455,0.13598093469309802,8.437096285253569,False
P05156,1.0,1.0,0.9459845783276926,0.16067015030133192,5.887743159221098,False
P05160,1.0,1.0,0.824238655485912,0.2085538614848197,3.9521620439806964,False
P05161,0.5621621621621622,1.0,0.3407549039149451,0.17657861405461972,1.9297631581225458,False
P05164;P05164-2;P05164-3,0.9405405405405406,1.0,0.5657455658227972,0.24317214416962507,2.3265229155036797,False
P05165;P05165-2,0.5837837837837838,1.0,0.43412171166523006,0.16749010015241694,2.591924604918003,False
P05166,0.6324324324324324,1.0,0.477263896641702,0.23728981367159463,2.011312197759267,False
P05186,0.1837837837837838,0.4444444444444444,0.5933260904586293,0.4385879056825983,1.3528099675598748,False
P05198,0.972972972972973,1.0,0.6592038128912261,0.031796001553855646,20.73228647239419,True
P05204,0.9675675675675676,1.0,0.8608700353730487,0.7468084086729974,1.1527321135855009,False
P05362,0.9513513513513514,1.0,0.5299892343591512,0.2513676609979356,2.108422508508379,False
P05386,0.33513513513513515,0.7777777777777778,0.6422573512006879,0.7829688122863772,0.820284717759329,False
P05387,0.9675675675675676,1.0,0.6267756564551679,0.12641361597201062,4.958134071522351,False
P05388,0.9297297297297298,1.0,0.4701038576412735,0.14146025736214973,3.323222129009489,False
P05452,1.0,1.0,0.70210245663562,0.2931223219361776,2.3952541450885847,False
P05543,1.0,1.0,1.1168835423956551,0.6301278901134744,1.7724712077012257,False
P05546,1.0,1.0,0.7998042813249242,0.29894988641068565,2.6753791109530125,False
P05556,1.0,1.0,0.6576379620309538,0.07631458406925518,8.617461132123188,False
P05771-2,0.9837837837837838,1.0,0.7160521474935333,0.06976841241703724,10.263271338515874,False
P05783,0.05945945945945946,0.0,0.6404669607619518,,,False
P05976;P05976-2,1.0,1.0,0.6497066641989448,0.1455605251289107,4.463481178180378,False
P06132,0.9027027027027027,1.0,0.713759920162115,0.044950214803744615,15.8788989836519,True
P06239;P06239-3,0.4486486486486487,0.6666666666666666,0.7012693493741811,0.4059922387774817,1.7272974268814443,False
P06241,0.3891891891891892,0.8888888888888888,0.28174494281959284,0.31211205298554034,0.9027044618255919,False
P06241-2,0.9783783783783784,1.0,0.6839500043723543,0.0739920576846611,9.243559724845175,False
P06276,1.0,1.0,0.976432299130634,0.21003192112278768,4.648970946467693,False
P06280,0.6270270270270271,1.0,0.5224338720207307,0.09620605812516736,5.430363557157975,False
P06310,0.8648648648648649,0.8888888888888888,1.152945592435966,0.7765144343974439,1.484770329260683,False
P06312,1.0,1.0,0.7651246132272753,0.3227726626885925,2.370475265327718,False
P06315,0.23243243243243245,0.7777777777777778,1.2576759918943132,0.8511802988300001,1.4775670837577732,False
P06331,1.0,1.0,0.7150692608224816,0.29010287606721974,2.464881667208266,False
P06396,1.0,1.0,0.5322946788706382,0.03947153713103191,13.485532045625767,True
P06396-2,1.0,1.0,0.715797901955618,0.06562260148101018,10.907795268719346,False
P06454;P06454-2,0.2972972972972973,0.7777777777777778,0.456980618664927,0.3588816935162509,1.273346138632825,False
P06576,0.9945945945945946,1.0,0.6861048881338103,0.05383426136275915,12.74476273595603,False
P06681,1.0,1.0,0.9865705004447669,0.2610506744675547,3.7792298466839824,False
P06702,1.0,1.0,0.6359003902159195,0.20606490559600665,3.0859227988224824,False
P06703,1.0,1.0,0.5120375227269491,0.11304718703383543,4.52941409832422,False
P06727,1.0,1.0,0.45851609472624233,0.0996013339795212,4.603513591700657,False
P06730;P06730-2,0.9027027027027027,1.0,0.5941932255784454,0.08198997026834576,7.2471452744000855,False
P06732,0.12972972972972974,0.2222222222222222,0.5196143922586698,0.13954903710713928,3.723525457647794,False
P06733,1.0,1.0,0.5042949405534429,0.06631267567064114,7.604804593591619,False
P06737;P06737-2,0.9837837837837838,1.0,0.750283456937801,0.08539865555506587,8.785658884922503,False
P06744,0.9945945945945946,1.0,0.7873693307997174,0.09940151523799656,7.921099883784697,False
P06753,0.5513513513513514,0.8888888888888888,0.4936156065124502,0.46364680447631557,1.0646371370336178,False
P06753-2,1.0,1.0,0.6756039748638436,0.04213340864877679,16.03487580356159,True
P06756;P06756-2;P06756-3,0.9621621621621622,1.0,0.4129720603649929,0.07806464116774592,5.290129489964545,False
P06850,0.3027027027027027,0.2222222222222222,0.5526857161298375,0.25589137339813917,2.1598450498365125,False
P06858,1.0,1.0,0.7795868201718115,0.22928355626305752,3.4000991299933863,False
P06865,0.8,1.0,0.49548857653563694,0.09715255850727367,5.100108367177386,False
P07093-2;P07093-3,0.9675675675675676,1.0,0.6051806679970344,0.14885618392644773,4.065539314752715,False
P07099,0.2594594594594595,0.7777777777777778,0.43974385549285255,0.4074901288877104,1.079152166687282,False
P07108,0.7135135135135136,1.0,0.5257939745253504,0.5250003228541722,1.001511716539265,False
P07148,0.14054054054054055,0.0,0.4702107444978596,,,False
P07195,1.0,1.0,0.7453664499763342,0.11820806997967637,6.3055462296650795,False
P07196,0.14054054054054055,0.4444444444444444,0.7047138898093666,0.05275747419252497,13.357612368584832,False
P07203,1.0,1.0,0.7534917482798669,0.05830044510545207,12.924288089344326,True
P07204,0.16756756756756758,0.3333333333333333,0.5188684920208573,0.42261995899388793,1.2277425166007394,False
P07205,0.35135135135135137,0.5555555555555556,0.563235003247387,0.4881519468412616,1.1538108306070958,False
P07225,1.0,1.0,0.5601824657533037,0.18598773717014438,3.011932261108378,False
P07237,1.0,1.0,0.7261405732265445,0.0857967101579149,8.463501361416206,False
P07305;P07305-2,0.5243243243243243,0.8888888888888888,0.454372548016007,0.19302699684549118,2.353932638654221,False
P07307;P07307-2;P07307-3,0.972972972972973,1.0,0.6647149639418704,0.47497342329594083,1.3994782262326868,False
P07311,0.4594594594594595,1.0,0.43716706381986015,0.7194367926335943,0.6076518024878208,False
P07327,0.25405405405405407,0.3333333333333333,0.666231592185996,0.4354768868106156,1.529889673514942,False
P07332,0.8594594594594595,1.0,0.3910877415347098,0.08695848384389748,4.497407547224103,False
P07339,1.0,1.0,0.5632532701898967,0.04394423589722152,12.817455092569029,True
P07355,0.9945945945945946,1.0,0.4616960865690851,0.13251655219674774,3.484063529540095,False
P07357,1.0,1.0,1.063095965022491,0.37080818882502875,2.8669700321103972,False
P07358,1.0,1.0,0.5194479686757418,0.1076217346529944,4.826608401644909,False
P07359,1.0,1.0,0.5980273817949353,0.028604056933414057,20.907082627721415,True
P07360,1.0,1.0,0.7558532379624197,0.34229728666207215,2.2081777081353975,False
P07384,1.0,1.0,0.7608402076132137,0.03450543643361215,22.04986478223676,True
P07437,1.0,1.0,0.7373227893344172,0.09853127566052677,7.483134511266666,False
P07476,0.010810810810810811,0.0,1.3264042771965752,,,False
P07477,1.0,1.0,0.6557583271722862,0.306778939569206,2.13755979498832,False
P07585,0.6,1.0,0.49542508250443973,0.2765224982817447,1.7916266690157645,False
P07602;P07602-2;P07602-3,0.8972972972972973,1.0,0.6929205518089345,0.18643294104957775,3.7167281056016144,False
P07686,0.7675675675675676,1.0,0.4788597202894618,0.18309714155110868,2.615331491430169,False
P07711;P07711-3,0.1891891891891892,0.4444444444444444,0.6690828975597221,0.9410137786205128,0.7110234863304231,False
P07737,1.0,1.0,0.8788630921117964,0.1362689496588736,6.449474324942567,False
P07738,0.7405405405405405,1.0,0.4287019226308928,0.3723017865762799,1.1514903717580127,False
P07741,1.0,1.0,0.6678623091152271,0.05343798002287414,12.49789585664257,False
P07766,0.41081081081081083,0.7777777777777778,0.5961593358920085,0.12957163512951553,4.601001872794979,False
P07814,0.9459459459459459,1.0,0.39852019458207977,0.04519878474222416,8.817055521623063,False
P07858,1.0,1.0,0.4597659834306178,0.23315216076318634,1.971956776748915,False
P07900-2,1.0,1.0,0.7096361722969675,0.04401489471329967,16.122637050919533,True
P07902,0.3081081081081081,1.0,0.38553313918458443,0.311986134880863,1.2357380539741183,False
P07910;P07910-2,0.9567567567567568,1.0,0.6061755693623656,0.1877297987944857,3.228978954086916,False
P07942,0.7297297297297297,1.0,0.43536784559068487,0.1294627888004083,3.3628801729421096,False
P07947,0.9243243243243243,1.0,0.5120092171185586,0.12045815719761777,4.250515108566549,False
P07948,0.7297297297297297,1.0,0.4079122020698165,0.16395896081620975,2.4878920922600063,False
P07948-2,1.0,1.0,0.6092016241292768,0.026437249171536337,23.04330606321832,True
P07949-2,0.22162162162162163,0.7777777777777778,0.7352865915732743,0.2024374085733207,3.632167575919947,False
P07951-2,0.9621621621621622,1.0,0.9416012338940476,0.06238028669114115,15.094532004255244,True
P07954-2,0.9567567567567568,1.0,0.5446292761103599,0.0432854496632018,12.58227141794867,False
P07988,0.7351351351351352,1.0,0.8441351210674588,0.29179282455724653,2.892926247752363,False
P07996,1.0,1.0,0.800051618127867,0.009175649112822981,87.1929177206432,True
P08069,0.3891891891891892,0.7777777777777778,0.40833927788131774,0.23514714752612598,1.7365266054777435,False
P08123,0.9513513513513514,1.0,0.5556219407575202,1.0529390386214974,0.5276867134539316,False
P08133,0.9567567567567568,1.0,0.35989227350984443,0.14647159248914754,2.457078996642368,False
P08134,0.8432432432432433,1.0,0.9610944484512487,0.36328740611492094,2.64554848936112,False
P08174-4,0.6162162162162163,1.0,0.39160947009729963,0.24401408364009036,1.6048642121612362,False
P08183;P08183-2,0.43783783783783786,0.8888888888888888,0.3771152688586348,0.12821600257871957,2.9412496199692457,False
P08185,1.0,1.0,0.9553213389967219,0.6258584704435144,1.526417527463891,False
P08195,0.9675675675675676,1.0,0.4705590471543779,0.4845209917775666,0.9711840253361028,False
P08237;P08237-3,0.972972972972973,1.0,0.46423434349229975,0.05643494817947925,8.226008146864988,False
P08238,1.0,1.0,0.6872363344551786,0.09459062091528025,7.265375021385041,False
P08240,0.8702702702702703,1.0,0.40517966418706663,0.048911408123693434,8.283950099379604,False
P08246,0.7297297297297297,1.0,0.9055755545037201,0.7215660434519258,1.2550140943045276,False
P08253,0.9945945945945946,1.0,0.49656660673876996,0.17660521063724843,2.8117324791663725,False
P08254,0.9135135135135135,1.0,0.7781717622675348,0.31289857158003365,2.486977675666675,False
P08294,0.41621621621621624,0.3333333333333333,0.9028507335100162,1.1615652313373275,0.7772707973279732,False
P08311,0.9891891891891892,1.0,0.7293811761682072,0.4154419129024003,1.7556754711447726,False
P08319;P08319-2,0.9945945945945946,1.0,0.9593471239434805,0.23649458364974763,4.056528945137659,False
P08397;P08397-2;P08397-3;P08397-4,0.2702702702702703,0.0,0.6853763640300885,,,False
P08493;P08493-2,1.0,1.0,0.6039269530453595,0.19429065192980488,3.1083685552897924,False
P08514,1.0,1.0,0.7360238665130936,0.06027228224983716,12.211647527501452,False
P08519,1.0,1.0,1.0842684494749726,0.04961354116560557,21.85428461668925,True
P08559;P08559-2;P08559-4,0.8108108108108109,1.0,0.40794899567032417,0.1929332322344557,2.114456856113714,False
P08567,1.0,1.0,0.8645535817327641,0.10403869768746432,8.309923143501003,False
P08571,1.0,1.0,0.6957268474735869,0.11027832249157221,6.308826900470456,False
P08572,0.6432432432432432,1.0,0.5802828683167007,0.1650179514916541,3.516483286038422,False
P08574,0.8216216216216217,1.0,0.5331533563200157,0.04962017509019567,10.74468913805506,False
P08575;P08575-10;P08575-4;P08575-5;P08575-6;P08575-7;P08575-8;P08575-9,1.0,1.0,0.31176351899405574,0.08889219351680033,3.507209200942189,False
P08603,1.0,1.0,0.3781868029648905,0.14691148952013222,2.574249326585618,False
P08621;P08621-2,0.31351351351351353,0.4444444444444444,0.9248921558498289,0.04789229675956541,19.311919002195324,False
P08631;P08631-2;P08631-3;P08631-4,0.5567567567567567,0.8888888888888888,0.6965809989557865,0.21343437213851946,3.263677691537442,False
P08637,0.9945945945945946,1.0,0.7260681785400305,0.15484669514327543,4.68894849753312,False
P08648,1.0,1.0,0.4798422240984159,0.04642653628367732,10.335516334159937,False
P08670,1.0,1.0,0.5361837309178306,0.06900947168798233,7.769712154037609,False
P08697,1.0,1.0,0.8753063327095525,0.3949430724064129,2.216284811317885,False
P08708,0.8054054054054054,1.0,0.46618301877028756,0.5415173552005257,0.8608828771474156,False
P08709;P08709-2,0.827027027027027,0.6666666666666666,0.7958624396102714,0.17513769691501224,4.544209805365167,False
P08727,0.1891891891891892,0.2222222222222222,0.5127651904689952,0.01932533411584103,26.53331566716252,False
P08754,0.9891891891891892,1.0,0.44549729755848944,0.07333157764370846,6.075108594049336,False
P08758,1.0,1.0,0.6642366370166215,0.028028855099645256,23.698314992003663,True
P08779,0.8054054054054054,0.7777777777777778,1.0056813785645211,0.8073424141154746,1.2456689515889574,False
P08833,0.06486486486486487,0.0,0.8771657807194879,,,False
P08865,0.9513513513513514,1.0,0.5156704333799258,0.11992917761343236,4.299791290507185,False
P08913,0.2864864864864865,1.0,0.46613699829272726,0.37611927904730713,1.2393329038421823,False
P08962;P08962-2,0.14594594594594595,0.4444444444444444,0.5422318038176819,1.0646018605595113,0.5093282511573922,False
P09012,0.24864864864864866,0.1111111111111111,0.6935883356318389,,,False
P09038;P09038-1;P09038-2;P09038-3,0.8594594594594595,0.8888888888888888,0.5185837425130231,0.35897693252490637,1.4446157831521471,False
P09104,0.9135135135135135,1.0,0.656573062646979,0.060515304531474357,10.849702694720666,False
P09105,0.15135135135135136,0.1111111111111111,0.6863942981799482,,,False
P09110,0.9297297297297298,1.0,0.5578807474812653,0.1189827824018348,4.688751903591913,False
P09132,0.0918918918918919,0.2222222222222222,0.4611136657820847,0.11464904219222127,4.021958290841878,False
P09172,0.9081081081081082,1.0,0.9183557926792014,0.4279666585837809,2.1458582678337765,False
P09210,0.2756756756756757,0.2222222222222222,0.4683624819929957,0.4421698803796854,1.059236512425539,False
P09211,1.0,1.0,0.9521793737634443,0.13472592535920214,7.067528920100365,False
P09237,0.7135135135135136,0.8888888888888888,0.6520557124501689,0.5584963714223932,1.1675200517229796,False
P09326,0.8918918918918919,1.0,0.6428303775746844,0.20964948302450104,3.0662149426791525,False
P09327,0.8648648648648649,1.0,0.4659537699818461,0.03912904192986666,11.908131326522208,False
P09382,0.9945945945945946,1.0,0.4571939165624608,0.07673882381793717,5.957791556033659,False
P09417,0.8864864864864865,1.0,0.655581023615909,0.07505320726793663,8.734883524371101,False
P09429,0.8972972972972973,1.0,0.7301134048999511,0.13941140751484582,5.23711379086537,False
P09471,0.005405405405405406,0.0,,,,False
P09486,0.9783783783783784,1.0,0.8516736817309472,0.030098638928080845,28.2960862039635,True
P09488,0.5405405405405406,1.0,0.7773888684801982,0.17740708917392745,4.381949290189057,False
P09493-3,1.0,1.0,0.7234412493589559,0.05316958087988155,13.606299643273916,True
P09493-5,0.972972972972973,1.0,0.7379722599799035,0.0322953053723829,22.85075962189152,True
P09493-6,0.9945945945945946,1.0,0.9041293710557792,0.10123161789493551,8.9312942918105,False
P09496-2,1.0,1.0,0.656334288648516,0.027057593603363017,24.256934976173916,True
P09497-2,0.9621621621621622,1.0,0.594666645863632,0.03733919916602524,15.926068559197072,True
P09525;P09525-3,0.8540540540540541,1.0,0.5106188579506687,0.09394531081503743,5.435277753841186,False
P09543-2,0.9891891891891892,1.0,0.48007816404564885,0.044985997949259726,10.671724223771474,False
P09622;P09622-2,0.35135135135135137,0.5555555555555556,0.49629324573702505,0.12921246243154094,3.840908503697699,False
P09651;P09651-2;P09651-3,0.24324324324324326,0.2222222222222222,0.4504143557512368,0.7849294393598489,0.573827828547969,False
P09668,0.9351351351351351,1.0,0.5662028098802274,0.2652523201908128,2.1345819311699965,False
P09669,0.9837837837837838,1.0,0.7929198857484803,0.052426691392270186,15.124354878999455,True
P09693,0.2810810810810811,0.3333333333333333,0.7224017490388803,0.15976114443316014,4.521761230504419,False
P09769,0.9513513513513514,1.0,0.44920824019274797,0.10628121564975679,4.226600509285537,False
P09871,1.0,1.0,0.6942089518113228,0.19511185763858307,3.5580049322130183,False
P09874,0.7135135135135136,0.7777777777777778,0.6689684276092009,1.1252480484948677,0.5945075208119787,False
P09917;P09917-2;P09917-3,0.9135135135135135,0.8888888888888888,0.549387305533152,0.33827648330188254,1.6240777371534612,False
P09958,0.9081081081081082,1.0,0.3838248505783639,0.2107570937280876,1.8211716805772766,False
P09960,0.9945945945945946,1.0,0.43461594644625823,0.09398302960662264,4.624408771087674,False
P09972,0.7513513513513513,1.0,0.36700616354615434,0.11750627765396615,3.123289843517283,False
P0C0L4-2,0.9945945945945946,1.0,0.6896749290793469,0.21876416152450062,3.1525955818046842,False
P0C0L5,1.0,1.0,0.6913513250614258,0.17423994864378756,3.967811804598323,False
P0C221,0.5405405405405406,0.8888888888888888,0.7054982287357658,0.14834349920915102,4.75584189733233,False
P0C2W1,0.43783783783783786,1.0,0.5400637250356546,0.36594236664122803,1.4758163423180135,False
P0C7M8,0.6756756756756757,1.0,0.5565790707423961,0.09512749198508708,5.850875063852727,False
P0C7P0,0.372972972972973,0.3333333333333333,0.8424769492157917,0.0018885692866845716,446.0926878117245,False
P0C7P3;P0C7P3-2,0.9405405405405406,1.0,0.690930240209398,0.06372380087537621,10.842577352858173,False
P0CAP1;P0CAP1-3,0.14594594594594595,0.1111111111111111,0.6443969441824375,,,False
P0CG29;P0CG30,0.41081081081081083,0.8888888888888888,0.44472341145486727,0.36791218126084235,1.2087759908649702,False
P0CG39,0.8054054054054054,1.0,0.5107204354561059,0.13199004680557813,3.8693859712649328,False
P0CG47;P0CG48;P62979;P62987,1.0,1.0,0.414745779331561,0.1813278202739177,2.287270528620689,False
P0CW00,0.16756756756756758,0.2222222222222222,0.5851210965607478,1.0080995545043878,0.5804199535118444,False
P0DI81;P0DI81-3;P0DI82,0.6162162162162163,1.0,0.5038103864115726,0.20859465392222454,2.4152603000047193,False
P0DJI8,1.0,1.0,0.9397382835832921,0.07192172290459098,13.066125860609853,True
P0DJI9,0.25405405405405407,0.7777777777777778,0.7825032430131227,0.10517448699962806,7.440048108015872,False
P0DMM9;P0DMM9-3;P0DMN0,0.5459459459459459,1.0,0.40307295624715955,0.19857407992667575,2.0298367057573468,False
P0DMQ5,0.7297297297297297,1.0,0.39986956244718996,0.10882968792104641,3.6742691271639654,False
P0DMV8;P0DMV9,1.0,1.0,0.7161883340269544,0.03886866377656517,18.425854259974873,True
P0DOX2,0.9945945945945946,1.0,0.7536509701778051,0.422129243442285,1.7853559825235064,False
P0DOX3,0.9783783783783784,1.0,0.8879986257896064,0.21276960886101648,4.173521916702198,False
P0DOX5,0.032432432432432434,0.0,1.3307643792925434,,,False
P0DOX7,0.9135135135135135,1.0,0.7561994940952115,0.08940472028374025,8.4581607290453,False
P0DOY2;P0DOY3,1.0,1.0,0.6277648915298251,0.07223623207661944,8.69044347252177,False
P0DP04,0.021621621621621623,0.0,0.3452485389142561,,,False
P0DP23;P0DP24;P0DP25,1.0,1.0,0.7081335940714233,0.055156094810108414,12.838718848921193,True
P0DTE1,0.2648648648648649,0.2222222222222222,0.5933845602286674,0.0019173312383040653,309.4846359221337,False
P0DTE5,0.11351351351351352,0.1111111111111111,0.5429353265466528,,,False
P10114,0.8,1.0,0.522670947903423,0.13237442249475073,3.94842854120213,False
P10124,1.0,1.0,0.9003544901104696,0.08401895532400872,10.71608765710504,False
P10155,0.40540540540540543,0.8888888888888888,0.46601985553133396,0.6287114545329233,0.7412301019353071,False
P10176,0.40540540540540543,1.0,0.5289729792356805,0.46305756986204294,1.142348195264955,False
P10253,0.32972972972972975,0.4444444444444444,0.7592656297393816,0.546099150015003,1.3903439141381604,False
P10275,0.2972972972972973,0.4444444444444444,0.6152132185865256,0.5520956287780852,1.1143236543062913,False
P10301,0.8972972972972973,1.0,0.48882140683025366,0.09153810495758208,5.340086590789366,False
P10321,1.0,1.0,0.5661726135288099,0.11892288719565514,4.760838110138778,False
P10321-2,0.005405405405405406,0.0,,,,False
P10398,0.8972972972972973,1.0,0.517349474938654,0.06932316339953282,7.4628659392964245,False
P10412,0.9837837837837838,1.0,0.8802893941878311,0.06872537603320161,12.808797055727398,True
P10451-5,0.1891891891891892,0.0,0.7476834505436365,,,False
P10515,0.8486486486486486,1.0,0.6006365003639544,0.13257302838066387,4.530608583816275,False
P10523,0.41621621621621624,0.7777777777777778,0.4362092598512213,0.1743329615449749,2.502161702442523,False
P10586,0.9783783783783784,1.0,0.4364309852996904,0.21438848075671046,2.0357016559810193,False
P10599,1.0,1.0,0.5979876581756045,0.1158215708657444,5.1630076652022545,False
P10600;P10600-2,0.22162162162162163,0.3333333333333333,0.7375448054933305,0.07339839043129004,10.04851470392615,False
P10606,0.9837837837837838,1.0,0.7869286301385889,0.1436561305109194,5.4778631955339625,False
P10619;P10619-2,0.9675675675675676,1.0,0.7441800289134051,0.06273943027757056,11.861440654163072,False
P10620,0.43243243243243246,1.0,0.7481380974587566,0.5167511681386348,1.4477724359164776,False
P10643,1.0,1.0,1.0643917348634115,0.33090468613177393,3.216611246295696,False
P10644,1.0,1.0,0.6149886068774073,0.06457879718114157,9.5230731094663,False
P10645,0.4810810810810811,0.4444444444444444,0.6898775477212293,0.4543972026471481,1.5182257806655957,False
P10646,0.9945945945945946,1.0,0.9765019870127158,0.09752756718225086,10.012574036507191,False
P10646-2,1.0,1.0,0.6075162931572358,0.270053582549167,2.2496139004067053,False
P10720,0.010810810810810811,0.0,0.07311594444074299,,,False
P10746,0.5081081081081081,1.0,0.4469672409053924,0.1639803061728955,2.725737323810853,False
P10747;P10747-7,0.043243243243243246,0.0,0.7276910248623549,,,False
P10768,0.9837837837837838,1.0,0.6126057321740781,0.10852210942221063,5.644985482089232,False
P10809,1.0,1.0,0.6028189209319486,0.056077056658828894,10.749831693191041,False
P10827,1.0,1.0,0.5381356618405331,0.2745018225801541,1.9604083382120288,False
P10909-6,1.0,1.0,0.5019023341640363,0.17323254110091568,2.8972751364979157,False
P10912,0.010810810810810811,0.1111111111111111,1.0925222168002806,,,False
P11021,1.0,1.0,0.6714284593907571,0.037412959168360516,17.946414138729033,True
P11047,0.6108108108108108,1.0,0.4069531086714271,0.12258042394990376,3.3198866145033152,False
P11049;P11049-2;P11049-3,0.7675675675675676,0.8888888888888888,0.46636697621136936,0.21072814640071247,2.2131214276641717,False
P11117,0.6972972972972973,1.0,0.5240933885361603,0.08115527206966888,6.457909328259598,False
P11137;P11137-3,0.21081081081081082,0.6666666666666666,0.3961701603225958,0.22379718908991464,1.7702195542921995,False
P11142,1.0,1.0,0.6578014046397662,0.03925738100937437,16.75612044732908,True
P11150,0.918918918918919,1.0,0.6472996590575759,0.36733176147820146,1.762166321944879,False
P11166,1.0,1.0,0.9716343066404143,0.09816997658220927,9.89746906811932,False
P11169,1.0,1.0,0.9344895460828546,0.03872883726530674,24.1290369674994,True
P11171-4,1.0,1.0,0.6879074761507056,0.14824254887109944,4.640418566661709,False
P11171-7,0.3837837837837838,0.4444444444444444,0.9319773136597505,0.09084809625383539,10.25863339013452,False
P11172,0.8810810810810811,1.0,0.4590213187713239,0.107593366031006,4.266260418314678,False
P11177;P11177-2,0.8864864864864865,1.0,0.6177412362828925,0.11477390789076303,5.382244515633576,False
P11182,0.6216216216216216,1.0,0.4900687744904566,0.13534266007997964,3.6209482967222195,False
P11215;P11215-2,1.0,1.0,0.5118721078523105,0.19617833792158557,2.6092182922709384,False
P11216,1.0,1.0,0.788228391355247,0.09278655082129816,8.495071585033179,False
P11217-2,0.5945945945945946,1.0,0.4543409635330189,0.32699136553709707,1.3894585956015835,False
P11226,0.9891891891891892,1.0,1.0203481755749468,0.4202305519102758,2.428067571328805,False
P11233,0.7675675675675676,1.0,0.3882309036046836,0.18820407464088262,2.0628188010566597,False
P11234-2,1.0,1.0,0.7231802594166012,0.05461174809850533,13.242210414363095,True
P11274;P11274-2,0.7405405405405405,1.0,0.39511103514144175,0.07516226726154684,5.256773771426415,False
P11277,0.6162162162162163,0.8888888888888888,0.7481808428263914,0.18322203607647136,4.083465389032809,False
P11277-2,1.0,1.0,0.6391423135496943,0.13834024932084432,4.620074900019658,False
P11279,0.8162162162162162,1.0,0.448270931184787,0.119308678891338,3.7572365677861193,False
P11310;P11310-2,0.8864864864864865,1.0,0.5597420412492022,0.13201593876283368,4.239958042148058,False
P11362;P11362-14;P11362-2;P11362-20;P11362-21;P11362-3;P11362-4;P11362-5;P11362-6;P11362-7,0.5513513513513514,0.6666666666666666,0.7385943619314856,0.192028178669311,3.846281139829007,False
P11413;P11413-2,1.0,1.0,0.7971420524374544,0.06368791506631766,12.516378524990142,False
P11441,0.8648648648648649,1.0,0.44646011953536213,0.12003048586606724,3.719556047065681,False
P11532;P11532-11;P11532-4,0.10270270270270271,0.2222222222222222,0.6605444320036788,0.18422469771067362,3.585536793992026,False
P11586,1.0,1.0,0.571471509525681,0.04390516159144653,13.016043873005888,True
P11597,1.0,1.0,0.914349965157701,0.34215319959178814,2.6723408293378,False
P11678,0.13513513513513514,0.1111111111111111,1.0279604910157047,,,False
P11717,0.5945945945945946,0.6666666666666666,0.8726684646966563,0.3414045331112847,2.556112705194222,False
P11766,1.0,1.0,0.6694627132691569,0.11564567146845128,5.78891284704754,False
P11836,0.9243243243243243,1.0,0.6413309988776383,0.09627801384500323,6.6612404355381605,False
P11908-2,0.8054054054054054,1.0,0.5400548275188655,0.17862629996751878,3.0233780110603448,False
P11940,1.0,1.0,0.444856071081821,0.0684559832262206,6.4984249749469445,False
P12036;P12036-2,0.021621621621621623,0.0,0.6481576896629884,,,False
P12081,0.9243243243243243,1.0,0.49043828417896584,0.09532526049865453,5.144893196341049,False
P12107-2,0.2810810810810811,0.1111111111111111,0.456004586232198,,,False
P12109,1.0,1.0,0.7152398390933694,0.1262844343362275,5.663721288001898,False
P12110,0.9891891891891892,1.0,0.6804282415636198,0.042336430867827346,16.071932083455255,True
P12111,1.0,1.0,0.5646726003944877,0.0807984655716254,6.988654999814601,False
P12236,0.9783783783783784,1.0,0.7914536763096631,0.09944861135731387,7.958418579280205,False
P12259,1.0,1.0,0.7009620802589964,0.03757168572388281,18.656657713215754,True
P12268,0.8108108108108109,1.0,0.4869401095713446,0.15979563888903847,3.0472678288139896,False
P12273,0.6756756756756757,0.8888888888888888,0.7750950134408736,0.1368576804779682,5.663511252959244,False
P12318;P12318-2,1.0,1.0,0.6204507324277166,0.05361010963003565,11.573390480069124,False
P12429,0.9675675675675676,1.0,0.6855207099374283,0.09491882719542843,7.222178467565863,False
P12814,0.07027027027027027,0.1111111111111111,0.3563940708030273,,,False
P12814-3,1.0,1.0,0.7785546313587339,0.024224545595785685,32.13908092848512,True
P12821;P12821-2,0.3675675675675676,0.2222222222222222,0.7229508232912059,1.3450858869484312,0.5374755845006668,False
P12829,0.8,1.0,0.8170209876412482,0.010625608312091472,76.8916906819833,True
P12830,1.0,1.0,0.47442739214951857,0.23977197093963198,1.978660767938411,False
P12883,0.4486486486486487,0.7777777777777778,0.9842917178247603,0.46574036654712003,2.113391469848421,False
P12931;P12931-2;P12931-3,1.0,1.0,0.7094185731382048,0.03643460231237228,19.47101184352173,True
P12955,0.9351351351351351,1.0,0.38111011595957933,0.1728642837690071,2.2046781882881277,False
P12956,0.31891891891891894,0.6666666666666666,0.7180265312080607,0.7275687444987868,0.9868847949243619,False
P13073,0.9675675675675676,1.0,0.7708737864305952,0.13356101075038218,5.771697758946388,False
P13224-2,1.0,1.0,0.7976757698432877,0.19549223272640148,4.08034507928335,False
P13473-2,0.6324324324324324,1.0,0.48857101888789245,0.24653856247292083,1.981722510211991,False
P13489,1.0,1.0,0.6427178853752196,0.08376526939912843,7.672844485376979,False
P13497,1.0,1.0,0.6440907900102726,0.3286384163573377,1.9598767458456066,False
P13501,0.9891891891891892,1.0,0.8698469295914428,0.162417861785066,5.355611261171174,False
P13535,0.03783783783783784,0.0,0.806365359812041,,,False
P13591-1;P13591-3;P13591-4,0.3891891891891892,0.2222222222222222,0.8771417565614792,0.566684312775986,1.5478490171444346,False
P13598,0.9945945945945946,1.0,0.5424186539463252,0.09951937121339505,5.450382647447003,False
P13611;P13611-2;P13611-5,0.9783783783783784,0.8888888888888888,0.6154621852534223,0.08730307443849039,7.049719488252935,False
P13612,0.6432432432432432,0.7777777777777778,0.5951235263893242,0.4870514145848084,1.221890561382812,False
P13637;P13637-2;P13637-3,0.016216216216216217,0.0,0.9608850463095155,,,False
P13639,1.0,1.0,0.45248625019387667,0.058269759140790356,7.765370182852266,False
P13645,1.0,1.0,1.2449134121765333,1.2224975878160684,1.0183360888265716,False
P13646,0.13513513513513514,0.1111111111111111,1.0924185587482267,,,False
P13647,1.0,1.0,1.071968653314137,1.6734004115863002,0.6405930379196956,False
P13667,1.0,1.0,0.7363346376980502,0.04377991009687676,16.819007532648634,True
P13671,1.0,1.0,0.9669127187183548,0.22299651403352527,4.335999255006243,False
P13674,0.5135135135135135,1.0,0.49333533647300065,0.10901045149432242,4.525578324925064,False
P13693,0.9297297297297298,1.0,0.6609471419430077,0.09179608578079268,7.200166938722606,False
P13716,1.0,1.0,0.6526808397340975,0.13469904998769522,4.845474706716343,False
P13747,0.9675675675675676,1.0,0.7432203499384755,0.08730411982551978,8.513004328132812,False
P13796,1.0,1.0,0.28785238620902653,0.064052005633366,4.494041730038791,False
P13797,0.9783783783783784,1.0,0.7155874571876968,0.03139747444237706,22.791242604592135,True
P13798,0.8918918918918919,1.0,0.5056755255315757,0.5182358972889247,0.975763215510433,False
P13804,0.9459459459459459,1.0,0.5031908021766736,0.15077397669199044,3.3373849600360415,False
P13807-2,0.8648648648648649,1.0,0.6248511520149798,0.12480458961662855,5.006636005409585,False
P13861,0.9513513513513514,1.0,0.618507464265309,0.037773538098649695,16.374094019204914,True
P13929,0.9945945945945946,1.0,0.5885062784194828,0.1002372211386433,5.871135210397435,False
P13987;P13987-2,1.0,1.0,0.6340530070045958,0.2246831093694972,2.821987860074872,False
P14151;P14151-2,1.0,1.0,0.6062873241248781,0.3703365706503572,1.6371251779433016,False
P14174,0.6756756756756757,1.0,0.5955875677829283,0.36934871901583044,1.6125345428838518,False
P14209;P14209-3,0.9945945945945946,1.0,0.5336468269786936,0.05433824048836833,9.820833766101174,False
P14314-2,1.0,1.0,0.70628726772512,0.0691512243169079,10.213662515768767,False
P14317,0.9783783783783784,1.0,0.6722953084908276,0.034596397810709334,19.432523356021715,True
P14324,0.9675675675675676,1.0,0.7553900344835789,0.13358676193601227,5.654677331316773,False
P14384,0.34594594594594597,0.6666666666666666,0.5232865343714712,0.0791213237330961,6.613723199787452,False
P14406,0.9837837837837838,1.0,0.9620645575415301,0.07119754455599292,13.51260866566711,True
P14543,1.0,1.0,0.5679959417834315,0.0587305302307044,9.671221076197307,False
P14550,0.827027027027027,1.0,0.3996409965148242,0.2608361473678329,1.5321534248519926,False
P14618-2,1.0,1.0,0.7728802903429077,0.0649783179121819,11.894433638424657,False
P14618-3,0.8216216216216217,1.0,0.9274514459237402,0.5389985850006962,1.7206936562227566,False
P14621,0.372972972972973,0.8888888888888888,0.3334770084924674,0.41066684202217196,0.8120378232885501,False
P14625,1.0,1.0,0.7171622748332176,0.049398114730077936,14.51800901212422,True
P14649,0.5891891891891892,1.0,0.43841225239465764,0.24577915111131965,1.7837650199877595,False
P14672,0.23783783783783785,0.2222222222222222,0.6796228650652827,0.498001887746808,1.3646993752176573,False
P14678;P14678-2,0.20540540540540542,0.1111111111111111,0.7651708036234792,,,False
P14735,0.8918918918918919,1.0,0.37033816537935493,0.12767198308326222,2.9007003450227304,False
P14770,1.0,1.0,0.9307486976387693,0.06626663633965535,14.045509913437234,True
P14780,0.9891891891891892,1.0,0.6123682233292342,0.0733024789346075,8.353990645739588,False
P14854,0.9081081081081082,1.0,0.6793182206466968,0.09090517621546113,7.472822219018575,False
P14866,0.7027027027027027,1.0,0.492912600940965,0.06822247256317127,7.225076758754936,False
P14868,1.0,1.0,0.6927663175612118,0.020004258974996247,34.630941262413934,True
P14923,0.9297297297297298,1.0,0.7739090520381673,0.7274498057905721,1.063865913328693,False
P14927,0.9081081081081082,1.0,0.34368831852401627,0.103651538980996,3.315805263509207,False
P15056,0.4918918918918919,1.0,0.48040206984842726,0.24686845516202816,1.9459840242979731,False
P15104,0.4972972972972973,0.8888888888888888,0.504462401710386,0.20423885082406734,2.4699629853721277,False
P15121,0.8054054054054054,1.0,0.5095379404740346,0.03536517559548358,14.407900763798462,True
P15144,0.972972972972973,1.0,0.6007707044685384,0.13382670817297004,4.489168960892669,False
P15151;P15151-2;P15151-3;P15151-4,0.5027027027027027,0.4444444444444444,0.8209841908365423,1.1330204283424088,0.7245978715826239,False
P15153,1.0,1.0,0.737116998339765,0.1814142333774278,4.0631707039558,False
P15169,1.0,1.0,0.8406798881773714,0.1668778279151919,5.037696731075676,False
P15170-2;P15170-3,1.0,1.0,0.769027015540102,0.049659105536418835,15.486122982543764,True
P15260,0.14054054054054055,0.2222222222222222,0.6355927901646323,0.050936102896424806,12.478237517641823,False
P15289,0.2,0.6666666666666666,0.5702646534556557,0.3421274848914031,1.6668191789287758,False
P15291;P15291-2,0.7837837837837838,0.8888888888888888,0.521090613600725,0.17039482587119625,3.0581363661513077,False
P15311,0.9621621621621622,1.0,0.4740762590980401,0.10231286913531612,4.633593633964464,False
P15374,0.6162162162162163,1.0,0.4329442637632397,0.30418426966831724,1.42329603116993,False
P15498,0.9675675675675676,1.0,0.6455278673838638,0.04115493001783044,15.68531077817865,True
P15502-1;P15502-2;P15502-4;P15502-5,1.0,1.0,0.59696729576366,0.20361738840053256,2.931809019126476,False
P15516,0.8432432432432433,0.8888888888888888,0.936951562282796,0.1548168113753361,6.052001419996058,False
P15529-2;P15529-3;P15529-4;P15529-5;P15529-6;P15529-7,0.9675675675675676,1.0,0.586000942879334,0.07663797387018612,7.646352236189552,False
P15529;P15529-10;P15529-11;P15529-12;P15529-13;P15529-14;P15529-15,0.3891891891891892,1.0,0.41070488447309206,0.15750960648896672,2.60749101993256,False
P15531;P15531-2,0.9945945945945946,1.0,0.7648430393449619,0.13586888807626352,5.629272824516336,False
P15586;P15586-2,0.8108108108108109,1.0,0.5740319725331062,0.2201162319693033,2.607858436415352,False
P15735;P15735-2,0.3081081081081081,0.8888888888888888,0.32376095408084105,0.19880042098163297,1.6285727790825608,False
P15814,0.25405405405405407,0.2222222222222222,0.7970026173022617,0.6297741619500385,1.2655371805575755,False
P15848,0.6378378378378379,0.7777777777777778,0.7154709130232231,0.08197582999253683,8.727827618071819,False
P15880,1.0,1.0,0.4146241942676969,0.044603176095868946,9.295844613767281,False
P15907,0.9945945945945946,1.0,0.47534062595910154,0.08601564844023102,5.52621103925523,False
P15924,0.9945945945945946,1.0,0.7974899641408273,0.9669322508771376,0.824763020798403,False
P15927;P15927-2;P15927-3,0.2702702702702703,0.7777777777777778,0.4738630306043765,0.3444535003780551,1.375695210193213,False
P15954,0.5945945945945946,1.0,0.5038246693252075,0.1689080612090379,2.9828337719280444,False
P16035,0.7675675675675676,1.0,0.5812476869787071,0.30469871007340643,1.9076145312156916,False
P16050,0.010810810810810811,0.0,0.14159177523137334,,,False
P16070;P16070-10;P16070-11;P16070-12;P16070-13;P16070-14;P16070-16;P16070-17;P16070-18;P16070-3;P16070-4;P16070-5;P16070-6;P16070-7;P16070-8,0.9945945945945946,1.0,0.5603865842095539,0.1526376657538755,3.6713519002129105,False
P16083,0.42162162162162165,0.8888888888888888,0.4844449156815971,0.30290632866330736,1.5993225292432804,False
P16104,0.11351351351351352,0.1111111111111111,0.9513850740015002,,,False
P16109,1.0,1.0,0.7566368495468367,0.03346491785890038,22.609852285819986,True
P16150,1.0,1.0,0.3895719592851421,0.1217355487761349,3.2001495306974292,False
P16152,0.9513513513513514,1.0,0.5913250463832833,0.17339816798715724,3.4102150746314686,False
P16157-21,0.21081081081081082,0.6666666666666666,0.667034460789667,0.6270372082003739,1.0637876860674458,False
P16157-8,1.0,1.0,0.8208485837126336,0.20192722702728005,4.065071341774718,False
P16219,0.7081081081081081,1.0,0.5005416478894382,0.07482612020057999,6.689397319380972,False
P16278;P16278-3,0.8378378378378378,1.0,0.493193269517775,0.07612914203442855,6.478376825719825,False
P16284,1.0,1.0,0.621258890663519,0.06244223089949941,9.949338479969324,False
P16298;P16298-4,0.654054054054054,0.8888888888888888,0.3711772863819309,0.21979990375367198,1.6887054090701805,False
P16333,0.8702702702702703,1.0,0.5118954317916238,0.06399356932731948,7.999169872418581,False
P16401,0.8864864864864865,0.8888888888888888,0.6000312390482341,0.3080296016665818,1.9479661558557657,False
P16403,0.16216216216216217,0.4444444444444444,0.6100630235333622,0.18499539533529497,3.29772004555926,False
P16435,0.7351351351351352,1.0,0.4525379240345675,0.13237720331604308,3.4185487583852243,False
P16452-2,1.0,1.0,1.0740559650866075,0.19836774705012772,5.4144687382833085,False
P16455,0.5783783783783784,1.0,0.5954628033885498,0.44503143724077177,1.3380241339363885,False
P16519-3,0.41081081081081083,0.5555555555555556,0.9461139186763052,0.802178106541831,1.1794312397217843,False
P16591,0.8918918918918919,1.0,0.3971611593104267,0.07160781521684001,5.5463381770238165,False
P16615,1.0,1.0,0.7654637580718209,0.049890012273031914,15.343026052643264,True
P16671,0.9945945945945946,1.0,0.8630011735220418,0.14268384734238637,6.048345272406138,False
P16885,0.9513513513513514,1.0,0.6647958193555654,0.025509064445937923,26.061160367699326,True
P16930-2,0.2810810810810811,0.5555555555555556,0.5057572606169591,0.24419808095981743,2.071094328952491,False
P16949,0.7243243243243244,1.0,0.6647766176273073,0.25404569186799186,2.616760051072785,False
P17050,0.7189189189189189,1.0,0.6421541860114512,0.19838672190733497,3.236880875078912,False
P17066,1.0,1.0,0.5342668652946188,0.20445471560097062,2.613130559127502,False
P17152,0.827027027027027,1.0,0.69544671738179,0.21794986122003301,3.1908564359198937,False
P17174,0.972972972972973,1.0,0.33062598802645216,0.24802218178088786,1.3330500750071606,False
P17213,0.5297297297297298,0.6666666666666666,0.6727687527266752,0.24200729094383622,2.779952414255188,False
P17252,0.918918918918919,1.0,0.592947954705247,0.10841001164964048,5.469494428443901,False
P17301,1.0,1.0,0.7439460520437535,0.022564150772385716,32.9702659563064,True
P17542;P17542-2,0.1945945945945946,0.7777777777777778,0.47401200572300173,0.38743449657034823,1.2234636046068583,False
P17568,0.372972972972973,1.0,0.44575081454985366,0.557652110082909,0.799334937482047,False
P17612;P17612-2,0.42162162162162165,0.8888888888888888,0.6962772806463438,1.0147952377661893,0.6861258850396451,False
P17655,0.9783783783783784,1.0,0.33324226493325426,0.06221218658542682,5.356543198745503,False
P17693;P17693-5,0.8972972972972973,0.8888888888888888,0.6435387416182508,0.2872580044835322,2.2402813205337266,False
P17812,0.918918918918919,1.0,0.5798716683263292,0.09231363655730007,6.281538567342611,False
P17813;P17813-2,0.9027027027027027,1.0,0.424561784109164,0.13068647542259093,3.2487048314394493,False
P17844;P17844-2,0.1837837837837838,0.2222222222222222,0.5195215772804609,0.09457767386088989,5.493067825336899,False
P17858,1.0,1.0,0.6220826562601047,0.03396653988676235,18.31457246849411,True
P17927,0.372972972972973,0.2222222222222222,0.6154327859854707,0.12010545702047981,5.124103444196795,False
P17931,0.9621621621621622,1.0,0.540090758361794,0.19932650140043862,2.7095782776860875,False
P17936;P17936-2,1.0,1.0,0.5412220756990145,0.0885274752059928,6.113605685010848,False
P17980,0.9945945945945946,1.0,0.594992992500968,0.06255060200940399,9.512186507997406,False
P17987,1.0,1.0,0.6475651850725477,0.019835099065559803,32.64743891281753,True
P18031,0.9783783783783784,1.0,0.7159395092009646,0.042215146354152466,16.959304207896977,True
P18054,0.9945945945945946,1.0,0.78333686692842,0.06669470499238273,11.745113304240355,False
P18065,0.9135135135135135,1.0,0.5194343874355294,0.20842470692721626,2.4921920010995646,False
P18077,0.654054054054054,1.0,0.48378720850323376,0.21709386902973726,2.2284701574735175,False
P18084,0.8486486486486486,1.0,0.42105866705368555,0.0630508739698481,6.678078201660493,False
P18085,1.0,1.0,0.715030773569957,0.0556530182012942,12.848014297871973,True
P18124,0.8108108108108109,1.0,0.49034795509122464,0.45177683184653183,1.085376496813797,False
P18206;P18206-2,1.0,1.0,0.7984433406843685,0.025663607305570935,31.111890513967076,True
P18428,1.0,1.0,0.7228105742967443,0.2568065268929054,2.814611384850721,False
P18433;P18433-6,0.9891891891891892,1.0,0.5089848686871967,0.033195636722448185,15.332884648150198,True
P18440,0.32972972972972975,0.8888888888888888,0.4460082203583031,0.5878788411275586,0.7586737081791446,False
P18577;P18577-10;P18577-11;P18577-4;P18577-9;Q02161,0.9837837837837838,1.0,1.080980346203396,0.15667076668694335,6.899693982881893,False
P18621;P18621-3,0.5783783783783784,0.6666666666666666,0.6388635824985922,0.0618482359013246,10.329536052052694,False
P18669,0.972972972972973,1.0,0.7831141696008936,0.03223878927271251,24.291053952939095,True
P18859;P18859-2,0.9243243243243243,1.0,0.7592718439353057,0.048911449098119064,15.523397035572684,True
P19013,0.14054054054054055,0.0,1.135544925621656,,,False
P19021-5,0.9351351351351351,0.7777777777777778,0.5374750301364628,0.39551600315943247,1.3589210698000673,False
P19022,0.6216216216216216,0.4444444444444444,0.6920785904858473,0.4366363439793943,1.5850228686380439,False
P19086,0.9945945945945946,1.0,0.6854783712225601,0.05575141584010268,12.295263912015074,False
P19256;P19256-2;P19256-3,0.9243243243243243,1.0,0.45411492156009814,0.08301276807888236,5.470422587626259,False
P19320,1.0,1.0,0.42928161483334293,0.021918388909719866,19.585454779615436,True
P19338,0.9513513513513514,1.0,0.711898688952509,0.07998248208840053,8.900682629049745,False
P19367;P19367-2;P19367-3;P19367-4,1.0,1.0,0.817139104156233,0.010515269085551893,77.70976638904962,True
P19397,0.7405405405405405,0.7777777777777778,0.7483391639726538,0.18193424622973708,4.113239697751516,False
P19404,0.8378378378378378,1.0,0.6773861404862505,0.0972025227105533,6.9688123476316575,False
P19474,0.7351351351351352,1.0,0.3626288972026872,0.03474008562804265,10.438342066433147,False
P19525,0.7621621621621621,1.0,0.4240528695509074,0.18160128863661384,2.335076324262444,False
P19526,0.20540540540540542,0.1111111111111111,0.4283269573472053,,,False
P19532,0.24864864864864866,0.7777777777777778,0.4274938398650816,0.36967837342134224,1.1563939645932275,False
P19623,0.5945945945945946,1.0,0.44177294591102356,0.254197171692617,1.7379144817757017,False
P19634,0.9513513513513514,1.0,0.5504606064604136,0.07283271048885531,7.557876162588289,False
P19652,1.0,1.0,0.6210162776185619,0.12666621071604212,4.902777734551043,False
P19784,0.8540540540540541,1.0,0.5042834565094134,0.10169152037990514,4.958952866723614,False
P19823,1.0,1.0,0.9956777004340047,0.3342273389475494,2.9790432571114636,False
P19827,1.0,1.0,0.8162429599305447,0.11558800019076543,7.061658291374749,False
P19838;P19838-2,0.8324324324324325,1.0,0.3228201226430558,0.104528889449087,3.088333994022697,False
P19875,0.05945945945945946,0.0,0.5707543444553149,,,False
P19876,0.41621621621621624,1.0,0.5930044220176054,0.2173075663697972,2.728871488112275,False
P19957,0.032432432432432434,0.0,0.7715312201061346,,,False
P19961,0.032432432432432434,0.0,0.34405880673426914,,,False
P19971,1.0,1.0,0.6086194860442333,0.025959058370514043,23.445360665914684,True
P20020;P20020-1;P20020-4;P20020-6,0.8,1.0,0.3037499730688138,0.14615374180174534,2.078290773292993,False
P20042,0.9837837837837838,1.0,0.5785309152098472,0.08532455026898944,6.780357041273617,False
P20062;P20062-2,0.8648648648648649,0.8888888888888888,0.7877169171950067,0.4251028706850777,1.8530030529447041,False
P20073;P20073-2,1.0,1.0,0.3305298672398571,0.09736055405635469,3.3949053643279217,False
P20142,0.07027027027027027,0.1111111111111111,0.6358692690861201,,,False
P20292,0.8486486486486486,1.0,0.7207313614733053,0.15434840663916027,4.669509567133076,False
P20336,0.23243243243243245,0.3333333333333333,0.7483995192436304,0.12169568510388196,6.149762159642563,False
P20338,0.9945945945945946,1.0,0.6714233038183375,0.08809189512493809,7.62185105526539,False
P20339;P20339-2,0.9027027027027027,1.0,0.3353925399690869,0.12307498202542178,2.725107365035486,False
P20340-2,0.9891891891891892,1.0,0.6763525120296379,0.03603149847548437,18.771145820921777,True
P20472,0.4540540540540541,0.6666666666666666,0.7977886246236983,0.15364240063430756,5.192502989604786,False
P20591,0.02702702702702703,0.0,0.44372914801822994,,,False
P20618,0.7297297297297297,1.0,0.40302227212398023,0.122309769884275,3.2950946805419146,False
P20645,0.9459459459459459,1.0,0.7752207471074755,0.1258283923808321,6.160936593397721,False
P20674,0.8864864864864865,1.0,0.6217227875096469,0.11163967531433983,5.569012859980866,False
P20700,0.21081081081081082,0.2222222222222222,0.9013105816649869,0.032568683532058884,27.674148412470664,False
P20701;P20701-2,1.0,1.0,0.734576252344965,0.20227285416773455,3.6316106546646068,False
P20742,1.0,1.0,1.3603339963444867,0.18937463410571098,7.183295707835578,False
P20774,0.8594594594594595,1.0,0.664883660374306,0.3327218463590427,1.998316815231979,False
P20810-6,0.8810810810810811,1.0,0.3863694231931003,0.06474608037035523,5.967456577803962,False
P20839-3;P20839-5;P20839-6;P20839-7,0.3081081081081081,0.8888888888888888,0.5155741440235904,0.45371922727968794,1.1363286213695611,False
P20851;P20851-2,1.0,1.0,0.5916658289959535,0.09229483952834272,6.410605750219215,False
P20908-2,0.02702702702702703,0.0,0.2364705421344251,,,False
P20929-3,0.2648648648648649,0.3333333333333333,0.43122502041949673,0.2926388942893361,1.4735738441970008,False
P20930,0.7405405405405405,0.7777777777777778,0.8872964737539029,0.4110118099047195,2.15881016645141,False
P20936;P20936-2;P20936-4,0.9135135135135135,1.0,0.5480615803652871,0.034895342632419,15.70586614203692,True
P20962,0.4594594594594595,1.0,0.5323508384801645,0.2675874827228366,1.9894459675887235,False
P20963;P20963-3,0.4972972972972973,1.0,0.7104897742513909,0.33580345834169023,2.115790521515255,False
P21266,0.8864864864864865,1.0,0.6980380595401741,0.05403835301889259,12.917456224029067,True
P21281,1.0,1.0,0.5459160472787215,0.04290677110583019,12.723307608773716,False
P21283,0.9243243243243243,1.0,0.4450805948620129,0.056598945975233406,7.863761191891657,False
P21291,1.0,1.0,0.6641849822718981,0.06385877767165837,10.400840831732282,False
P21333-2,1.0,1.0,0.6323740769102386,0.03401440087669627,18.591363087729313,True
P21359;P21359-2;P21359-6,0.4594594594594595,1.0,0.3447880082781136,0.17357377199712865,1.9864061506010096,False
P21397,0.16756756756756758,0.2222222222222222,0.6580763659281903,0.06808192373766975,9.66594846032643,False
P21399,0.9135135135135135,1.0,0.5075382313244425,0.15365590799027906,3.3030830897602166,False
P21549,0.02702702702702703,0.1111111111111111,1.917721057439632,,,False
P21580,0.34594594594594597,0.6666666666666666,0.5426136353040958,0.36382285931229585,1.4914226014543266,False
P21695-2,0.43783783783783786,0.5555555555555556,0.991431385964086,0.300383929253659,3.300547364259532,False
P21730,0.6756756756756757,0.6666666666666666,0.5654897256017613,0.5015710743329613,1.1274368769247813,False
P21731,0.8486486486486486,1.0,0.5976969881517142,0.05581000955143445,10.709494460861492,False
P21796,0.9297297297297298,1.0,0.6689167467778869,0.1053800977331889,6.347657301206081,False
P21810,0.5837837837837838,0.8888888888888888,0.516634571561843,0.26552304716787045,1.9457240231022712,False
P21817;P21817-2,0.3837837837837838,0.3333333333333333,0.9888056652871011,0.6818774407517232,1.4501222744618307,False
P21912,0.8810810810810811,1.0,0.48342962141577495,0.123118510424165,3.926538907515,False
P21926,1.0,1.0,0.733182321737722,0.12340949992289652,5.941052529957563,False
P21964;P21964-2,0.9243243243243243,1.0,0.4236586759299179,0.06308131262991346,6.716072609576881,False
P21980,0.6756756756756757,1.0,0.7509313846691228,0.3442890467416202,2.1811073915246477,False
P22001,0.4810810810810811,1.0,0.4865690474347524,0.43680718424373843,1.1139218057440348,False
P22004,0.24864864864864866,0.7777777777777778,0.49855517260022264,0.0965627393448969,5.163018116330707,False
P22033,0.4810810810810811,1.0,0.45799522453040886,0.20467106633202192,2.2377135798346743,False
P22059,0.8702702702702703,1.0,0.5062342010008809,0.036503904233839535,13.867946775172504,True
P22061;P22061-2,0.9945945945945946,1.0,0.6356506459243816,0.07816064540010714,8.132617670574023,False
P22087,0.3567567567567568,0.6666666666666666,0.9133124030247899,0.26112018551662075,3.497670627101542,False
P22102,0.8810810810810811,1.0,0.38962663125202823,0.0937601054655719,4.15556946440399,False
P22105;P22105-1;P22105-4,0.9837837837837838,1.0,0.4943833965888329,0.06534283668897523,7.565992259289935,False
P22234,1.0,1.0,0.6751927014052228,0.04415300439864467,15.29211229453615,True
P22303;P22303-2;P22303-4,0.4756756756756757,0.8888888888888888,0.7288079700013093,0.33695814254059897,2.1629035716609746,False
P22307;P22307-7;P22307-8,0.8378378378378378,1.0,0.6863176932498263,0.08233226272608185,8.335950823229462,False
P22314;P22314-2,1.0,1.0,0.7732829251542519,0.042457721645437374,18.213010382702695,True
P22352,1.0,1.0,0.5396648127465244,0.17066461449441483,3.16213653512917,False
P22392-2,0.9945945945945946,1.0,0.7814063501731763,0.10639306171941953,7.344523576489472,False
P22570;P22570-2;P22570-7,0.43243243243243246,1.0,0.4992839449206885,0.2828868562891369,1.7649598552234378,False
P22626,0.6756756756756757,1.0,0.4637451993877786,0.08592570239932407,5.397048687860672,False
P22681,0.9081081081081082,1.0,0.5716791440088764,0.1280683119963797,4.463861005875028,False
P22692;P22692-2,0.9891891891891892,1.0,0.6092437212970783,0.20746566084106632,2.93660029725981,False
P22694-2,1.0,1.0,0.6257575271438718,0.08304360871549576,7.535288227751436,False
P22695,0.8594594594594595,1.0,0.4956087096509645,0.18359569438847245,2.699457148500987,False
P22735,1.0,1.0,0.43314407281192757,0.2018428747352452,2.1459468082788518,False
P22792,1.0,1.0,0.6946636900958687,0.28952402705832725,2.3993300216010134,False
P22830;P22830-2,0.6810810810810811,1.0,0.7092418315385682,0.28506504401871346,2.4880000070861343,False
P22891;P22891-2,0.9783783783783784,1.0,0.9820594587754474,0.4799071297413189,2.046353133583992,False
P22894,0.1945945945945946,0.2222222222222222,0.6983307204107172,0.5417752742441833,1.2889674992734588,False
P22897,0.05405405405405406,0.1111111111111111,0.11634434650942538,,,False
P23083,0.42162162162162165,0.4444444444444444,0.8062913394471485,0.5768010777686259,1.3978672553219098,False
P23141;P23141-2;P23141-3,1.0,1.0,0.6713302638612078,0.10536024974340386,6.371760369742639,False
P23142,1.0,1.0,0.6846636782309616,0.06543563248539641,10.463162839967374,False
P23142-4,0.8432432432432433,0.7777777777777778,0.6272812413248605,0.18038306226692669,3.477495245072535,False
P23193,0.2648648648648649,0.4444444444444444,0.4468871302780535,0.08991978955906621,4.969841816461368,False
P23219;P23219-2;P23219-3;P23219-5;P23219-6,1.0,1.0,0.8536735151708079,0.08503809522233396,10.038718681772679,False
P23229-2;P23229-4;P23229-6,1.0,1.0,0.7163337129177165,0.025399530775342072,28.20263568070065,True
P23246,0.918918918918919,1.0,0.7037119744258913,0.1677099551923682,4.196005977216518,False
P23258,0.9405405405405406,1.0,0.5932957295028087,0.06843505623760393,8.669470913312447,False
P23276,0.6972972972972973,0.8888888888888888,0.7230462743334183,0.20665477176012015,3.4988123824825728,False
P23280,0.8648648648648649,1.0,0.6806470794551078,0.5622178756365646,1.2106464574511318,False
P23284,1.0,1.0,0.7088534758385201,0.08703014445572421,8.144918984928754,False
P23352,0.2756756756756757,0.6666666666666666,0.568481484062092,0.38939700744417305,1.459902036210676,False
P23368,0.9135135135135135,1.0,0.4804082598992636,0.0647881121407412,7.415068042971495,False
P23381,0.9837837837837838,1.0,0.4843633281190849,0.08295316700573174,5.8389974199010055,False
P23396,0.9405405405405406,1.0,0.41770461347999355,0.12949374522159118,3.22567404908409,False
P23443;P23443-2;P23443-3;P23443-5,0.31351351351351353,0.7777777777777778,0.3923043137452069,0.4615459836459781,0.8499788269116821,False
P23458,0.8756756756756757,1.0,0.3197190082475725,0.06714098861840867,4.761904982732294,False
P23467-3,0.05945945945945946,0.2222222222222222,0.28630407310787476,0.4754570758690404,0.6021659738359518,False
P23470;P23470-2,0.7135135135135136,1.0,0.4148128034910554,0.2884575993266498,1.438037356129144,False
P23490,0.31351351351351353,0.3333333333333333,0.7875730095117559,0.3298936905107226,2.38735396331006,False
P23526,0.9891891891891892,1.0,0.4357039449836435,0.03879249521422423,11.231655570943573,False
P23528,1.0,1.0,0.7662700691563415,0.14853266269305365,5.158933094331293,False
P23560;P23560-2;P23560-3;P23560-4;P23560-5,0.17297297297297298,0.5555555555555556,0.3718477289311961,0.5164742493013019,0.7199734148105934,False
P23588,0.8756756756756757,1.0,0.5334583763044529,0.10473207645309834,5.093552943575496,False
P23610,0.6972972972972973,1.0,0.42760164731002526,0.18707451411529874,2.2857290279876583,False
P23634;P23634-6,1.0,1.0,0.39803634160652734,0.15231029891482883,2.6133251949633904,False
P23743,0.8540540540540541,1.0,0.4070411877657101,0.10511107178048285,3.872486322047855,False
P23786,0.5135135135135135,1.0,0.3747616098608617,0.2929918975922785,1.2790852338939838,False
P23919,0.8918918918918919,1.0,0.49486071540109045,0.08397835762532502,5.892717235659028,False
P24158,0.42702702702702705,0.8888888888888888,0.8058461299744835,0.9744047434970007,0.8270137592746273,False
P24298,0.3837837837837838,0.5555555555555556,0.9205498829662222,0.6418533758794478,1.4342058756096951,False
P24386,0.42702702702702705,0.8888888888888888,0.3561033877223334,0.28010460585224717,1.2713228568264778,False
P24534,0.9405405405405406,1.0,0.6839345988093006,0.15569782841292934,4.392704803790994,False
P24539,0.9783783783783784,1.0,0.710258486026369,0.0937243670983765,7.57816252075467,False
P24557;P24557-3,1.0,1.0,0.6827588797328978,0.12237198866781185,5.579372266199736,False
P24593,1.0,1.0,0.6825727941141366,0.2026532983495386,3.3681800378932283,False
P24666,0.9675675675675676,1.0,0.6384356779548703,0.1720784783296665,3.710142512602655,False
P24723,0.5783783783783784,0.6666666666666666,0.6997400506015818,0.4572766836446789,1.5302333917932849,False
P24752,0.8540540540540541,1.0,0.4660989406287026,0.13922749721945848,3.3477506235281265,False
P24821;P24821-4,0.3783783783783784,1.0,0.5610340370923472,0.7055938114183977,0.7951232394804402,False
P24844,1.0,1.0,0.6884592571616395,0.07388879909439083,9.317505029174347,False
P24941,0.5243243243243243,1.0,0.4391860859526098,0.10386626782908692,4.228380350349117,False
P25098,0.8486486486486486,1.0,0.4516657693146584,0.10100818725090122,4.471575835657109,False
P25116,0.34594594594594597,0.8888888888888888,0.4349398967714242,0.3753999540737194,1.1586040223276441,False
P25311,0.9783783783783784,1.0,0.9381371517791148,0.47633642888059136,1.969484370497912,False
P25325-2,0.972972972972973,1.0,0.5844708446699203,0.1611709917410149,3.626402235019466,False
P25391,0.016216216216216217,0.0,0.19842537975924301,,,False
P25398,0.8594594594594595,1.0,0.49062916535501344,0.09024257020926107,5.436781822783932,False
P25445;P25445-6,0.32432432432432434,0.2222222222222222,0.5543294806674721,1.0379963682097086,0.5340379770533838,False
P25685,0.8864864864864865,1.0,0.4157914166063694,0.1592391770502708,2.611112568580449,False
P25686,0.9027027027027027,1.0,0.48886348529228485,0.05546918989466754,8.813243644275417,False
P25705,1.0,1.0,0.7307964410297956,0.04999808630327607,14.616488251109542,True
P25774,0.42702702702702705,0.4444444444444444,0.5521138418679161,0.42177841404316396,1.309013983374251,False
P25786;P25786-2,0.9351351351351351,1.0,0.30526969233584644,0.052109037710444284,5.85828688743298,False
P25787,0.6972972972972973,1.0,0.4833221407080366,0.1490844876887767,3.241934477562831,False
P25788;P25788-2,0.7837837837837838,1.0,0.32953306722489195,0.20217037714708397,1.6299770118406045,False
P25789,0.9297297297297298,1.0,0.5467142413630866,0.1799352798463385,3.0383938148759415,False
P26038,1.0,1.0,0.6784303346448333,0.0676623743768836,10.026700080992345,False
P26196,0.972972972972973,1.0,0.6478270863302962,0.08989488266733225,7.206495710413961,False
P26368;P26368-2,0.3891891891891892,0.5555555555555556,0.516284751891658,0.40715332720678,1.2680352029383115,False
P26373,0.7675675675675676,1.0,0.49869136110692036,0.38243949997152704,1.3039745139925358,False
P26374,0.1945945945945946,0.3333333333333333,0.4026283463578917,0.06852456903150284,5.875678636852005,False
P26440,0.8540540540540541,1.0,0.33475292289936043,0.04002838198177372,8.362889188271081,False
P26447,1.0,1.0,0.6678830314302644,0.01909233447944203,34.98173741662749,True
P26572,0.8432432432432433,1.0,0.4111929302016488,0.1863118095680001,2.207014848683393,False
P26583,0.8378378378378378,1.0,0.9609966469687947,0.3454891756279075,2.7815535616195106,False
P26599;P26599-1;P26599-2,0.918918918918919,1.0,0.6909794544831671,0.08200450754445221,8.426115529181217,False
P26639,0.9837837837837838,1.0,0.6287142915786665,0.054215571525515927,11.596563014793075,False
P26640,0.9891891891891892,1.0,0.40113171699310435,0.0750349517616069,5.345931563567036,False
P26641,1.0,1.0,0.68994881151621,0.052839698668140755,13.057394892605789,True
P26885,0.8702702702702703,1.0,0.7168114011289326,0.2507400755908833,2.8587827432041952,False
P26927,1.0,1.0,0.48814396234347335,0.10536893997898211,4.632712091825572,False
P27105,1.0,1.0,0.6215947432724,0.023280022108231435,26.700779766554188,True
P27169,1.0,1.0,0.48055286704581235,0.15913414550274396,3.0197973258826853,False
P27338,0.8810810810810811,1.0,0.7716067742031889,0.11834933291807914,6.51973910775899,False
P27348,0.9513513513513514,1.0,0.7199540736686973,0.06335918842608379,11.363057064858264,False
P27361,0.8702702702702703,1.0,0.39484138403084046,0.0728978393052877,5.4163660787981724,False
P27448-8,0.7081081081081081,1.0,0.34746361032852136,0.16153252322668976,2.151044281286324,False
P27694,0.6,0.8888888888888888,0.7112315907219742,0.7649986893433658,0.9297160905366486,False
P27695,0.654054054054054,1.0,0.7863951026626488,0.30403807811077677,2.586502018264056,False
P27701;P27701-2,0.2702702702702703,0.4444444444444444,0.7503677277273271,0.2868252571762433,2.616114546935643,False
P27707,0.5243243243243243,1.0,0.43419636583838894,0.23524435773769703,1.8457248880014714,False
P27708,0.9567567567567568,1.0,0.5077169817034495,0.04205169228674244,12.073639706136548,False
P27797,1.0,1.0,0.7982789847187348,0.1114307443888265,7.163902467825394,False
P27816,0.9621621621621622,1.0,0.6055930512396044,0.02370756086291337,25.544300180916395,True
P27824;P27824-2,1.0,1.0,0.775954916002096,0.0245913325472209,31.55400035813788,True
P27918,0.2918918918918919,0.4444444444444444,0.6717636044490973,0.452982232645871,1.482980028875136,False
P27986;P27986-4,0.8486486486486486,1.0,0.3959528858776977,0.09818645288666161,4.032663104091898,False
P27987,0.8864864864864865,1.0,0.5032159133786411,0.043668667439066056,11.5235005529036,False
P28062,0.42162162162162165,0.8888888888888888,0.34209834378424464,0.33190013411292085,1.0307267416404662,False
P28065,0.3891891891891892,1.0,0.5318318203824699,0.30460865684680627,1.7459511029259378,False
P28066,0.918918918918919,1.0,0.42426280328419264,0.2573981811503341,1.6482742861201527,False
P28070,0.4648648648648649,1.0,0.38955183470248933,0.40601193430296334,0.9594590744512658,False
P28074,0.2702702702702703,0.1111111111111111,1.0643898595518735,,,False
P28161,0.7297297297297297,1.0,0.5540891956300147,0.1876300993170954,2.9530933344207337,False
P28288,0.7351351351351352,1.0,0.42519237850577785,0.07720030413167223,5.5076515991513855,False
P28289,0.9081081081081082,1.0,0.8820102879245146,0.14092126400319316,6.258887146403462,False
P28290,0.8540540540540541,1.0,0.34580234751991146,0.044101826691685275,7.840998286474768,False
P28331;P28331-2,0.8864864864864865,1.0,0.4112120954214644,0.09564183221534073,4.299500395345907,False
P28332;P28332-2,0.21621621621621623,0.0,0.5263955437439423,,,False
P28340,0.7837837837837838,1.0,0.5676790729879855,0.02953509114787245,19.22049504251752,True
P28482,1.0,1.0,0.6051149697965119,0.04422895489836165,13.681421394357361,True
P28676,0.9783783783783784,1.0,0.4960651418886215,0.22499426208037043,2.204790190211258,False
P28838,0.9675675675675676,1.0,0.6224737664136697,0.056242453309168994,11.067685169988668,False
P28906,0.745945945945946,0.8888888888888888,0.5391795944826159,0.19460855826637236,2.770585216219569,False
P28907,0.7189189189189189,1.0,0.3622765568004134,0.17463240477903774,2.0745093515650868,False
P29122;P29122-2;P29122-7;P29122-8,1.0,1.0,0.423181456495751,0.0624106518951244,6.780596639286354,False
P29144,0.9891891891891892,1.0,0.7962799267346679,0.02358957093218983,33.75559178348942,True
P29218;P29218-3,0.9945945945945946,1.0,0.7394105959041282,0.22940212012907324,3.2232073334287334,False
P29279,0.9891891891891892,1.0,0.6404769922229008,0.07272720475650729,8.80656687366489,False
P29350;P29350-3,1.0,1.0,0.7562485312761353,0.06153898754279652,12.288933592711642,False
P29353;P29353-2,0.6594594594594595,1.0,0.3921938716423883,0.13806695774789723,2.840606311891894,False
P29375,0.7081081081081081,0.8888888888888888,0.6142448515968919,0.5316268999659366,1.1554058901764546,False
P29376;P29376-4,0.1945945945945946,0.4444444444444444,0.5180521897612316,0.17130326713107724,3.0241816074928107,False
P29401;P29401-2,0.9135135135135135,1.0,0.4162171149967975,0.11411533900421489,3.6473371470370375,False
P29508,0.745945945945946,0.6666666666666666,0.6335608169054963,0.6281055526940484,1.0086852666531116,False
P29558;P29558-2,0.33513513513513515,0.8888888888888888,0.3849593429257858,0.4787191298576401,0.8041444741100355,False
P29597,0.7621621621621621,1.0,0.3928642306469001,0.2846059922422395,1.3803793361895127,False
P29622,1.0,1.0,0.5078323159804867,0.30289194163980504,1.6766121714271092,False
P29692,0.9945945945945946,1.0,0.7097790349639865,0.06791536866482062,10.450933992082472,False
P29728;P29728-2,0.021621621621621623,0.0,0.7540065490256742,,,False
P29965,0.8486486486486486,1.0,0.5789312353407183,0.2166183485663744,2.672586321390623,False
P29966,0.6810810810810811,1.0,0.5832858512239101,0.5730337511003238,1.0178909184736509,False
P29992,0.41081081081081083,0.7777777777777778,0.4311164064820101,0.1680116518447914,2.565991118760466,False
P30038,0.8486486486486486,1.0,0.4911762160388573,0.11217208055502148,4.37877423337914,False
P30039,0.6486486486486487,1.0,0.47838616382511745,0.22707032108151282,2.106775388111546,False
P30040,1.0,1.0,0.83896707739836,0.1428049998818821,5.874913890215976,False
P30041,1.0,1.0,0.747754361572845,0.04567644034507623,16.370679412049466,True
P30043,1.0,1.0,0.3160823345860493,0.2142949755620922,1.4749871468379998,False
P30044-2,1.0,1.0,0.7517905963562672,0.06516504666645773,11.536715383697176,False
P30048;P30048-2,0.9945945945945946,1.0,0.7398055283107592,0.11374551129448562,6.504041521211439,False
P30049,0.8810810810810811,1.0,0.6507428984206687,0.14888729366634834,4.370708086607865,False
P30050,1.0,1.0,0.4163471023175038,0.08705560727421968,4.782542048165108,False
P30084,0.7945945945945946,1.0,0.4736434454868963,0.0933351118558221,5.07465450106868,False
P30085;P30085-3,0.8972972972972973,1.0,0.7651440522170958,0.0857436271520644,8.923625902367414,False
P30086,0.9783783783783784,1.0,0.7558464925567598,0.18050774026339766,4.187335631446194,False
P30101,1.0,1.0,0.7443095547317391,0.0374241006759668,19.8885087761033,True
P30153,1.0,1.0,0.6287677165562595,0.06494660314943701,9.681302578820244,False
P30154-3,0.4702702702702703,0.8888888888888888,0.5501078613499519,0.3815326345612222,1.4418369793781807,False
P30260-2,0.4,1.0,0.4202687057230454,0.29955664869640586,1.4029690462620263,False
P30273,1.0,1.0,0.5451937462133216,0.06486944141304463,8.404477275238081,False
P30281,0.23783783783783785,0.7777777777777778,0.37421269609882213,0.6809972964317126,0.549506874784409,False
P30405,0.8972972972972973,1.0,0.6219314692095361,0.10666113735343608,5.830909782526341,False
P30419,0.7513513513513513,1.0,0.5487149560352158,0.1806306288630708,3.0377736017913977,False
P30519,0.5567567567567567,1.0,0.5114110044168516,0.08458792242316271,6.045910453485875,False
P30520,0.6918918918918919,1.0,0.4411909889790637,0.08326347795084921,5.298733608503607,False
P30536,0.827027027027027,1.0,0.6175851334453366,0.12875086037514016,4.796745681123098,False
P30566,0.9945945945945946,1.0,0.5056071721934456,0.038571579128051425,13.10828292808317,True
P30613,0.16216216216216217,0.1111111111111111,1.0702022619161182,,,False
P30622-2,0.7297297297297297,1.0,0.4580081174098467,0.024237629259232563,18.896572453982188,True
P30626;P30626-2;P30626-3,1.0,1.0,0.6018626257565778,0.036684196468719676,16.40659149423598,True
P30679,0.4918918918918919,1.0,0.5348240965749795,0.25275652322059905,2.1159655535703012,False
P30711,0.11891891891891893,0.1111111111111111,0.5956235909670253,,,False
P30740,1.0,1.0,0.668117804125302,0.03894291469156741,17.15633792223504,True
P30825,0.6864864864864865,1.0,0.6080912130973424,0.26581460050537764,2.287651663758177,False
P30837,0.43243243243243246,1.0,0.5235638384041357,0.11063493355610099,4.73235551896134,False
P31025,0.4702702702702703,0.3333333333333333,0.685811506216103,0.15366116002837593,4.463141538756164,False
P31040,0.8108108108108109,1.0,0.33184339139801633,0.1493210164775256,2.222348864387501,False
P31146,1.0,1.0,0.7793673207490492,0.021327490632842228,36.54285139147596,True
P31150,1.0,1.0,0.8445657479617061,0.061479983344572275,13.737247507505517,True
P31151,0.4972972972972973,0.3333333333333333,0.5067879992399238,0.08022951706205461,6.316727531189571,False
P31153,0.7081081081081081,1.0,0.4713810630824611,0.13806708927816302,3.4141450040477945,False
P31321,0.5459459459459459,1.0,0.5384977836221374,0.18900574960724725,2.8491079490498694,False
P31323,0.9567567567567568,1.0,0.7955538832768934,0.052811410490210875,15.064052936521309,True
P31327;P31327-3,0.8756756756756757,1.0,0.7911666659369594,0.12460734796824191,6.349277782066274,False
P31431,0.6108108108108108,1.0,0.5317850626775993,0.18090601634443715,2.9395653799877155,False
P31483,0.8648648648648649,1.0,0.6038456040264162,0.18889596535693265,3.1967099079400985,False
P31641,0.4810810810810811,1.0,0.5436143573906627,0.23479329473626187,2.3152891056846094,False
P31645-2,0.6810810810810811,1.0,0.31873120798953547,0.02925527635214209,10.894828138111153,False
P31689,0.8972972972972973,1.0,0.3975705081753178,0.06085478672588174,6.533101659959146,False
P31749,0.4972972972972973,1.0,0.5107750221133349,0.17900607316304118,2.853394932852999,False
P31751,0.8378378378378378,1.0,0.4636585056554132,0.03564944768529621,13.006050184801362,True
P31930,0.9081081081081082,1.0,0.5410901380896833,0.1447914747611332,3.7370303671699996,False
P31937,0.6108108108108108,1.0,0.5413126333501328,0.4126284430241043,1.3118645660558867,False
P31939,0.9891891891891892,1.0,0.7529341514676737,0.05494771687249589,13.702737699090012,True
P31942;P31942-2,0.6270270270270271,1.0,0.362414946672585,0.2927738993001263,1.2378663109619235,False
P31943,0.9135135135135135,1.0,0.3976725636868288,0.17044342147901226,2.3331646374852704,False
P31944,0.8216216216216217,0.8888888888888888,0.7149762826811186,0.472697286251468,1.5125457739580965,False
P31946;P31946-2,1.0,1.0,0.7028157547432805,0.06376518136702103,11.021936104878275,False
P31947,0.6270270270270271,0.7777777777777778,0.31668372668017675,0.03368028826470848,9.402642999704083,False
P31948,1.0,1.0,0.7448119223896548,0.02264809637101095,32.88629252492042,True
P31949,0.7405405405405405,1.0,0.5831924579664989,0.32911001720166233,1.7720288884708952,False
P32019-3,0.8594594594594595,1.0,0.40620656185830306,0.07375447759473985,5.507551203742423,False
P32119,1.0,1.0,0.5284029410179869,0.04400356304349273,12.008185348439127,False
P32121;P32121-3;P32121-4,0.4540540540540541,1.0,0.4284505527981475,0.27528682242988367,1.556378721714059,False
P32189-1;P32189-4,0.8756756756756757,1.0,0.4769114581216609,0.0658544361477329,7.241903294894114,False
P32321;P32321-2,0.7243243243243244,1.0,0.4491613132507064,0.11443798361690227,3.9249320815922357,False
P32456,0.3783783783783784,0.8888888888888888,0.4589406731837373,0.3560179443590208,1.2890942168940949,False
P32942,0.7891891891891892,0.8888888888888888,0.7614076346757468,0.31883337833404823,2.388105155910008,False
P32969,0.8756756756756757,1.0,0.6813723265324985,0.15647374706783523,4.354547259848687,False
P33121,0.9351351351351351,1.0,0.44292743918157207,0.012306790879339502,35.990490414942656,True
P33151,1.0,1.0,0.6095818391508239,0.16704079953824547,3.649299098399339,False
P33176,0.9783783783783784,1.0,0.641857798145077,0.06830100086929747,9.397487444925623,False
P33240;P33240-2,0.5351351351351351,0.8888888888888888,0.48275055067049877,0.2684910441228805,1.7980136069252202,False
P33241-3,0.2702702702702703,0.1111111111111111,0.8856719543903688,,,False
P33316,0.3567567567567568,0.8888888888888888,0.5596399965755463,0.4850278991452299,1.153830527196077,False
P33527;P33527-9,0.9513513513513514,1.0,0.4820664871634657,0.041653082862085355,11.57336874102699,False
P33897,0.5027027027027027,1.0,0.40088053080773456,0.17942377695680634,2.234266481327281,False
P33908,1.0,1.0,0.37601857170315256,0.10201012462489345,3.6860907001714716,False
P34096,0.15135135135135136,0.4444444444444444,0.8466215299842652,0.23093328370379496,3.6660870897682236,False
P34820;P34820-2,0.12432432432432433,0.3333333333333333,0.3988074641820436,0.2506022094024072,1.5913964411289536,False
P34896-2,0.7783783783783784,1.0,0.5550693637098911,0.07539332248082786,7.362314664551923,False
P34897;P34897-3,0.8702702702702703,1.0,0.5570848636857022,0.06527254992769826,8.534749512663124,False
P34913,0.8756756756756757,1.0,0.6330318863359103,0.11426827230798331,5.539874486154139,False
P34931,0.1891891891891892,0.2222222222222222,0.642798699014838,1.1882576570825538,0.5409590211209384,False
P34932,0.9945945945945946,1.0,0.6022302103013537,0.04034369436492469,14.927492877918988,True
P34947,0.6216216216216216,1.0,0.3698009334472889,0.11262989897602615,3.2833282885746256,False
P34949,0.5567567567567567,0.8888888888888888,0.38259650753562546,0.2734991197731649,1.3988948405133588,False
P35030,1.0,1.0,0.7003730067841047,0.4025022589968543,1.7400473938447594,False
P35221;P35221-2,0.6108108108108108,1.0,0.48698300401789396,0.1696466026471164,2.8705732765593437,False
P35222,0.6324324324324324,0.8888888888888888,0.9486118538954855,0.6019381931261334,1.5759289985719651,False
P35232,0.9837837837837838,1.0,0.7760764500156156,0.018825978089953566,41.22369877981356,True
P35236;P35236-2;P35236-3,0.7081081081081081,1.0,0.39274820641709596,0.02710820887690879,14.488165123725501,True
P35237,0.2918918918918919,1.0,0.45916644117661054,0.1803609490329361,2.5458196113880573,False
P35240,0.4486486486486487,1.0,0.4522679197709216,0.324845689401565,1.3922546443638995,False
P35241,0.9513513513513514,1.0,0.5786667657840612,0.1016422334067979,5.693172477508346,False
P35244,0.2918918918918919,0.5555555555555556,0.47259864214707203,0.18339594570197448,2.5769306967944816,False
P35249,0.12432432432432433,0.1111111111111111,0.5748539452636265,,,False
P35268,0.9621621621621622,1.0,0.6272294716842133,0.10096666328761117,6.212243242083803,False
P35270,0.7513513513513513,0.8888888888888888,0.4751191715090535,0.3497510728022446,1.3584495043927833,False
P35398-1,0.6162162162162163,1.0,0.36309384169658276,0.1315647499100443,2.75981098238581,False
P35443,0.9297297297297298,0.7777777777777778,0.6084649726723566,0.40124063758183226,1.516458991640051,False
P35475,0.4756756756756757,1.0,0.4172507677046262,0.36246305353754416,1.1511539276413647,False
P35527,1.0,1.0,1.1704332227788825,1.2151135802046191,0.9632294806398158,False
P35542,1.0,1.0,0.584477498873639,0.039719131953876996,14.715263655619442,True
P35555,1.0,1.0,0.5993704101648003,0.1627176653157676,3.6834993238236953,False
P35568,0.22162162162162163,0.7777777777777778,0.5159287318329397,0.45893131598963954,1.124195961045698,False
P35573,0.8864864864864865,1.0,0.5085890868833438,0.039681291548646414,12.81684811745228,True
P35579,1.0,1.0,0.7146811264030539,0.044483944684117205,16.06604655855144,True
P35580;P35580-2;P35580-3;P35580-4;P35580-5,0.8540540540540541,1.0,0.3756179199303924,0.10878417261544193,3.452872884902315,False
P35606;P35606-2,0.9783783783783784,1.0,0.6450958898540922,0.08626270276149839,7.478271248208764,False
P35609;P35609-2,0.8324324324324325,0.7777777777777778,0.8100058698458099,0.31723795211715,2.553306955993367,False
P35611-3;P35611-6,1.0,1.0,0.38877063929146516,0.08152447244899008,4.768759951617218,False
P35612,0.9675675675675676,1.0,0.9134530096680145,0.304471478891406,3.000126688364824,False
P35613,1.0,1.0,0.5043383020460155,0.07841008002511884,6.432059524546456,False
P35625,1.0,1.0,0.6597253416106934,0.08606492304567759,7.665438116531571,False
P35626,0.3621621621621622,0.7777777777777778,0.511083281320964,0.35507426396000064,1.439370107033547,False
P35637;P35637-2,1.0,1.0,0.4297011760646754,0.08803990496702419,4.880754655807753,False
P35658;P35658-2;P35658-5,0.43243243243243246,1.0,0.3139740034394167,0.12761340129942944,2.4603529115466065,False
P35659,0.5459459459459459,0.6666666666666666,0.7626660869554378,0.5928272071412568,1.2864896849677014,False
P35711;P35711-2;P35711-5,0.7243243243243244,1.0,0.5711534932627869,0.2217150599573099,2.5760699041948687,False
P35754,0.9027027027027027,1.0,0.4885392678231586,0.32950234669291945,1.4826579316548967,False
P35813;P35813-3,0.9837837837837838,1.0,0.6300441058190858,0.026908063453625175,23.41469526058381,True
P35858-2,1.0,1.0,0.581588136340887,0.22609311103819962,2.5723390406292594,False
P35908,1.0,1.0,1.1820737846808242,0.9921334635143317,1.1914463407913756,False
P35914,0.8540540540540541,1.0,0.5744293679435168,0.1280929062857563,4.484474469351565,False
P35916,0.3621621621621622,0.2222222222222222,0.6256013165782761,0.4862289123917991,1.2866394832444104,False
P35998,0.9891891891891892,1.0,0.541910846106342,0.018531818862646432,29.24218341021247,True
P36404,0.7513513513513513,1.0,0.46596991025569245,0.18248012792905222,2.5535378320036046,False
P36405,0.6702702702702703,1.0,0.4549276384295835,0.10904132583614867,4.172066278001628,False
P36406;P36406-2;P36406-3,0.7567567567567568,0.7777777777777778,0.6382808969424216,0.16367743745585628,3.899626648997151,False
P36507,0.9621621621621622,1.0,0.5249265821236131,0.113137762538841,4.639711537015787,False
P36542,0.9837837837837838,1.0,0.767920863248567,0.0529259215625455,14.509352706141778,True
P36543,0.972972972972973,1.0,0.6171745643758264,0.05417183880684995,11.392904098684308,False
P36544;P36544-2;P36544-3,0.42162162162162165,0.4444444444444444,0.6939016782832326,0.6537330906190411,1.061444935617615,False
P36551,0.7243243243243244,1.0,0.42545291230818716,0.2909622742546123,1.4622270649970455,False
P36575;P36575-2,0.372972972972973,0.5555555555555556,0.8110274143810763,0.5451871317979577,1.48761290771191,False
P36578,0.9783783783783784,1.0,0.41263232784091564,0.1964524098906022,2.1004187633569718,False
P36639;P36639-1;P36639-2;P36639-3,0.20540540540540542,0.3333333333333333,0.5828592387583456,0.044602087391693246,13.067981183026381,False
P36776;P36776-2,0.518918918918919,1.0,0.394031641984637,0.2994849188362405,1.3156977770893867,False
P36871,1.0,1.0,0.9269356145963634,0.08623833837260264,10.74853286935367,False
P36873-2,0.918918918918919,1.0,0.6654763039371803,0.10377837082910091,6.412475919795143,False
P36915,0.827027027027027,1.0,0.4189349773537927,0.139861152968896,2.995363390483135,False
P36952,0.032432432432432434,0.0,1.9170702140836813,,,False
P36955,1.0,1.0,0.45119952924915196,0.1865818037938709,2.4182397215305174,False
P36956-2;P36956-3,0.34054054054054056,0.2222222222222222,0.847222743854017,0.15250514051578445,5.5553717139543135,False
P36957,1.0,1.0,0.37299319011029475,0.11004998948549272,3.389306912741363,False
P36959,1.0,1.0,0.5662410410804561,0.0335693188701498,16.86781442515248,True
P36969;P36969-2,0.9621621621621622,1.0,0.6683843985418179,0.06263415593991972,10.671244603071672,False
P37108,0.21621621621621623,0.2222222222222222,0.8103769257475166,0.6310310971837838,1.2842107613462026,False
P37198,0.34594594594594597,0.8888888888888888,0.43087833616158555,0.4265581616953913,1.0101279845379663,False
P37235,0.9783783783783784,1.0,0.7649681534328714,0.03142460011744319,24.342971766512704,True
P37268,0.15675675675675677,0.2222222222222222,0.4124574578705875,0.10497915171486127,3.9289463777615796,False
P37287,0.10810810810810811,0.3333333333333333,0.5003048218800776,0.8176453431700459,0.6118848790116929,False
P37288,0.372972972972973,0.7777777777777778,0.6467085675604878,0.15996031195326488,4.042931397567133,False
P37802,1.0,1.0,0.8798627647007429,0.05690807990291091,15.46112197427587,True
P37837-2,1.0,1.0,0.7789646941995922,0.1079021910307496,7.219174020086446,False
P37840;P37840-2,1.0,1.0,0.8601318016577579,0.03512931545898823,24.4847299305311,True
P38117,0.9837837837837838,1.0,0.5740393600083626,0.06702194104111392,8.564946808332873,False
P38159,0.6108108108108108,0.6666666666666666,0.4202225509110544,0.24401514884436803,1.722116650958711,False
P38571;P38571-2,0.9567567567567568,1.0,0.5691758342174449,0.22820582452281712,2.494133685709393,False
P38606,1.0,1.0,0.6698374231523445,0.021616297214350766,30.987611639039113,True
P38646,0.972972972972973,1.0,0.6862547985128398,0.046436336427927216,14.778400952839169,True
P38919,0.32972972972972975,0.4444444444444444,0.6107719732897401,0.3181579160781558,1.9197132694938301,False
P38936,0.3675675675675676,0.8888888888888888,0.35410691644884995,0.17279076425113526,2.049339372874053,False
P39019,0.9351351351351351,1.0,0.4891003663101756,0.10130821283640756,4.827845172828925,False
P39023,0.31351351351351353,0.8888888888888888,0.5185036236877041,0.4539298838677075,1.1422548770523684,False
P39059,0.34594594594594597,0.4444444444444444,0.6384385657511968,0.5892906634279793,1.0834018004583983,False
P39060;P39060-1;P39060-2,1.0,1.0,0.5783895948858238,0.116172810744267,4.978700189660055,False
P39656,0.9891891891891892,1.0,0.7871579384404903,0.03487827256972764,22.56871916081356,True
P39687,0.42702702702702705,1.0,0.3555165653826755,0.3566481412928493,0.9968271924646185,False
P39748,0.9891891891891892,1.0,0.5225746770752409,0.23814192841870785,2.1943833265532113,False
P39880;P39880-2,0.2810810810810811,0.4444444444444444,0.5849986193473278,0.2973914830087505,1.9670994388568777,False
P40121;P40121-2,0.572972972972973,0.6666666666666666,0.7011882631736288,0.4342411328601017,1.6147439984676182,False
P40189,0.972972972972973,1.0,0.4198686959769704,0.07641512441754905,5.494575834002644,False
P40197,1.0,1.0,0.7523205460044231,0.09862595846250954,7.628017590220946,False
P40200;P40200-2,0.1891891891891892,0.7777777777777778,0.5672751004757277,0.5480535872998242,1.0350723243517206,False
P40222,0.42702702702702705,1.0,0.3365774171944995,0.2604544275325118,1.2922699006623164,False
P40227,1.0,1.0,0.5596428940917164,0.027519081663317735,20.336539603271238,True
P40238,0.7675675675675676,1.0,0.36712861861801205,0.17707464932438732,2.0732985778526674,False
P40305;P40305-1,0.2756756756756757,0.5555555555555556,0.84647373863206,0.30968747922123185,2.7333159892698258,False
P40306,0.4918918918918919,1.0,0.3823661550152231,0.36387690688784424,1.050811820638779,False
P40429,0.572972972972973,0.8888888888888888,0.56735243569885,0.3873987501561986,1.464517981718047,False
P40616;P40616-2,0.9405405405405406,1.0,0.7941997187857543,0.0254144631265234,31.249911313566187,True
P40763;P40763-3,0.9513513513513514,1.0,0.633246575399065,0.04461275369962081,14.19429474501251,True
P40818,0.7783783783783784,1.0,0.38680635986048717,0.12008427453068649,3.221124176102194,False
P40855,0.4486486486486487,1.0,0.5035289577901434,0.23770882520522463,2.1182594182417267,False
P40925;P40925-3,1.0,1.0,0.7629131281246906,0.05140609185308875,14.840908939449958,True
P40926,0.9891891891891892,1.0,0.754653411363245,0.054940102674869706,13.735930124288483,True
P40939,0.9891891891891892,1.0,0.6582215883168523,0.021346233430495687,30.835490975963133,True
P41091,1.0,1.0,0.6607612639511036,0.04089718318176416,16.156644847993675,True
P41159,0.2918918918918919,0.6666666666666666,0.7211195608254295,0.6576119037859307,1.0965731561029834,False
P41214,0.2702702702702703,0.6666666666666666,0.4218188800301368,0.573055750324472,0.7360869859368782,False
P41218,0.9621621621621622,1.0,0.9146629375137598,0.11907714622131493,7.681263504701242,False
P41222,0.9945945945945946,1.0,1.3243911043462981,0.4968601174959595,2.665521054539195,False
P41226,0.9891891891891892,1.0,0.8188734404416564,0.0401614659422993,20.389530641589293,True
P41227;P41227-2,0.6486486486486487,1.0,0.4553901425221403,0.07764108269502401,5.865324474040675,False
P41236,0.6648648648648648,1.0,0.4256847025310577,0.17918483678928254,2.375673690690991,False
P41240,0.9891891891891892,1.0,0.7404884589291729,0.037824302636465745,19.577055155414314,True
P41250,0.11351351351351352,0.0,0.4834548285436284,,,False
P41250-2,0.972972972972973,1.0,0.7783819313302267,0.06877570354668094,11.31768765988568,False
P41252,0.8594594594594595,1.0,0.39017466249946864,0.055794417270568886,6.993077113922698,False
P41567,0.20540540540540542,0.2222222222222222,0.5400054395770733,0.2978491945514401,1.8130162829223684,False
P42025,0.8864864864864865,1.0,0.5814089409838914,0.29693228205120725,1.9580523106733976,False
P42126;P42126-2,0.4810810810810811,1.0,0.41662530494187244,0.7241846550572291,0.5753025862015102,False
P42167,0.5081081081081081,1.0,0.4955226176716039,0.24565961014656068,2.0171106572056137,False
P42224,0.9297297297297298,1.0,0.6613966918995189,0.02150672610570936,30.753015993630886,True
P42226,0.8648648648648649,1.0,0.3115828046396043,0.12324078772777725,2.528244182663372,False
P42229,0.772972972972973,1.0,0.3310013549658901,0.09573232448396851,3.4575714812118674,False
P42330,0.40540540540540543,1.0,0.47789001559118205,0.16047821483708802,2.977912086549066,False
P42331-4;P42331-6,0.8108108108108109,1.0,0.45766103511140166,0.16475662486861253,2.7778005010503817,False
P42336,0.4810810810810811,1.0,0.4452009601605038,0.0856677524765157,5.1968324986995285,False
P42338,0.9675675675675676,1.0,0.37766975485262044,0.029943309023286346,12.612826276445059,False
P42345,0.8756756756756757,1.0,0.34537735324770047,0.1035872700774938,3.334167924198824,False
P42356,0.9783783783783784,1.0,0.46288809738947734,0.05291881207246618,8.74713696814671,False
P42357,0.23243243243243245,0.3333333333333333,0.8289116491489139,0.7288302711325425,1.1373178118148868,False
P42566,0.9945945945945946,1.0,0.7184698502085265,0.017190016238695094,41.79576332169108,True
P42574,0.7783783783783784,1.0,0.45135044629350407,0.0992498085197866,4.547620323151778,False
P42575,0.2594594594594595,0.8888888888888888,0.4519806302107039,0.41083695923718455,1.1001459826056357,False
P42677;Q71UM5,0.4,0.8888888888888888,0.5833623270200441,0.33939809596951687,1.7188143774160682,False
P42680,1.0,1.0,0.2719783337324717,0.0409296837306492,6.6450143011686,False
P42684;P42684-5;P42684-6;P42684-7,0.05945945945945946,0.2222222222222222,0.6406474701308387,1.021659842896832,0.6270653335207301,False
P42694,0.2594594594594595,0.7777777777777778,0.45579149563897214,0.33272927196488666,1.3698569198536652,False
P42704,0.6378378378378379,1.0,0.3720136991964482,0.09868102420950642,3.7698605398200797,False
P42765,0.8756756756756757,1.0,0.38587460444099886,0.06832225340241038,5.647861205166066,False
P42766,0.6486486486486487,0.7777777777777778,0.7765724540439551,0.45290715328990316,1.714639409872327,False
P42768,1.0,1.0,0.6040748715990265,0.1104410238515321,5.469660190864361,False
P42785,0.35135135135135137,0.5555555555555556,0.6627625402292079,0.21669890790944812,3.05844891708525,False
P42830,0.11351351351351352,0.0,1.0566452978286076,,,False
P42858,0.9297297297297298,1.0,0.3825839326332847,0.027812844003616277,13.755656652140301,True
P42892;P42892-2;P42892-3;P42892-4,1.0,1.0,0.7263560279259416,0.032631168345169215,22.259577721601033,True
P42898-2,0.7567567567567568,1.0,0.604340574675974,0.14024416833413333,4.309202884187852,False
P43034,0.9783783783783784,1.0,0.7490236540423965,0.023372034349748105,32.047858685885814,True
P43119,0.23243243243243245,0.2222222222222222,0.7342273855899304,0.11698397467115296,6.276307397264245,False
P43121,0.4486486486486487,0.5555555555555556,1.12162346045411,0.1351105335691436,8.301524913156475,False
P43155;P43155-2,0.7243243243243244,1.0,0.373669768654846,0.1425694077585007,2.6209673907589477,False
P43243,0.0918918918918919,0.1111111111111111,0.6124403918413943,,,False
P43250-2,0.972972972972973,1.0,0.48303905235224676,0.06151525622136411,7.852345613485202,False
P43251;P43251-2;P43251-3;P43251-4,0.9891891891891892,1.0,1.1032252410688361,0.3375317554864594,3.2685079940962583,False
P43304,0.9675675675675676,1.0,0.7487999851694394,0.05254588853178177,14.250401051198066,True
P43307,0.827027027027027,1.0,0.6573901367084609,0.1446326279591208,4.545240904384775,False
P43405,1.0,1.0,0.7176791680996875,0.02752122383835065,26.07729846299953,True
P43487;P43487-2,0.918918918918919,1.0,0.5951272345394951,0.13394369564874786,4.443114934652458,False
P43490,0.918918918918919,1.0,0.310110156777049,0.2533678926790479,1.223952070240719,False
P43652,1.0,1.0,0.7308766887861715,0.3151210107747424,2.3193524512671204,False
P43686,0.9513513513513514,1.0,0.4152259589741387,0.05036559561020759,8.244238034782317,False
P43897,0.1837837837837838,0.4444444444444444,0.49949985455025203,0.33033724338312975,1.5120906423830784,False
P45378;P45378-2;P45378-3;P45378-5;P45378-6;P45378-7,0.043243243243243246,0.0,0.5285869793285238,,,False
P45880,0.8432432432432433,1.0,0.7003721872998989,0.1735127576195854,4.036430501758355,False
P45954,0.6756756756756757,0.8888888888888888,0.49871166149825896,0.2315441311827584,2.1538514448661386,False
P45974;P45974-2,0.9891891891891892,1.0,0.6972635160382126,0.07613739067699399,9.157964435585797,False
P45984;P45984-2;P45984-3;P45984-4,0.5243243243243243,0.8888888888888888,0.3741797115670966,0.23279880528268837,1.6073094151524057,False
P45985;P45985-2,0.7243243243243244,1.0,0.49082627842559035,0.13100720822964718,3.7465593310346983,False
P46019,0.8,1.0,0.4020475161385244,0.10455671843114622,3.845257599618382,False
P46020;P46020-2,0.31351351351351353,0.8888888888888888,0.4175762631630713,0.24872968615728208,1.6788356452917346,False
P46060,0.6756756756756757,1.0,0.4436048548825884,0.20888237204852977,2.1237065173672263,False
P46063,0.24864864864864866,0.5555555555555556,0.2850657517320814,0.2512708863383786,1.1344957463483945,False
P46091,0.20540540540540542,0.2222222222222222,0.5050190263618486,0.39423049722940373,1.2810247555961576,False
P46108,0.6864864864864865,1.0,0.41544625148786274,0.15693959996422002,2.647172871490551,False
P46109,1.0,1.0,0.7647352712004132,0.05331945594499743,14.342518273053809,True
P46379;P46379-2;P46379-3,0.9675675675675676,1.0,0.3975215394452025,0.030683267730568176,12.955645498252197,True
P46439,0.21621621621621623,0.6666666666666666,0.6224493159651621,0.5455721739531612,1.1409110392396975,False
P46459,1.0,1.0,0.5905754639798015,0.05754792109314977,10.262324906991312,False
P46734,0.9675675675675676,1.0,0.4752832843272312,0.05181848818920898,9.172079327976368,False
P46736;P46736-2;P46736-3,0.6432432432432432,1.0,0.316816694311461,0.1282900724819669,2.4695339879552596,False
P46776,0.972972972972973,1.0,0.4868922448671267,0.2906421351138384,1.6752293836419183,False
P46777,0.8324324324324325,1.0,0.48334607684016095,0.16072744943263295,3.0072403845539144,False
P46779;P46779-2;P46779-3;P46779-4;P46779-5,0.23783783783783785,0.4444444444444444,0.5798045844772952,0.5115850204228396,1.1333494166777405,False
P46781,0.8756756756756757,1.0,0.4514297354740533,0.20748645687775813,2.1757069944088725,False
P46782,0.9837837837837838,1.0,0.4412812222176825,0.4943511665848668,0.8926472759560615,False
P46783,0.6594594594594595,0.8888888888888888,0.5340216584119313,0.18928783100396718,2.8212149485760603,False
P46821,0.5837837837837838,1.0,0.5458679457234172,0.1428694857798103,3.8207455058997417,False
P46926,0.4486486486486487,1.0,0.45757624062839497,0.22507541500027273,2.0329907672405736,False
P46934-4,0.6864864864864865,1.0,0.32926540810616345,0.13363106248574042,2.4639885516236086,False
P46939;P46939-2,0.9621621621621622,1.0,0.43397317918134526,0.026548916488195573,16.34617289840444,True
P46940,0.9891891891891892,1.0,0.38766203124012577,0.1506959374004282,2.5724783157891835,False
P46976;P46976-2,0.9459459459459459,1.0,0.44084208368813904,0.18077475873183424,2.4386263147616485,False
P46977,0.9405405405405406,1.0,0.7334699671990084,0.0978009544805225,7.499619723497506,False
P47224,0.5675675675675675,1.0,0.4615038970323049,0.11764512229132684,3.9228476969021635,False
P47712,0.9405405405405406,1.0,0.59587731496398,0.0550214001491387,10.8299191468923,False
P47755,1.0,1.0,0.8002202696894827,0.08338371160329316,9.596841568969912,False
P47756,1.0,1.0,0.730006197889427,0.04036513629831262,18.085067085972984,True
P47756-1,0.7243243243243244,1.0,0.5358079155450257,0.12274746764445865,4.365123988520951,False
P47813,0.6378378378378379,1.0,0.4177972902961562,0.3088472172324721,1.3527636545990842,False
P47897,0.8756756756756757,1.0,0.45435099196300754,0.06631005001725931,6.851917497343889,False
P47900,0.4702702702702703,0.8888888888888888,0.4486926580360304,0.1627516043003281,2.7569169592211873,False
P47914,0.9027027027027027,1.0,0.595675362233159,0.17674273712414568,3.3702961260283715,False
P47929,0.32432432432432434,0.5555555555555556,1.152106413453808,0.626322712822331,1.8394773011858283,False
P47985,0.9135135135135135,1.0,0.5406616384306009,0.10880834375400816,4.968935467420756,False
P48029-2,0.41621621621621624,0.5555555555555556,0.6728650426963316,0.4722524779704784,1.4247993903345786,False
P48047,0.9891891891891892,1.0,0.7489379484081411,0.1414426701214886,5.294993001509798,False
P48059,1.0,1.0,0.8119536304486914,0.020405336030812293,39.79124035118226,True
P48061;P48061-2;P48061-3;P48061-4;P48061-5;P48061-6,1.0,1.0,0.5667749306139935,0.13088256939486698,4.330408038552929,False
P48147,0.8,1.0,0.40953232495110203,0.03889641335306493,10.528794036451487,False
P48163,0.918918918918919,1.0,0.5319715062003798,0.20288660807307934,2.622013898565275,False
P48200,0.24864864864864866,0.5555555555555556,0.3616902971035918,0.2555605959654432,1.4152819441401654,False
P48426,0.9945945945945946,1.0,0.7534385472134257,0.04452676216346063,16.92102705441514,True
P48444,0.9567567567567568,1.0,0.6461812743155395,0.023592733928660792,27.38899511474375,True
P48449,0.8540540540540541,1.0,0.5188761839460581,0.03737232664096268,13.883967913770011,True
P48454;P48454-2;P48454-3,0.6,1.0,0.3930682227161455,0.16150324836106478,2.433810011284618,False
P48506,0.7297297297297297,1.0,0.4221990073780244,0.2237191503900835,1.8871831340404495,False
P48507,0.9783783783783784,1.0,0.707619897026543,0.06298118650245144,11.23541705583778,False
P48509,0.9513513513513514,1.0,0.8364013562149895,0.167958225584103,4.979817769009306,False
P48553,0.6918918918918919,1.0,0.296826684674385,0.05366315940556454,5.531293497482854,False
P48556,0.9513513513513514,1.0,0.5475510556666636,0.07500693660328217,7.3000055789867275,False
P48594,0.02702702702702703,0.0,2.5102193083969766,,,False
P48634,0.8108108108108109,1.0,0.39175669412290937,0.0689918909792091,5.678300573627795,False
P48637,0.772972972972973,1.0,0.41489005479342644,0.11539510666130504,3.5953868998203355,False
P48643,1.0,1.0,0.6302916618066661,0.01019343520727034,61.83309639885859,True
P48651,0.2810810810810811,0.6666666666666666,0.6875863902293142,0.637530951785056,1.0785145227915687,False
P48668,0.016216216216216217,0.0,0.21868832115487713,,,False
P48681,0.10270270270270271,0.2222222222222222,0.5196549339457306,0.3616864895258649,1.4367551705537762,False
P48723,0.5081081081081081,0.8888888888888888,0.38965250366576587,0.4069360962684083,0.9575275018335004,False
P48728;P48728-2,0.15135135135135136,0.2222222222222222,0.3581565673449081,0.7684423804767171,0.4660812267052726,False
P48729,0.8,1.0,0.4048978633554503,0.13138314885062208,3.081809706173237,False
P48730;P48730-2,0.2918918918918919,0.7777777777777778,0.5614121234042893,0.06556191717599091,8.563082771012697,False
P48735,1.0,1.0,0.6589859695733971,0.09124853476391692,7.22188001460364,False
P48736,0.9243243243243243,1.0,0.4036190390598655,0.04912989140267321,8.215345638600459,False
P48739-3,0.8756756756756757,1.0,0.3861669334491946,0.06357978543964826,6.073737600384877,False
P48740-2;P48740-4,1.0,1.0,0.48111712958257513,0.1674480994002252,2.873231355302729,False
P48960;P48960-3,0.4486486486486487,0.8888888888888888,0.7811636812029672,0.13580851073333733,5.751949395401275,False
P49069,0.41621621621621624,0.8888888888888888,0.3930878408667198,0.09502031620221896,4.136882054045829,False
P49137,0.8810810810810811,1.0,0.4051013472069567,0.03650630866436444,11.096749083327495,False
P49184,0.7621621621621621,1.0,0.4572268290750152,0.0995312011110876,4.593803992827341,False
P49189,0.9783783783783784,1.0,0.47037209335193,0.027577917052022727,17.056113863299554,True
P49247,0.24324324324324326,0.5555555555555556,0.32419928808459986,0.4783282452826576,0.6777757560459793,False
P49257,0.9891891891891892,1.0,0.688926445650532,0.08962085966468436,7.687121594550019,False
P49281-2,0.34594594594594597,0.2222222222222222,0.6234288575545897,0.45953589621815905,1.3566488770196625,False
P49326,0.6324324324324324,1.0,0.422259731199615,0.09628576163387237,4.385484666001419,False
P49327,1.0,1.0,0.6381003641287162,0.028396142208931607,22.471375140810878,True
P49354,0.6864864864864865,1.0,0.33313328121917607,0.07562876390150741,4.404848949442319,False
P49356;P49356-2,0.6324324324324324,1.0,0.34620687647830906,0.10843240743047211,3.1928358383106104,False
P49368,1.0,1.0,0.6860987680907726,0.030081036973527375,22.808348285817722,True
P49406,0.3621621621621622,0.7777777777777778,0.5646899981479176,0.2304944794935775,2.449906823749556,False
P49407-2,0.9405405405405406,1.0,0.657215201389703,0.11493594575865451,5.718099738525148,False
P49411,0.9945945945945946,1.0,0.4856363748877621,0.10662746505393095,4.554514867648151,False
P49419;P49419-2,0.42162162162162165,0.8888888888888888,0.5416707089725126,0.21105829854520497,2.5664506570278083,False
P49441,0.23783783783783785,0.1111111111111111,0.4418749289432853,,,False
P49588,0.9783783783783784,1.0,0.6500908028406265,0.0278337692290318,23.356190011180885,True
P49589-3,0.9027027027027027,1.0,0.42130370600274425,0.061816843953131695,6.815354506324658,False
P49591,0.972972972972973,1.0,0.8000180380297204,0.05800076490268147,13.793232543951058,True
P49593,0.9297297297297298,1.0,0.7123390059853962,0.05725161921010269,12.442250818640533,False
P49619,0.8162162162162162,1.0,0.32175365585411164,0.04659539722136152,6.905266937108642,False
P49641,0.9513513513513514,1.0,0.36666454403258086,0.09310512924652414,3.9381777029891123,False
P49662,0.6108108108108108,1.0,0.3737434809770832,0.10189211942464205,3.668031277467916,False
P49720,0.34594594594594597,0.7777777777777778,0.40711618504422553,0.5270483447320071,0.7724456192936825,False
P49721,0.4918918918918919,0.8888888888888888,0.39493582769918056,0.22803861471622966,1.7318813666301083,False
P49746,0.16756756756756758,0.2222222222222222,0.6092554140230995,0.26771231896620407,2.2757840071603566,False
P49747;P49747-2,1.0,1.0,0.816570209157236,0.20072114281859932,4.068182343377782,False
P49748-3,0.972972972972973,1.0,0.5942682049507342,0.10070829203065301,5.900886540403786,False
P49750,0.21081081081081082,0.5555555555555556,0.844464497277988,0.2540856808589478,3.3235422571757636,False
P49754,0.7243243243243244,1.0,0.3917415119031764,0.1537582133463733,2.5477761699838095,False
P49755,0.918918918918919,1.0,0.5636902374156003,0.03919515059720702,14.381632136292083,True
P49757;P49757-3,0.8756756756756757,1.0,0.5165706613197196,0.1036951454716899,4.9816282041935125,False
P49758;P49758-3;P49758-7;P49758-9,0.8378378378378378,1.0,0.2979612020737701,0.04920186469755805,6.055892472883416,False
P49767,0.7189189189189189,1.0,0.44689546225964705,0.08482429126467039,5.268484482413595,False
P49770,0.6486486486486487,1.0,0.413791841569048,0.2092786649275329,1.9772289818091686,False
P49773,0.8810810810810811,1.0,0.6885644940238258,0.1520059308238455,4.5298528175310455,False
P49789,0.2,0.4444444444444444,0.29856958563460445,0.02118900181343797,14.090781069509983,False
P49792,0.22162162162162163,0.8888888888888888,0.5041571509048612,0.3513845757822551,1.434773139323212,False
P49795,0.7567567567567568,1.0,0.4631981607867228,0.1663873363067605,2.783854655457349,False
P49810;P49810-3,0.4594594594594595,1.0,0.48482470146170087,0.1779053624701188,2.7251831801479995,False
P49815;P49815-2;P49815-3;P49815-4;P49815-5,0.5405405405405406,1.0,0.41947914680259224,0.09193476370104392,4.562791374182093,False
P49821;P49821-2,0.7945945945945946,1.0,0.533116420484772,0.13396825503829923,3.9794234860517004,False
P49840,0.5459459459459459,1.0,0.3534699232735292,0.2206532085617372,1.6019251456959025,False
P49841;P49841-2,0.7945945945945946,1.0,0.435305708142554,0.11057313955840087,3.936812411052512,False
P49902,0.7837837837837838,1.0,0.4901614353076251,0.19005331161724293,2.5790733722903165,False
P49903;P49903-2;P49903-4,0.2918918918918919,0.8888888888888888,0.40713601130900035,0.4275019305204788,0.9523606380287378,False
P49908,1.0,1.0,0.6927833826852634,0.10126009042718209,6.841623187996816,False
P49913,1.0,1.0,0.5904277906733455,0.1151774567420425,5.126244383010633,False
P49914,0.4,1.0,0.456234130787216,0.11205340753502746,4.071577480984672,False
P49915,0.7567567567567568,1.0,0.40442278651948715,0.2655011616535745,1.5232430020294123,False
P49959;P49959-3,0.35135135135135137,0.7777777777777778,0.5152637898231127,0.8075305781424191,0.6380734101839037,False
P50053-2,0.3891891891891892,0.6666666666666666,0.45001377076221427,0.1848947964286758,2.4338909447665804,False
P50148,1.0,1.0,0.6439168742156198,0.03689290062364137,17.453679795591647,True
P50151,0.8162162162162162,1.0,0.4899148900237478,0.14089982160242087,3.4770440760822816,False
P50213,0.7135135135135136,1.0,0.5519357820664501,0.11521634076322051,4.7904297117083905,False
P50225,0.9945945945945946,1.0,0.8692262377984266,0.02829552902239385,30.719561281589655,True
P50238,1.0,1.0,0.6950541900592029,0.09985393187228553,6.960709278310505,False
P50281,0.9567567567567568,1.0,0.8777351609668802,0.3503893869243573,2.5050278168281603,False
P50336,0.5621621621621622,1.0,0.30683855993985976,0.32958981148621547,0.9309710107731676,False
P50395,1.0,1.0,0.7484115499076438,0.09745662855634762,7.67943197906673,False
P50402,0.9783783783783784,1.0,0.6337001785698213,0.10061775342767376,6.298095087417538,False
P50416,0.9837837837837838,1.0,0.7604249426643808,0.08716918494114445,8.723552287173618,False
P50440;P50440-2,0.34594594594594597,0.8888888888888888,0.41244541549139146,0.34093556841710804,1.2097459276727522,False
P50453,0.9621621621621622,1.0,0.6994510158766252,0.05882496075766497,11.890377942759372,False
P50454,0.8864864864864865,1.0,0.5092604012242568,0.0509262721890309,9.99995443086736,False
P50461,0.40540540540540543,0.5555555555555556,0.7990697019556183,0.26330726695831785,3.034742303873113,False
P50502,1.0,1.0,0.6355022426238328,0.05355803715315943,11.865674628935576,False
P50542;P50542-2;P50542-3;P50542-4,0.1783783783783784,0.4444444444444444,0.32067494317993805,0.6859271022544569,0.46750586487392937,False
P50552,1.0,1.0,0.7688481476271427,0.03714989187319162,20.695838099651766,True
P50570-4,1.0,1.0,0.5019598377594079,0.02571602787050864,19.519337912020998,True
P50570-5,0.12972972972972974,0.1111111111111111,0.5217678107356818,,,False
P50579,0.5621621621621622,1.0,0.517333938161685,0.3461716548842677,1.4944433805091304,False
P50583,0.4594594594594595,0.7777777777777778,0.5045873102645437,0.34407283638390673,1.4665130661507364,False
P50748,0.24864864864864866,0.5555555555555556,0.42464230211920384,0.7602618240759149,0.5585474486179143,False
P50851,0.4,1.0,0.662655790323381,0.4586402192880463,1.4448270397045224,False
P50851-2,0.9945945945945946,1.0,0.785941066909051,0.02172709236593562,36.1733200960324,True
P50895,0.9243243243243243,1.0,0.8194096072634274,0.17991387184477858,4.554454855878908,False
P50897,0.4810810810810811,1.0,0.36537146400889675,0.25761377365032523,1.4182916496725737,False
P50914,0.7621621621621621,1.0,0.5104759822973133,0.2679344219033606,1.9052273264143467,False
P50990,1.0,1.0,0.7058965833006674,0.02528509720798411,27.917495333091743,True
P50991,1.0,1.0,0.7089920562605503,0.030676992662510116,23.111524133426503,True
P50995;P50995-2,1.0,1.0,0.6025420816614435,0.0330863381511719,18.211204845589773,True
P51114;P51114-2,0.7837837837837838,1.0,0.4581451174986899,0.09045292843943464,5.065011441895484,False
P51116,0.42162162162162165,1.0,0.3893811505702418,0.13011746704656169,2.99253558656275,False
P51148;P51148-2,1.0,1.0,0.620547793443766,0.06872305102574217,9.02968922627318,False
P51149,1.0,1.0,0.729109936889472,0.03384233870013276,21.544312978778027,True
P51151,0.8378378378378378,1.0,0.553021608810095,0.1287454453066168,4.295465423984772,False
P51153,0.8918918918918919,1.0,0.5397312996275563,0.07136428967188202,7.563044515809338,False
P51157,0.1891891891891892,0.5555555555555556,0.3814362782113001,0.4809262192123924,0.7931284737105291,False
P51159,0.9567567567567568,1.0,0.572726625785215,0.09625222683157908,5.950268836765354,False
P51397,0.4540540540540541,1.0,0.5551743286371034,0.3378345907090079,1.6433318076516916,False
P51398;P51398-2;P51398-3,0.12972972972972974,0.3333333333333333,0.6020403746596976,0.2787850971631176,2.159514194933608,False
P51452,0.9783783783783784,1.0,0.8202488719612386,0.03338094007141024,24.572371844726952,True
P51531;P51531-2,0.2756756756756757,0.6666666666666666,0.36875821890887295,0.05681618892751228,6.49037230179844,False
P51553-2,0.32972972972972975,0.6666666666666666,0.4279707962019561,0.45500403887958996,0.9405868072199952,False
P51570,0.9513513513513514,1.0,0.5067836752545851,0.04143061141660098,12.232107080406738,False
P51571,0.9567567567567568,1.0,0.7758851458825955,0.11933977713572474,6.501479762277282,False
P51572;P51572-2,1.0,1.0,0.6524651357476188,0.060544202645743894,10.77667402055522,False
P51575,0.9081081081081082,1.0,0.4827685297025406,0.14432417621426197,3.3450288258415424,False
P51580,0.5621621621621622,1.0,0.4231082927398493,0.15907890204002229,2.659738578239624,False
P51606,0.9351351351351351,1.0,0.7555500973285909,0.06034464868248257,12.5205815896633,False
P51608,0.11891891891891893,0.4444444444444444,0.5696959351352282,0.10682008224848794,5.333228763201896,False
P51610-4,0.5081081081081081,1.0,0.4849895164713729,0.1390685990263698,3.4874121107627647,False
P51617;P51617-2;P51617-3;P51617-4,0.3621621621621622,1.0,0.48152420880186675,0.3807952904455867,1.2645224898617111,False
P51648;P51648-2,0.772972972972973,1.0,0.4569815139986222,0.16187242961003534,2.8230966514775253,False
P51649;P51649-2,0.3621621621621622,0.8888888888888888,0.5121303482904391,0.17665457659479422,2.899049422677289,False
P51659,0.9945945945945946,1.0,0.895893775354109,0.057326204428761685,15.627997427728207,True
P51665,0.9513513513513514,1.0,0.5905629790688263,0.09094121152958223,6.493898301285795,False
P51679,0.8,1.0,0.6037550532292926,0.17495660103043953,3.4508846746756885,False
P51692,0.9837837837837838,1.0,0.6916165020780127,0.05154340761990461,13.418136945430241,True
P51784,0.24864864864864866,0.6666666666666666,0.5549448826093046,0.2746660582396503,2.020434873409465,False
P51790;P51790-4,0.9567567567567568,1.0,0.5263490462804334,0.024165288349534464,21.78120280077574,True
P51793;P51793-2,0.8162162162162162,1.0,0.5582711463215162,0.06824443220967424,8.180464372628723,False
P51798;P51798-2,0.8648648648648649,1.0,0.5189096963098727,0.06113091650724023,8.488498552911668,False
P51808,0.44324324324324327,1.0,0.6440644398780027,0.21904020270672397,2.9403937355753347,False
P51809,0.9783783783783784,1.0,0.761543386819838,0.016283733248748433,46.76712490843401,True
P51811,0.22702702702702704,0.5555555555555556,0.26157655723459694,0.30749992361040945,0.8506556820027193,False
P51812,0.9675675675675676,1.0,0.49054292215687845,0.07988785915802943,6.14039388871988,False
P51817,0.22162162162162163,0.3333333333333333,0.5405959041392538,0.01627980601054091,33.20653230076739,False
P51858,0.7837837837837838,1.0,0.28865644821585157,0.053776323405156035,5.367723747885959,False
P51884,1.0,1.0,1.1346828723548956,0.4325914079798192,2.622989850061538,False
P51888,0.44324324324324327,0.3333333333333333,0.6502453209128616,0.505636185454188,1.2859944355619612,False
P51911,0.43243243243243246,1.0,0.5988099601135701,0.25682744760013065,2.331565281316394,False
P51955;P51955-2;P51955-4,0.3027027027027027,0.3333333333333333,0.8642398657532491,0.44439261066191094,1.9447665083044177,False
P51970,0.5243243243243243,0.8888888888888888,0.609000444007993,0.2738460635626323,2.2238787590558386,False
P51991;P51991-2,0.5837837837837838,1.0,0.42015799393302,0.15592106479739876,2.6946839702445997,False
P52209;P52209-2,1.0,1.0,0.7430782819569544,0.11654618642694459,6.3758266549780505,False
P52272;P52272-2,0.7621621621621621,1.0,0.45808282724448546,0.10335724528197865,4.432034019431792,False
P52294,0.7621621621621621,1.0,0.4165320287345633,0.05830507882144431,7.144009358261341,False
P52306,0.9621621621621622,1.0,0.7179442408179888,0.04052914843986777,17.7142690743475,True
P52306-4,0.2972972972972973,1.0,0.32450173682710926,0.3561744443159487,0.9110752947206291,False
P52333,0.8972972972972973,1.0,0.37044373433307065,0.0783414724596252,4.72857763203246,False
P52429,0.44324324324324327,1.0,0.5270344156271376,0.346637788287941,1.5204182389640302,False
P52564,0.5081081081081081,0.8888888888888888,0.39557940152716586,0.18735558671812313,2.1113830041391606,False
P52565,0.9891891891891892,1.0,0.7823722615459907,0.0714977385081923,10.942615499039114,False
P52566,1.0,1.0,0.8384826870926467,0.1768359239059123,4.741585694650888,False
P52594;P52594-2;P52594-3;P52594-4,0.9837837837837838,1.0,0.44659359612183014,0.13726275392803444,3.2535672157355586,False
P52597,0.7621621621621621,1.0,0.3924848701896053,0.09052494382535059,4.335654390980069,False
P52630;P52630-4,0.6270270270270271,1.0,0.39481380970218183,0.18542435649021627,2.129244599659774,False
P52735;P52735-2;P52735-3,0.4810810810810811,0.7777777777777778,0.41876592531434653,0.31958807231025155,1.3103302707361824,False
P52756,0.5405405405405406,0.6666666666666666,0.686856919736968,0.33350277605905365,2.0595238452088496,False
P52758,0.11351351351351352,0.3333333333333333,0.49305310352669807,0.3462886377693657,1.4238211992825478,False
P52788,0.7945945945945946,1.0,0.33769638587889084,0.08309627193947122,4.063917405643358,False
P52790,0.5081081081081081,0.8888888888888888,0.5392502936877834,0.25731551889632076,2.0956773069915835,False
P52815,0.5513513513513514,1.0,0.4578446369429692,0.20655138805831008,2.2166137020280794,False
P52824,0.22162162162162163,0.5555555555555556,0.46141050079261703,0.4180826209024744,1.1036347308496464,False
P52848,0.4756756756756757,1.0,0.3809359764672733,0.29257337106091263,1.3020186187346623,False
P52888,0.3675675675675676,0.7777777777777778,0.44550346209122615,0.20909002364452256,2.130677754614606,False
P52907,1.0,1.0,0.7382186775991855,0.09701749097441947,7.609129757785954,False
P52943,0.8864864864864865,0.8888888888888888,0.5502588270737245,0.48143121286034507,1.1429645863724776,False
P52948;P52948-5;P52948-6,0.02702702702702703,0.0,0.2058269891685871,,,False
P53004,0.9837837837837838,1.0,0.6636335883033455,0.08189944909396552,8.103028721743174,False
P53007,0.7837837837837838,1.0,0.5009224202049989,0.09203436933325371,5.442775604743634,False
P53041,0.7243243243243244,1.0,0.3300713063569489,0.11482600513853214,2.8745344398138166,False
P53355;P53355-3,0.6432432432432432,1.0,0.47349719329387874,0.24168551622583578,1.959145921063112,False
P53365,0.23783783783783785,0.8888888888888888,0.42840260856463086,0.31540406492521633,1.3582659711954155,False
P53367,0.7837837837837838,1.0,0.48017764486542447,0.07020717674422272,6.839438176168191,False
P53384;P53384-2,0.43783783783783786,0.8888888888888888,0.46052889922422935,0.20501315854671898,2.2463382472071065,False
P53396,1.0,1.0,0.6390664742331751,0.036264245482804824,17.622494711387198,True
P53582,0.8162162162162162,1.0,0.4317131187087071,0.1185023083109531,3.643077716054955,False
P53597,0.8486486486486486,1.0,0.3995499166478407,0.2312455058201266,1.727817002241025,False
P53602,0.8702702702702703,1.0,0.3869101685977139,0.17663326761727838,2.1904716694482196,False
P53609;P53609-2,0.2918918918918919,0.7777777777777778,0.5429681989900317,0.6848359968039457,0.7928441284103123,False
P53611,0.5945945945945946,1.0,0.39036121448388794,0.10533529816336085,3.705891769333489,False
P53618,0.9945945945945946,1.0,0.6908547743575308,0.08162952198566131,8.463295601300757,False
P53621,1.0,1.0,0.7688250803352084,0.03283366840541646,23.415753331064824,True
P53634,1.0,1.0,0.45210301011443477,0.1276721086298398,3.5411258963789707,False
P53667;P53667-2;P53667-4,0.5135135135135135,1.0,0.4495560253942994,0.14697030530870947,3.0588221508420497,False
P53677,0.14594594594594595,0.2222222222222222,0.5630805564938477,1.741210601134485,0.3233845211641675,False
P53680,0.972972972972973,1.0,0.5668868924658783,0.07731665312668135,7.332015413769253,False
P53701,0.23243243243243245,0.5555555555555556,0.3979208704128272,0.7688691913657326,0.5175404020364054,False
P53779-2,0.17297297297297298,0.6666666666666666,0.365882460821326,0.1270091176360042,2.88075744191775,False
P53801,0.7135135135135136,1.0,0.6681626588860317,0.2570047624730538,2.5998065267607116,False
P53804,0.10270270270270271,0.4444444444444444,0.6585411725206711,0.6848072950296729,0.9616445053964217,False
P53814-5,0.9513513513513514,1.0,0.5632921134600579,0.04328161447341827,13.01458183372545,True
P53985;P53985-2,0.3891891891891892,0.6666666666666666,0.45039585996016296,0.36471127755135324,1.2349381214205664,False
P53990;P53990-2;P53990-4,0.9837837837837838,1.0,0.5326259862262308,0.0741015857523486,7.187781217075366,False
P53992,0.972972972972973,1.0,0.5404919091814602,0.11029410651354077,4.90046047125015,False
P54136,0.8702702702702703,1.0,0.4471227405125724,0.03532380384612743,12.65783103258826,False
P54252;P54252-1;P54252-4,0.3081081081081081,0.8888888888888888,0.5019618855640413,0.1797569484506205,2.7924477461961974,False
P54289;P54289-2;P54289-3;P54289-4;P54289-5,0.42702702702702705,0.3333333333333333,0.6938480337287025,0.06664274871878995,10.411455815793381,False
P54577,1.0,1.0,0.7022089242565475,0.0401204693503594,17.502510205560622,True
P54578;P54578-2,0.8972972972972973,1.0,0.6302313734844418,0.07965330473207466,7.912181115451714,False
P54619;P54619-2;P54619-3,0.9459459459459459,1.0,0.6596055819459394,0.07879481441718639,8.37118009382695,False
P54652,0.4756756756756757,1.0,0.5896211751939138,0.24061253827527018,2.4505006240338316,False
P54687;P54687-4;P54687-5,0.2864864864864865,0.7777777777777778,0.43024613306934434,0.7886704851903641,0.545533453005401,False
P54709,0.9351351351351351,1.0,0.4238157423669531,0.05945040775333332,7.128895467385422,False
P54725;P54725-2;P54725-3,0.572972972972973,1.0,0.39698473881776497,0.23819024200363792,1.6666708739970202,False
P54727,0.9837837837837838,1.0,0.7964701508425085,0.0864172338936271,9.216566128729616,False
P54802,0.4972972972972973,0.7777777777777778,0.5071577892686783,0.41818899106877616,1.2127478247873582,False
P54803,0.42162162162162165,0.7777777777777778,0.414208051883306,0.11145658652058721,3.716317400468723,False
P54819;P54819-2,1.0,1.0,0.6472048276736793,0.0896708341502972,7.21756225205734,False
P54886;P54886-2,0.40540540540540543,1.0,0.5463750237885048,0.3099756158600062,1.762638723283522,False
P54920,0.9837837837837838,1.0,0.6749845425114502,0.06811947495096149,9.908833604448136,False
P54922,0.4864864864864865,1.0,0.3488757772896429,0.15939000789374091,2.188818370109027,False
P55008,0.5405405405405406,1.0,0.4337610133585317,0.16949233656902685,2.559177731211934,False
P55010,0.7837837837837838,1.0,0.42360070245772796,0.20211062432550264,2.0958853789670737,False
P55011,0.7945945945945946,1.0,0.4424591012273851,0.05054778947329197,8.753282899960798,False
P55036,0.9567567567567568,1.0,0.5249634796717224,0.03856636339629915,13.61195180051895,True
P55039,0.6108108108108108,1.0,0.43618252311943273,0.35919966918003254,1.2143177194876982,False
P55056,1.0,1.0,0.6554266054018427,0.07208910075530994,9.09189598059406,False
P55058,1.0,1.0,0.6360394768748705,0.30816232642516184,2.0639754516823934,False
P55060;P55060-3,0.9837837837837838,1.0,0.5364005060350046,0.029377619013114753,18.25881484117364,True
P55072,1.0,1.0,0.7040660859938832,0.03158831819996877,22.288812007553453,True
P55084,0.9945945945945946,1.0,0.641774722964656,0.07216230985390837,8.89348919489856,False
P55103,1.0,1.0,0.605319444085012,0.16875514483932008,3.5869688278918304,False
P55145,0.9081081081081082,1.0,0.6568527636601118,0.18792199381749697,3.4953479915609207,False
P55157,0.7675675675675676,0.8888888888888888,0.7363349659055123,0.3543446683575775,2.078019035303953,False
P55160,0.9945945945945946,1.0,0.5944540989468354,0.029507661124950957,20.145754569621907,True
P55196;P55196-5,0.2810810810810811,0.7777777777777778,0.7740839479348498,0.7661348548362632,1.0103755795058893,False
P55209-3,0.5567567567567567,1.0,0.551691060217939,0.18521765249119682,2.9786095050749024,False
P55209;P55209-2,0.9891891891891892,1.0,0.8583881492415966,0.17205664028755585,4.988985881666552,False
P55210;P55210-3,0.24324324324324326,0.5555555555555556,0.4263840800045209,0.4953802063059971,0.8607208656640245,False
P55211,0.3567567567567568,0.8888888888888888,0.5549991024364145,0.2435869301362672,2.2784436838459983,False
P55212,0.5081081081081081,0.8888888888888888,0.5311492174882595,0.41338359977024997,1.284882171870053,False
P55263;P55263-2,0.5945945945945946,1.0,0.4254149375392,0.17534034492739714,2.4262239116465225,False
P55265;P55265-4,0.33513513513513515,1.0,0.5818006258844184,0.2959575758467139,1.965824406487746,False
P55268,0.9891891891891892,1.0,0.38488048363756455,0.08416978265215214,4.572668141821839,False
P55273,0.4972972972972973,0.8888888888888888,0.47052755062086504,0.33054855853752674,1.423474822285291,False
P55285,0.7081081081081081,0.8888888888888888,0.6443932219555091,0.4992291056537219,1.2907765485982636,False
P55287,0.34054054054054056,0.3333333333333333,0.9797067298381634,0.03841222688544832,25.50507505747617,False
P55290;P55290-4,0.9783783783783784,1.0,0.8466721919742035,0.4460199606964981,1.8982831859185247,False
P55291,0.22162162162162163,0.2222222222222222,0.9757382469462694,0.36357557940874763,2.683728782150414,False
P55327-4,0.654054054054054,1.0,0.4148210618852648,0.11918434631477126,3.480499534642776,False
P55345,0.35135135135135137,1.0,0.3948320840986703,0.19755151381732894,1.9986284917247554,False
P55735;P55735-2;P55735-3;P55735-4,0.9891891891891892,1.0,0.5724719502317122,0.09135023362926198,6.26678145734193,False
P55774,0.2648648648648649,0.5555555555555556,0.609317971192926,0.2786653855830572,2.1865577955368862,False
P55786,0.9945945945945946,1.0,0.7128674167821325,0.04156794660945806,17.14944987491713,True
P55795,0.4756756756756757,1.0,0.4845092354595666,0.11755642251310938,4.121503743494204,False
P55809,0.8810810810810811,1.0,0.5549393526877999,0.0715550753720926,7.75541566830958,False
P55854;P55854-2,0.1945945945945946,0.3333333333333333,0.4504163837697508,0.8130840029459989,0.5539604544398659,False
P55884;P55884-2,0.9297297297297298,1.0,0.5520105721111248,0.027644208777791945,19.968398319816774,True
P55957;P55957-2,0.6432432432432432,1.0,0.4482552902232957,0.29706161114564367,1.508964044511038,False
P56134;P56134-3,0.8918918918918919,1.0,0.8364956491878637,0.13180481910031894,6.346472419579684,False
P56181,0.24324324324324326,0.5555555555555556,0.6005253157136252,0.22082707259315626,2.7194370176704337,False
P56181-2,0.6972972972972973,1.0,0.5360233215815846,0.260409068307915,2.058389613942997,False
P56192,0.8864864864864865,1.0,0.521664345275715,0.07880739961784577,6.619484309917329,False
P56199,0.5135135135135135,0.7777777777777778,0.629983737678085,0.08246071672395416,7.63980429356467,False
P56202,0.8756756756756757,1.0,0.8584457858148555,0.04924659537071996,17.431576322233493,True
P56211,0.6486486486486487,1.0,0.4533346411418435,0.3173291844050361,1.4285942277632153,False
P56377,0.9297297297297298,1.0,0.7525517733570792,0.08009534785409755,9.395698920340974,False
P56378,0.7621621621621621,1.0,0.5672194500104126,0.2638287469783158,2.1499531666161937,False
P56381,0.8540540540540541,1.0,0.5898010801485771,0.08656037479773104,6.813753770438125,False
P56385,0.8216216216216217,1.0,0.6167949316392516,0.14355767788526208,4.296495601804193,False
P56537,0.6486486486486487,1.0,0.3751881820413647,0.21013065503429296,1.7854995121018142,False
P56556,0.6108108108108108,1.0,0.5300876891160193,0.3138388347430432,1.689044281438372,False
P56589,0.2756756756756757,1.0,0.33265430213043423,0.48032388836286444,0.6925624775071106,False
P56937;P56937-2;P56937-3,0.14594594594594595,0.3333333333333333,0.6163410062887813,0.9748736847947157,0.6322265293462789,False
P56945;P56945-2;P56945-3;P56945-4;P56945-5;P56945-6;P56945-7;P56945-8,0.13513513513513514,0.1111111111111111,0.6381114535455659,,,False
P56962,0.6918918918918919,1.0,0.49274881339827026,0.26419769235426216,1.8650761443349186,False
P57057,0.22162162162162163,0.7777777777777778,0.39448623065411326,0.08623534142581413,4.574530860917143,False
P57060,0.14054054054054055,0.2222222222222222,0.4197801453817691,0.29691514316445744,1.413805105754604,False
P57075;P57075-2;P57075-3,0.8216216216216217,1.0,0.6826392052227135,0.16964649633472284,4.023892152042002,False
P57077;P57077-1,0.372972972972973,0.8888888888888888,0.379805421620544,0.28006254263690433,1.3561450169112916,False
P57088,0.9297297297297298,1.0,0.6936891915229779,0.032542637096353744,21.316317711716813,True
P57103-2,0.7027027027027027,1.0,0.5347918446825126,0.2558912686035679,2.0899182985060083,False
P57105,0.6324324324324324,1.0,0.39787598102681443,0.08937289279919014,4.4518641901945895,False
P57678,0.2810810810810811,0.8888888888888888,0.36144656124622365,0.23999090794514455,1.506084394367309,False
P57729,0.8324324324324325,1.0,0.6458447695625367,0.07117048693540085,9.074615017721449,False
P57737-3,0.8432432432432433,1.0,0.39561119699535396,0.0648146582589515,6.103730353939133,False
P57740,0.2972972972972973,0.6666666666666666,0.6034631727071762,0.18399263918735365,3.279822363397318,False
P57764,0.8162162162162162,1.0,0.6050006807868638,0.09639404008373731,6.2763287051907035,False
P57772,0.8162162162162162,1.0,0.4694790940363909,0.16056397337763428,2.9239379429918047,False
P58107,0.04864864864864865,0.0,0.729650413804297,,,False
P58166,1.0,1.0,0.6997441083923466,0.2059929652844943,3.3969320623446477,False
P58215,0.7189189189189189,1.0,0.6256965135475934,0.12581931366120003,4.972976686492169,False
P58335-4,1.0,1.0,0.6006225797749973,0.14692670436319766,4.087906159592877,False
P58546,1.0,1.0,0.875298855678377,0.09209263058549766,9.504548302220126,False
P59190-2,0.12972972972972974,0.4444444444444444,0.5899736366899244,0.30170701456480487,1.9554521711764896,False
P59665;P59666,0.8054054054054054,1.0,0.5800587513215376,0.3140137283356079,1.84724010124038,False
P59768,0.9891891891891892,1.0,0.683742007991107,0.05912634101362002,11.564084573297102,False
P59998,1.0,1.0,0.7242269518927387,0.02508543503236993,28.870416277740663,True
P60033,0.3027027027027027,0.6666666666666666,0.7054142317660892,0.1431145328085286,4.929018862884145,False
P60059,0.3081081081081081,0.7777777777777778,0.6843191064870009,0.578776354686223,1.1823549821035737,False
P60174-3,0.9405405405405406,1.0,0.6844974458394262,0.10134004075035463,6.754461916249336,False
P60228,0.9675675675675676,1.0,0.5427298172283237,0.02052653210758315,26.440404759254104,True
P60468,0.7837837837837838,1.0,0.6980252920470296,0.07184252735408769,9.716045881942561,False
P60484-2,0.3837837837837838,1.0,0.4066762947372542,0.47305175437046465,0.8596866853996924,False
P60510,0.11891891891891893,0.3333333333333333,0.48414013416831025,0.07708930790516355,6.280250106330009,False
P60520,0.9783783783783784,1.0,0.36973038671834857,0.059922112644324343,6.170182765633321,False
P60604;P60604-2,0.4918918918918919,1.0,0.3698497029668282,0.16224058459685153,2.2796373908899583,False
P60660-2,1.0,1.0,0.6586889148035588,0.02934664182116009,22.44512059736314,True
P60673,0.8864864864864865,1.0,0.7946599877707641,0.17431220477591758,4.558831602137774,False
P60709,1.0,1.0,0.633148581739146,0.07400928448486965,8.554988555099271,False
P60763,0.23783783783783785,0.3333333333333333,0.48514472420476196,0.06072930117278297,7.988643288096803,False
P60842,1.0,1.0,0.7498609471440396,0.056527489990752855,13.265420899932172,True
P60866;P60866-2,0.8108108108108109,1.0,0.46885355189044464,0.2194774220927478,2.1362268037407253,False
P60891,1.0,1.0,0.4840395186353206,0.053294352403479905,9.082379216671272,False
P60900,0.8162162162162162,1.0,0.40612942269840957,0.24577311329709062,1.6524566794557394,False
P60953,1.0,1.0,0.7448591673111231,0.11197864408486424,6.651796629602189,False
P60981,1.0,1.0,0.8510543856959316,0.052509879623197975,16.20750974488904,True
P60983,0.4648648648648649,0.8888888888888888,0.4544216753803658,0.31169632916331125,1.457898707373851,False
P60985,0.9459459459459459,1.0,0.5931567712491415,0.15151527372737483,3.914831532538581,False
P61006,1.0,1.0,0.6835539544459053,0.012731497708283968,53.689987628175054,True
P61009,0.9621621621621622,1.0,0.7542331279195515,0.03153344290834603,23.918515022662714,True
P61011-2,0.2810810810810811,0.6666666666666666,0.47411129522944684,0.2140058125024984,2.2154131688545227,False
P61018,0.9405405405405406,1.0,0.6049550482531307,0.08156665071194524,7.416695953221682,False
P61019,1.0,1.0,0.7194953681455516,0.1263156094006419,5.696013117931372,False
P61020,0.9783783783783784,1.0,0.5944746512498913,0.14683394669005345,4.04861862430727,False
P61026,1.0,1.0,0.6487226181363326,0.037542873718518166,17.27951416293281,True
P61073;P61073-2,0.8108108108108109,1.0,0.596399440873582,0.18184154374928774,3.2797755044131276,False
P61077;P61077-3,0.9891891891891892,1.0,0.66799109899768,0.071317145394179,9.366486772649237,False
P61081,0.9297297297297298,1.0,0.5237236659793849,0.08410111893567951,6.227309132235547,False
P61086,0.8756756756756757,1.0,0.6256101507366267,0.25094956360616827,2.4929716622995928,False
P61088,1.0,1.0,0.830777532092478,0.23504571845423072,3.534535908826823,False
P61106,1.0,1.0,0.6983168999440288,0.05370656305985477,13.002449982989418,True
P61158,1.0,1.0,0.774975061355704,0.05435710765294033,14.257106288726227,True
P61160,1.0,1.0,0.7600217529686759,0.03668324261167655,20.71849975243888,True
P61163,0.9891891891891892,1.0,0.7355624020223654,0.07090209016449833,10.374340168474635,False
P61165,0.8324324324324325,1.0,0.6879958099376982,0.19106517196233952,3.600843643410363,False
P61201;P61201-2,0.9081081081081082,1.0,0.5462385977490714,0.1124889497495758,4.855931173374043,False
P61221,0.8756756756756757,1.0,0.42583777331290573,0.12246707186901773,3.4771613856200645,False
P61224-3,1.0,1.0,0.8817940365766539,0.0730359137276686,12.073430612022301,False
P61225,1.0,1.0,0.556397245325229,0.11813555662205033,4.709820321965418,False
P61244;P61244-2,0.25405405405405407,0.8888888888888888,0.2774644892573299,0.3120382767277974,0.8892001717448674,False
P61247,0.9783783783783784,1.0,0.3980548779811599,0.12988945168456212,3.064566620450753,False
P61254;Q9UNX3,0.1945945945945946,0.5555555555555556,0.6040848347961596,0.12127222173605823,4.9812300471489195,False
P61313,0.5621621621621622,0.7777777777777778,0.5619014472774797,0.3157815244450184,1.7793993751376482,False
P61326,0.10810810810810811,0.3333333333333333,0.4829539691370295,0.2277096481504275,2.1209200974127578,False
P61353,0.827027027027027,1.0,0.5399328265541303,0.11512328043403208,4.690040316072495,False
P61421,0.9891891891891892,1.0,0.5401758381735373,0.1419078488396064,3.8065254500762653,False
P61513,0.05405405405405406,0.0,0.6634993919744936,,,False
P61586,1.0,1.0,0.7485075644894543,0.08065338050688808,9.280547942135286,False
P61599,0.1837837837837838,0.2222222222222222,0.4175687429720325,0.8115973258399825,0.5145023642603301,False
P61604,0.9891891891891892,1.0,0.6808859324218854,0.12903758551857436,5.276648115241393,False
P61619,0.9135135135135135,1.0,0.6711156670854841,0.05377051362340701,12.481109475460517,False
P61626,1.0,1.0,0.5256931054904115,0.1474186142489522,3.565988651898808,False
P61758;P61758-2,0.8756756756756757,1.0,0.5963412990289836,0.05311595827395088,11.227158812673464,False
P61764,0.8054054054054054,1.0,0.500757435779354,0.025538484123313054,19.60795454269867,True
P61769,1.0,1.0,0.40393829112752755,0.12986793588224188,3.1103773874853893,False
P61803,0.9027027027027027,1.0,0.7243134753055518,0.13061243947649004,5.545516783919549,False
P61812;P61812-2,0.2702702702702703,0.7777777777777778,0.6776854668843093,0.2676624149149571,2.5318663701798645,False
P61923,0.8648648648648649,1.0,0.49445274928735916,0.13516529631420404,3.6581338758578883,False
P61952,0.9891891891891892,1.0,0.7361395044517689,0.1341737448279794,5.486464623876705,False
P61956;P61956-2,0.8108108108108109,1.0,0.7675173762630667,0.23264760417041153,3.2990555780702113,False
P61960,0.8810810810810811,1.0,0.622701486943452,0.09670955098222045,6.4388830329481355,False
P61962,0.6594594594594595,1.0,0.3867090674516831,0.10265777348779004,3.76697306315218,False
P61966,0.7675675675675676,1.0,0.5259997293691896,0.12587822705753204,4.178639480907083,False
P61970,0.827027027027027,1.0,0.6741019470552878,0.16498590466143703,4.085815381856975,False
P61978-3,1.0,1.0,0.3638248276971936,0.04382545378199865,8.301678506444468,False
P61981,1.0,1.0,0.8216555306980915,0.07376325545834206,11.139089857037602,False
P62072,0.3837837837837838,0.8888888888888888,0.4340585678027491,0.18783377644810262,2.310865361974325,False
P62081,0.6270270270270271,0.8888888888888888,0.46543499256932197,0.22581134771326639,2.0611674182128703,False
P62136,1.0,1.0,0.7408784847538925,0.05351713507740996,13.84376207138606,True
P62140,0.918918918918919,1.0,0.6546269356579577,0.15246724458249794,4.293557855331661,False
P62191,0.972972972972973,1.0,0.5132287557324231,0.04081098766374147,12.575749451621364,False
P62195,0.9945945945945946,1.0,0.5775279353352154,0.05085174897414291,11.357090896300868,False
P62241,0.7891891891891892,1.0,0.427943006307987,0.13309121761714238,3.2154113094000816,False
P62244,0.8108108108108109,1.0,0.518637009307608,0.22829379389614424,2.2717963570378403,False
P62249,0.9783783783783784,1.0,0.3959411506881043,0.07106368624620352,5.571638224850135,False
P62253,0.15675675675675677,0.0,0.5017785104659858,,,False
P62256,0.6972972972972973,1.0,0.5203973603371743,0.1468375248016578,3.544035225601263,False
P62258,1.0,1.0,0.6472934238562793,0.07629376474238114,8.484224445365562,False
P62263,0.9135135135135135,1.0,0.5200391455660061,0.3951981946774943,1.3158945373988602,False
P62266,0.7027027027027027,1.0,0.5055607776873474,0.22734407627927666,2.223769301410346,False
P62269,0.9243243243243243,1.0,0.43864659257404703,0.08509978921832229,5.154496816069726,False
P62277,0.918918918918919,1.0,0.4607093892376888,0.13623831058455593,3.381643439799929,False
P62280,0.7675675675675676,1.0,0.5253301237630357,0.20093125885213858,2.61447684528576,False
P62304,0.2972972972972973,0.5555555555555556,0.6479691494841688,0.6232973323791455,1.0395827413713616,False
P62306,0.1891891891891892,0.4444444444444444,0.6641778085448742,0.2278590183218503,2.91486294216683,False
P62310,0.9459459459459459,1.0,0.7403293520196677,0.2885243805878446,2.5659160952405746,False
P62312,0.8864864864864865,1.0,0.6063217355234825,0.16007310519293938,3.7877801820154016,False
P62314,0.2918918918918919,0.4444444444444444,0.6996300553520696,0.34170486883440354,2.047468792992596,False
P62316,0.518918918918919,0.5555555555555556,0.71343305090772,0.17674244118198956,4.036568953877391,False
P62318;P62318-2,0.7243243243243244,1.0,0.8335580113758612,0.37290683194113505,2.2352983104032855,False
P62328,0.9891891891891892,1.0,0.9976555905771818,0.17772132946970132,5.613595135452024,False
P62330,0.9783783783783784,1.0,0.757984002949323,0.21581734387748952,3.512155183318347,False
P62333,0.9837837837837838,1.0,0.4548879216542412,0.0790948936266691,5.751166741576636,False
P62341,0.5135135135135135,1.0,0.6988546958051121,0.21226218718770973,3.2924125821199337,False
P62424,0.972972972972973,1.0,0.4899611242329813,0.09721029748564902,5.040218340092143,False
P62491,0.2648648648648649,0.6666666666666666,0.5752534536934863,0.2291846104534212,2.5100003554139128,False
P62495,0.9567567567567568,1.0,0.6943994213237801,0.04712946074097246,14.733871561575011,True
P62701,0.9837837837837838,1.0,0.42132385237232484,0.10633967494946539,3.962056989289706,False
P62714,1.0,1.0,0.4740120727962118,0.06394568144185442,7.412730025048358,False
P62736,1.0,1.0,0.663473945076742,0.1667419744454186,3.979045751877694,False
P62750,0.7513513513513513,0.8888888888888888,0.6601169367809092,0.2438691248216518,2.7068491645413126,False
P62753,0.1891891891891892,0.2222222222222222,0.3220722019159705,0.7728533302799949,0.41673133736680396,False
P62805,1.0,1.0,0.9308743455787472,0.19269322499802044,4.8308618301879065,False
P62820,1.0,1.0,0.676724072157235,0.02855760117247641,23.69681080949671,True
P62826,1.0,1.0,0.5349754738398964,0.047862322271690516,11.177382300906915,False
P62829,0.8432432432432433,1.0,0.5410854924784863,0.22305455090708115,2.4257989369779267,False
P62834,1.0,1.0,0.7027432919955636,0.034730112529604895,20.23440872518124,True
P62847;P62847-2;P62847-3;P62847-4,0.7297297297297297,1.0,0.5185951414918808,0.1693755423493304,3.06180652943563,False
P62851,0.9837837837837838,1.0,0.3763274526195124,0.14319199061580434,2.6281319995699293,False
P62854,0.9297297297297298,1.0,0.42265257144985835,0.1413476744755524,2.990162894565065,False
P62857,0.3081081081081081,0.8888888888888888,0.5154088471328251,0.33564881984913164,1.5355598371074044,False
P62873,1.0,1.0,0.7667810053321809,0.08828257636907821,8.685530450839368,False
P62877,0.7081081081081081,1.0,0.4631767090687138,0.1951058041638607,2.3739770892705594,False
P62879,1.0,1.0,0.5487220743791674,0.018855939253782594,29.10075531077515,True
P62888,0.6756756756756757,0.6666666666666666,0.6755845672831473,0.8050604171390434,0.8391725054424901,False
P62899,0.6216216216216216,0.5555555555555556,0.5701981011447792,0.22399073527748214,2.545632525552504,False
P62906,0.6054054054054054,1.0,0.3800971051087769,0.24726834614792104,1.5371846458721206,False
P62910,0.2648648648648649,0.1111111111111111,0.47915032507580335,,,False
P62913;P62913-2,0.8,1.0,0.5574358851538284,0.20792917561464286,2.6808930661415675,False
P62937,1.0,1.0,0.6673458238983798,0.05311844166550017,12.563354702700426,False
P62937-2,0.3945945945945946,1.0,0.5031499500982832,0.8017046756599591,0.6276001193133779,False
P62942,0.5567567567567567,1.0,0.5168684474872638,0.2660012758391961,1.9431051443517238,False
P62993,1.0,1.0,0.7199216913546529,0.025603518299771366,28.11807670046197,True
P63000;P63000-2,1.0,1.0,0.681628491908608,0.0750819839065251,9.078456061539553,False
P63010;P63010-2,1.0,1.0,0.6758843625850659,0.02636331622011312,25.637304386973128,True
P63027,0.13513513513513514,0.2222222222222222,0.4608598785502753,0.30112412978795966,1.5304647916286072,False
P63092-2;Q5JWF2-2,0.0972972972972973,0.2222222222222222,0.7058417431331243,0.18081157314632623,3.90374206059202,False
P63092-3,0.9945945945945946,1.0,0.48312332387037227,0.03641056762365302,13.268766608201016,True
P63096,0.827027027027027,1.0,0.5293966195044622,0.13544435960342227,3.908591107481495,False
P63098,0.8972972972972973,1.0,0.7011884158093471,0.04121539640737737,17.01277864414371,True
P63104,1.0,1.0,0.6879586325483942,0.06374141004524958,10.792962252639487,False
P63151,0.7189189189189189,1.0,0.3040845385968236,0.07162904748257226,4.245268494891113,False
P63167,0.9837837837837838,1.0,0.6449439676710806,0.03966877115289691,16.258229053409487,True
P63172,0.08648648648648649,0.1111111111111111,0.9242334717311227,,,False
P63173,0.8594594594594595,0.8888888888888888,0.5702590120057227,0.533900493396346,1.0680998033511566,False
P63208,1.0,1.0,0.44422075028372987,0.11509460500117186,3.8596140130044057,False
P63218,1.0,1.0,0.5656930065612222,0.10435667639104906,5.4207648817928735,False
P63220,0.4756756756756757,0.8888888888888888,0.6871171928044264,0.3013501240710541,2.280129118654067,False
P63241,1.0,1.0,0.7586939007925935,0.09276753755846912,8.178441734689866,False
P63244,0.7243243243243244,1.0,0.47776409197727965,0.36321081968628377,1.3153905833255162,False
P63272,0.15675675675675677,0.5555555555555556,0.5907151444222034,0.40008215015841664,1.4764846274403987,False
P63279,0.745945945945946,1.0,0.5509358960004542,0.11398601132536257,4.833364108406763,False
P67775,0.5675675675675675,1.0,0.4001012417018188,0.13405373751228566,2.9846332457918274,False
P67809,0.3945945945945946,0.7777777777777778,0.6932194463804677,0.5868423884735012,1.1812702354096734,False
P67812;P67812-3;P67812-4,0.972972972972973,1.0,0.70996187811292,0.029293070002413657,24.236513211296096,True
P67870,0.7567567567567568,1.0,0.5326940493838119,0.11118922752739202,4.7908782283120015,False
P67936,1.0,1.0,0.6978619589794697,0.019913647965356773,35.04440573588129,True
P67936-2,0.8702702702702703,1.0,0.7756494394111009,0.05382329837355648,14.411035050802077,True
P68036,0.9567567567567568,1.0,0.6213479217652598,0.08036156456186916,7.731904239954081,False
P68104;Q5VTE0,1.0,1.0,0.5299330143941994,0.050427787611475594,10.508750026416095,False
P68106,0.25405405405405407,0.6666666666666666,0.43693955590767963,0.4521473516181702,0.9663653991203,False
P68366;P68366-2,1.0,1.0,0.7071883161406376,0.055997004384572335,12.629038355049474,False
P68371,1.0,1.0,0.7219646163726665,0.09221601399600488,7.8290590222642304,False
P68400,0.8378378378378378,1.0,0.6979054044827251,0.07156238113528879,9.752406130300972,False
P68402,0.5351351351351351,1.0,0.4257917861430336,0.36478285458313664,1.1672472562604845,False
P68543,0.0918918918918919,0.0,0.533840909991012,,,False
P68871,1.0,1.0,0.657815523676291,0.19086690565928777,3.4464619280334685,False
P69849;Q15155;Q5JPE7;Q5JPE7-2,0.972972972972973,1.0,0.3529021738604401,0.0750035089000356,4.7051421864913925,False
P69891,0.8540540540540541,1.0,0.8587382752767638,0.18900443234343456,4.54348220636633,False
P69892,0.2756756756756757,0.5555555555555556,0.9898847758339535,0.21932824705977083,4.513257134472936,False
P69905,1.0,1.0,0.6837561506856069,0.18153237024413116,3.7665797552583458,False
P78314-4,0.0972972972972973,0.2222222222222222,0.5181598959921931,0.23394341831156584,2.21489409589676,False
P78318,0.41081081081081083,1.0,0.4266486267812324,0.30508221277734826,1.3984709986766892,False
P78330,0.34054054054054056,0.5555555555555556,0.4500567374272233,0.27264614606757576,1.6506990614702328,False
P78333,0.3567567567567568,0.8888888888888888,0.6844883718959656,0.30789091355482334,2.2231522326951847,False
P78344,0.9945945945945946,1.0,0.7003555780888702,0.032071757471355156,21.83714374600119,True
P78352;P78352-2;P78352-3,0.20540540540540542,0.4444444444444444,0.2780134496068669,0.15384200000667736,1.8071362150440062,False
P78356,0.5027027027027027,0.7777777777777778,0.30066395926258416,0.26783527320016987,1.1225704354402917,False
P78362-2,0.4810810810810811,0.8888888888888888,0.4410558221632215,0.1931033132488782,2.284040676167858,False
P78368,0.6432432432432432,1.0,0.56072356143871,0.10354727880219272,5.415145312605126,False
P78371,1.0,1.0,0.5175231929396702,0.04175771720795751,12.39347424961844,False
P78381;P78381-2;P78381-4;P78381-5,0.34594594594594597,0.8888888888888888,0.5393423215903121,0.266150675405453,2.0264548296512115,False
P78382,0.31891891891891894,0.8888888888888888,0.4669748565244589,0.7082465541715823,0.6593393978042962,False
P78386,0.05945945945945946,0.1111111111111111,0.8784957637464164,,,False
P78406,0.4918918918918919,1.0,0.35133013696184,0.16011703654929121,2.1942083399331764,False
P78410;P78410-2;P78410-3,0.7513513513513513,1.0,0.5658139937076054,0.23173931766736366,2.4415968744663745,False
P78417,1.0,1.0,0.8977349203771112,0.0852497684573521,10.530643503462663,False
P78509;P78509-2,1.0,1.0,0.4118240248437228,0.08321548844474869,4.948886710160396,False
P78527,0.7297297297297297,0.8888888888888888,0.4028449714516267,0.06132165068140427,6.569375856246952,False
P78536,0.8054054054054054,1.0,0.4061122737593106,0.11558992750411434,3.513388082580598,False
P78537,0.7297297297297297,1.0,0.683706654632747,0.23967516547726753,2.852638709026341,False
P78540,0.06486486486486487,0.0,0.5548673027650279,,,False
P78559,0.9513513513513514,1.0,0.46251594607272484,0.01894908302697118,24.40835503303261,True
P78560,0.2756756756756757,0.5555555555555556,0.6917336475122386,0.6430191133225787,1.0757590764883247,False
P80108,1.0,1.0,0.6159639374745431,0.20865529377948278,2.952064749076169,False
P80188;P80188-2,0.5297297297297298,0.4444444444444444,0.6282109974722152,0.20668483882651767,3.039463373506116,False
P80217;P80217-2,0.745945945945946,1.0,0.3078664348264786,0.09466208068758597,3.2522677780824685,False
P80303;P80303-2,0.8648648648648649,1.0,0.5466347336838737,0.16712787292176756,3.270757439363529,False
P80404,0.16756756756756758,0.3333333333333333,0.4904779352926809,0.06290268189930437,7.797408957504323,False
P80511,0.2702702702702703,0.3333333333333333,1.0359860733796964,0.4028471150422739,2.5716606491546607,False
P80723,0.8810810810810811,1.0,0.5498211261806745,0.3316824519760502,1.657673244107516,False
P80748,0.9945945945945946,1.0,1.0243891392186368,0.43983392054137127,2.3290362370363877,False
P81605,1.0,1.0,0.82855254103184,0.5565783000159605,1.4886540510258488,False
P82094,0.22702702702702704,0.5555555555555556,0.44079977127536196,0.6666688037456296,0.6611975373660217,False
P82675,0.22702702702702704,0.4444444444444444,0.5044451977679856,0.17192007620032435,2.9341843542472437,False
P82909,0.5837837837837838,1.0,0.5524889127009311,0.19777072065376444,2.793582947337128,False
P83105,0.9891891891891892,1.0,0.7720126248802082,0.4576439582273437,1.6869284757315546,False
P83111,0.745945945945946,1.0,0.398547459089162,0.09250260663114318,4.308499766697186,False
P83436,0.6378378378378379,1.0,0.35095907071799637,0.07680168910329854,4.5696790632554345,False
P83731,0.4648648648648649,0.4444444444444444,0.6050463476954837,0.1770806313694404,3.4167844502044127,False
P83876,0.15135135135135136,0.3333333333333333,0.49101824060979027,0.07821757317810096,6.277594927315689,False
P84022,0.3621621621621622,0.6666666666666666,0.4140666591550879,0.37735567470413756,1.0972848347377664,False
P84077,1.0,1.0,0.6513225326172751,0.10501005900321303,6.202477541673854,False
P84085,0.8324324324324325,1.0,0.4375960883922012,0.10859418605476279,4.0296456402511875,False
P84095,0.9945945945945946,1.0,0.48768316719311944,0.08157616097138387,5.978255919204067,False
P84103;P84103-2,0.827027027027027,0.7777777777777778,0.7316573995898459,0.1413644736266022,5.175680854034329,False
P84243,1.0,1.0,0.8313183673490876,0.2000739597826673,4.155055301809976,False
P86790;P86791,0.6432432432432432,1.0,0.38269142094071107,0.061360836914744254,6.236737309701769,False
P98082;P98082-3,0.9513513513513514,1.0,0.6348746166117047,0.04405423048984325,14.411206586801596,True
P98160,1.0,1.0,0.5384659016912696,0.19201299424635643,2.8043201128378183,False
P98170,0.2594594594594595,0.5555555555555556,0.5167574644307944,0.3304162068309555,1.5639591937303883,False
P98171;P98171-2,0.9405405405405406,1.0,0.502115980763195,0.06453784222729375,7.780179247313675,False
P98172,0.9837837837837838,1.0,0.6744050744160033,0.03392403974906699,19.87985745225261,True
P98173;P98173-2;P98173-3,0.40540540540540543,1.0,0.5131536202103266,0.36681127123680923,1.3989581576380743,False
P98179,0.42162162162162165,0.8888888888888888,0.39820889816949645,0.3553324257330077,1.1206658028690732,False
P98194,0.8972972972972973,1.0,0.5971219960699816,0.06103605072295437,9.78310341179097,False
P98194-7,0.6108108108108108,1.0,0.651082998980133,0.2721686000967747,2.3922046802923926,False
P98196,0.4540540540540541,1.0,0.33177003333345034,0.18591128720924033,1.7845610038730366,False
P98198,0.25405405405405407,0.6666666666666666,0.3923311422394473,0.17676377123449072,2.219522357434827,False
P99999,0.9837837837837838,1.0,0.8782697222099864,0.06275768186442221,13.994617011306213,True
Q00013,1.0,1.0,0.5047711138196718,0.022384649405239543,22.549878029428537,True
Q00059,0.7513513513513513,1.0,0.479403558087256,0.15085709370839773,3.1778655302343872,False
Q00169,0.4702702702702703,1.0,0.45128353157902623,0.3206308282067418,1.4074864045451048,False
Q00325;Q00325-2,0.9891891891891892,1.0,0.7806050692052615,0.06951411787380835,11.22944652224925,False
Q00341,0.8702702702702703,1.0,0.34997307313767045,0.04191634624497098,8.349322030415744,False
Q00534,0.21621621621621623,0.4444444444444444,0.4790230297768092,0.15248534408996672,3.141436527133942,False
Q00535,0.5243243243243243,1.0,0.4098307438655713,0.10107906009983836,4.054556338976352,False
Q00536-2,0.24864864864864866,0.4444444444444444,0.47207789813142575,0.3892611299479647,1.2127537578553804,False
Q00537;Q00537-2,0.6216216216216216,1.0,0.33097334590571137,0.31174477752615104,1.061680482772313,False
Q00577,0.9621621621621622,1.0,0.6951008558923384,0.07915033368065316,8.782033171165809,False
Q00610;Q00610-2,1.0,1.0,0.7026594721288859,0.07970876268954541,8.815335333527221,False
Q00653,0.5567567567567567,1.0,0.4120369261567003,0.10805183226749904,3.813326599928811,False
Q00688,0.7405405405405405,1.0,0.49166557641077624,0.1705178778801013,2.8833667327040517,False
Q00722;Q00722-2;Q00722-3,0.8972972972972973,1.0,0.49179782091547164,0.009765190811881652,50.36233601468226,True
Q00765,0.9891891891891892,1.0,0.6055713704633128,0.04182997870981531,14.476970563726749,True
Q00796,0.9567567567567568,1.0,0.5832392371905399,0.1412458153774594,4.129249674632242,False
Q00839,0.8216216216216217,1.0,0.5232895156474697,0.32891659830833575,1.5909489467506996,False
Q00978,0.24324324324324326,0.7777777777777778,0.4375846942787902,0.7453537365019312,0.5870832503402316,False
Q01082,0.9945945945945946,1.0,0.681554341110477,0.02496608397956024,27.29920886545388,True
Q01082-3,0.24864864864864866,0.3333333333333333,0.48676565211279854,0.31014434456396245,1.5694809873033513,False
Q01085-2,0.5027027027027027,1.0,0.5633448319922163,0.07431223824852573,7.580781379618752,False
Q01130;Q01130-2,0.3675675675675676,0.2222222222222222,0.3899673876132921,0.3754618593254273,1.0386338263863235,False
Q01415,0.6108108108108108,1.0,0.35640477885957544,0.21194357706762723,1.6816021687972802,False
Q01433,0.9891891891891892,1.0,0.7956568537701436,0.03868954479930409,20.565164514017624,True
Q01459,0.7351351351351352,1.0,0.47966518537368685,0.41436280461940633,1.1575971106148415,False
Q01469,0.9405405405405406,1.0,0.39954020208037466,0.30972350035198026,1.289989947893278,False
Q01518,1.0,1.0,0.808396532706432,0.052156830892737815,15.499341483552273,True
Q01543;Q01543-3,0.31351351351351353,0.7777777777777778,0.41281615826467544,0.5321009065088536,0.7758230689235006,False
Q01581,0.13513513513513514,0.3333333333333333,0.27808133169185467,0.4389301673062125,0.6335434481491352,False
Q01650,0.41081081081081083,0.6666666666666666,0.5962938613757354,0.4675209548914818,1.2754377213191301,False
Q01804,0.41081081081081083,1.0,0.5312391336948652,0.19151410689580217,2.7738903535910207,False
Q01813,1.0,1.0,0.808940390554433,0.04624692239011452,17.491766992204166,True
Q01844;Q01844-3;Q01844-5;Q01844-6,1.0,1.0,0.6580104201481127,0.10277640299217161,6.4023491870817155,False
Q01968;Q01968-2,0.6972972972972973,1.0,0.3442066142013367,0.08751531143263414,3.933101631778954,False
Q01970,0.9081081081081082,1.0,0.40151082972006247,0.05688932921986378,7.057752925303763,False
Q01995,0.1945945945945946,0.5555555555555556,0.6751227490675715,0.1987553765894159,3.3967521314516387,False
Q02040,0.827027027027027,0.7777777777777778,0.5962388313952758,0.01727282470894309,34.518895516062884,True
Q02094,0.43783783783783786,0.6666666666666666,0.9023668106139837,0.6812218702153556,1.3246298307021722,False
Q02108,0.9405405405405406,1.0,0.7225820456885836,0.013166082856443495,54.882082512108084,True
Q02127,0.16216216216216217,0.2222222222222222,0.49190847396586523,0.14952734465014306,3.2897559648157277,False
Q02153,0.9297297297297298,1.0,0.5945034644764329,0.06430021025809829,9.24574681933576,False
Q02218,0.8324324324324325,1.0,0.43911197527223855,0.10248992889237485,4.284440237375441,False
Q02224,0.9567567567567568,1.0,1.0511707882274468,0.6382567256200726,1.6469404019303113,False
Q02252,0.6432432432432432,1.0,0.39873572652111555,0.10715678874282197,3.721049605901197,False
Q02338,0.33513513513513515,0.8888888888888888,0.4767382373119027,0.301993389232436,1.578637991128244,False
Q02413,0.9405405405405406,1.0,0.827151664270426,0.25428942805182153,3.2527961174298645,False
Q02487;Q02487-2,0.4810810810810811,0.3333333333333333,0.4193971406694228,0.31469219572436025,1.3327217718381994,False
Q02509;Q02509-3,0.4810810810810811,0.5555555555555556,0.7424916270165607,0.21598121723730657,3.437760174306072,False
Q02543,0.2,0.2222222222222222,0.6644563281311306,0.049036825797943884,13.550149654241922,False
Q02641-3,0.043243243243243246,0.1111111111111111,0.40322917328559615,,,False
Q02750,0.9081081081081082,1.0,0.5963084485074264,0.042012704444815085,14.193526848305968,True
Q02790,0.7135135135135136,1.0,0.40868318113224156,0.10799267672021529,3.7843601394476747,False
Q02809;Q02809-2,0.8162162162162162,1.0,0.42619505588855233,0.16355883465913124,2.605759919828082,False
Q02818,1.0,1.0,0.448362669223604,0.050506218810625114,8.877375495179237,False
Q02878,0.8918918918918919,1.0,0.490700282708902,0.22333721183576039,2.1971272887106577,False
Q02978,0.9135135135135135,1.0,0.6053588025640799,0.09049529246709298,6.689395504017051,False
Q02985;Q02985-2,0.8378378378378378,1.0,0.5562051231618934,0.20989602673011376,2.6499078225862136,False
Q03001,0.16216216216216217,0.5555555555555556,0.5948912878268766,0.15205297980318733,3.9123948021070385,False
Q03013-3,0.4540540540540541,0.8888888888888888,1.1808346365645805,0.3918398181251188,3.01356468113592,False
Q03113,0.5621621621621622,1.0,0.32876969490952046,0.16992069371559992,1.934842000232118,False
Q03154,0.8486486486486486,1.0,0.5220832451377877,0.23378625878128645,2.2331648055765805,False
Q03167;Q03167-2,0.21621621621621623,0.2222222222222222,0.39659890740122083,0.7634563675404813,0.5194781578400964,False
Q03169,0.4756756756756757,1.0,0.3367348545843276,0.21634288616576924,1.556486836947853,False
Q03426,0.22162162162162163,0.4444444444444444,0.43466532204308095,0.08837862547539554,4.918217721818847,False
Q03518;Q03518-2,0.918918918918919,1.0,0.743889580753903,0.03882599925158736,19.159573355307522,True
Q03519,0.9567567567567568,1.0,0.7125345650607677,0.05109618243158387,13.94496675000776,True
Q03591,1.0,1.0,0.7044223838223544,0.1281052100166633,5.49878013338198,False
Q04118,0.08108108108108109,0.1111111111111111,0.831401823979121,,,False
Q04206-2,0.9297297297297298,1.0,0.5207412263732438,0.06762844850906546,7.700032129281207,False
Q04323;Q04323-2,0.6756756756756757,1.0,0.27288923372112706,0.17642361702047005,1.5467840322617596,False
Q04446,0.9567567567567568,1.0,0.5295470061823035,0.05990153941860399,8.840290438643366,False
Q04637-8,0.9945945945945946,1.0,0.5700847100578752,0.014743926980912647,38.665730696842274,True
Q04656;Q04656-2;Q04656-3;Q04656-5,0.7513513513513513,1.0,0.3480114211382386,0.19089570334989503,1.8230448094495049,False
Q04695,0.5783783783783784,0.5555555555555556,0.8602830511217086,0.24806517572653242,3.467971869094945,False
Q04756,1.0,1.0,0.5125963574794685,0.1634330675491107,3.1364298863535454,False
Q04759,0.9351351351351351,1.0,0.5651073098675372,0.07044361970720203,8.022121978064135,False
Q04760;Q04760-2,1.0,1.0,0.6409848533434843,0.13262022321539746,4.8332361219330595,False
Q04771,0.8486486486486486,1.0,0.5505561546794144,0.03939696032527884,13.974584590632825,True
Q04837,0.4,0.8888888888888888,0.42892369954168164,0.26559104317259763,1.614978029447101,False
Q04844,0.31351351351351353,0.8888888888888888,0.28744745979782405,0.4106628899936142,0.6999596671671352,False
Q04864;Q04864-2,0.2702702702702703,0.7777777777777778,0.4243579252692795,0.2324364928267162,1.8256940642519621,False
Q04917,1.0,1.0,0.6793913509589267,0.03286371623196871,20.672992249672536,True
Q04941,1.0,1.0,0.6807003473231106,0.06851359225282394,9.935259923479695,False
Q05084;Q05084-2;Q05084-3,0.32972972972972975,0.7777777777777778,0.47198117089508607,0.43269945614702365,1.090782907604846,False
Q05086;Q05086-2;Q05086-3,0.4918918918918919,1.0,0.33200877576467924,0.24488987437186793,1.355747258298317,False
Q05193,0.9891891891891892,1.0,0.6889087598471768,0.030930046575457837,22.27312390773467,True
Q05209,0.972972972972973,1.0,0.6755133678430747,0.039493503544786535,17.104417365175696,True
Q05315,0.7891891891891892,1.0,1.0347714674461423,0.3975933309488333,2.6025875861064383,False
Q05397;Q05397-7,0.9513513513513514,1.0,0.6641840565136672,0.01568211105162476,42.352974948793886,True
Q05655,1.0,1.0,0.7015151597762781,0.04956454778066899,14.153567240855184,True
Q05682,0.2594594594594595,0.6666666666666666,0.38646240364495554,0.12117747772913656,3.1892263388152076,False
Q05682-5,0.9945945945945946,1.0,0.7221158062632487,0.03600352977910859,20.05680583802824,True
Q05707-2,0.06486486486486487,0.0,0.7617020134585877,,,False
Q05823,0.8324324324324325,1.0,0.3461025662903747,0.05093998198692162,6.794320547251733,False
Q05940,0.7405405405405405,1.0,0.5386595030845136,0.1474678348447238,3.6527253800918342,False
Q05D60,0.7405405405405405,0.7777777777777778,0.7834026790413677,0.4051184310036575,1.9337621275352317,False
Q06033;Q06033-2,1.0,1.0,0.7760410248138001,0.3072528997635686,2.5257402791347596,False
Q06124-1,0.8648648648648649,1.0,0.34384684108334707,0.1569237735817861,2.1911711223547634,False
Q06187,0.9945945945945946,1.0,0.8199466730021268,0.008924475898378859,91.87617091901957,True
Q06203,0.5243243243243243,1.0,0.5474101865882464,0.23827819542285766,2.297357446478857,False
Q06210;Q06210-2,0.772972972972973,1.0,0.37030697500794574,0.13902483491624906,2.66360305502988,False
Q06323,1.0,1.0,0.5878169938841395,0.09153339177331787,6.42188585494424,False
Q06481;Q06481-3;Q06481-6,0.6,1.0,0.5272477786335319,0.1264598226135778,4.169290828792623,False
Q06787-8;Q06787-9,0.40540540540540543,1.0,0.4485945758522156,0.24104921609039387,1.8610082336214355,False
Q06830,1.0,1.0,0.5268287767325681,0.03573430508103215,14.742941706517474,True
Q07020,0.8972972972972973,1.0,0.48731261464664133,0.20982051355959364,2.3225213129994264,False
Q07021,0.7567567567567568,1.0,0.5294805650069803,0.168991500195526,3.1331786770006915,False
Q07108,0.31351351351351353,0.8888888888888888,0.4307626697505835,0.3013914288550179,1.429246582714861,False
Q07157;Q07157-2,0.2702702702702703,0.7777777777777778,1.0264119590940535,1.4848141565883513,0.6912730152387786,False
Q07666;Q07666-2,0.8864864864864865,1.0,0.590470582862336,0.1525118115859243,3.871638378183372,False
Q07812-2,0.745945945945946,1.0,0.3783147210123339,0.2546056786776667,1.4858848513401937,False
Q07817;Q07817-3,0.9243243243243243,1.0,0.6217340869637233,0.12078127808766936,5.1476031451864275,False
Q07866-4;Q07866-6;Q07866-7,0.9135135135135135,1.0,0.5312855495037816,0.08341747203063576,6.368996045680484,False
Q07866;Q07866-3;Q07866-5,0.16216216216216217,0.3333333333333333,0.36922054358717205,0.1427469420140497,2.5865390766187617,False
Q07889,0.7567567567567568,1.0,0.3032235541263235,0.07746375548030038,3.914392637514658,False
Q07890,0.41081081081081083,0.7777777777777778,0.6359932552484144,0.5399356651446414,1.1779056215485237,False
Q07912;Q07912-3,0.3783783783783784,1.0,0.461419759517927,0.24906482962781418,1.8526090584826522,False
Q07954,1.0,1.0,0.46281192094711265,0.10364425187469628,4.465389180546573,False
Q07955,0.33513513513513515,0.5555555555555556,0.41634514435953207,0.23989128666251958,1.7355575942416315,False
Q07960,1.0,1.0,0.8284705226536673,0.12040227435637973,6.880854428060638,False
Q08043,0.1945945945945946,0.5555555555555556,0.5897933716871133,0.7798268872602758,0.7563132040230145,False
Q08174;Q08174-2,0.42702702702702705,0.8888888888888888,0.6376595241398348,0.3530924682633447,1.8059278558846326,False
Q08188,0.6216216216216216,0.6666666666666666,0.6798839686637788,0.7081970535522348,0.9600208942603744,False
Q08209-2,0.9405405405405406,1.0,0.6503170673127823,0.06878602331085126,9.454203572343921,False
Q08211,0.9405405405405406,1.0,0.3133864340702086,0.23129388428476716,1.3549274553423547,False
Q08257,0.8648648648648649,1.0,0.4831140792506252,0.1462707927882274,3.302874552338576,False
Q08334,0.16756756756756758,0.4444444444444444,0.43735379389301876,0.2587465457613076,1.6902787730216713,False
Q08357,0.14054054054054055,0.4444444444444444,0.43732392569138945,0.21905169006479053,1.9964416871745612,False
Q08378,1.0,1.0,0.7214645668656772,0.10278570920246466,7.019113575843066,False
Q08379,0.7027027027027027,1.0,0.39243355778156896,0.09147118548000677,4.2902423940634815,False
Q08380,1.0,1.0,0.5671430485083739,0.2047757365583287,2.7695812894650627,False
Q08397,1.0,1.0,0.5914815087979726,0.2954257139033025,2.0021327899424954,False
Q08426,0.772972972972973,1.0,0.3619694370840776,0.09545226115560368,3.7921515184852965,False
Q08431;Q08431-4,0.9837837837837838,1.0,0.6535775260001486,0.12838048426477755,5.090941428855975,False
Q08477;Q08477-2,0.06486486486486487,0.1111111111111111,0.8976558384062345,,,False
Q08495,1.0,1.0,0.4970687339565849,0.07287338116427122,6.82099178074491,False
Q08554-2,0.8216216216216217,1.0,0.7683765082062832,0.8040077628368163,0.9556829470093501,False
Q08623;Q08623-3,0.2,0.3333333333333333,0.6472378847611964,0.057182655926681036,11.318779694162467,False
Q08722,0.9621621621621622,1.0,0.4857836459560989,0.10522383066781948,4.61666946425536,False
Q08752,0.8216216216216217,1.0,0.45249411981481735,0.05622196882503516,8.048350658494293,False
Q08830,1.0,1.0,0.6830944188144699,0.2015025486363058,3.3900038656453653,False
Q08999,0.03783783783783784,0.1111111111111111,1.295130730755325,,,False
Q08AE8;Q08AE8-2,0.6162162162162163,1.0,1.2513146695161268,0.20411795663661714,6.130350754704993,False
Q08AG7,0.20540540540540542,0.5555555555555556,0.8077820681880574,0.4159835588655092,1.9418605638912279,False
Q08AM6,0.9135135135135135,1.0,0.4689396157974741,0.045534574014091334,10.29853964709001,False
Q09019,0.41081081081081083,1.0,0.4583038964391788,0.2913747513409195,1.5729018877924184,False
Q09028;Q09028-2;Q09028-3;Q09028-4,0.1783783783783784,0.2222222222222222,0.6151244913131286,0.30694385880572383,2.004029315675163,False
Q09328,0.6162162162162163,1.0,0.5283801362106555,0.21325916194482986,2.4776433115091554,False
Q09666,1.0,1.0,0.5274022662256712,0.06563780186287715,8.035038518313861,False
Q0D2K0;Q0D2K0-2,0.9891891891891892,1.0,0.33014536108445647,0.17055146358620554,1.9357521427400939,False
Q0GE19-1,0.22162162162162163,0.4444444444444444,0.41902514296866755,0.6490660936832171,0.6455816241930776,False
Q0IIM8,0.40540540540540543,1.0,0.41194574664624994,0.5556188938587336,0.7414178156997435,False
Q0JRZ9,0.3891891891891892,0.8888888888888888,0.46047876085452266,0.37333567083443064,1.2334175296598937,False
Q0PNE2,0.3783783783783784,1.0,0.4667840584399814,0.42298058678159123,1.1035590592742932,False
Q0VD83,0.6216216216216216,1.0,0.487980271475541,0.2770965249901085,1.761047965119593,False
Q0VDF9,0.42702702702702705,1.0,0.4323092647517601,0.24448222864706537,1.7682645775282175,False
Q0VDG4-2,0.4918918918918919,0.8888888888888888,0.4550214102191692,0.26132222479090217,1.7412273700916792,False
Q0VGL1,0.7135135135135136,1.0,0.4822324132713929,0.04840301931105628,9.962858105449646,False
Q0ZGT2,0.9945945945945946,1.0,0.7179447085448523,0.024124440496297694,29.76005634845845,True
Q0ZGT2-2,0.2756756756756757,0.5555555555555556,0.6244260987544017,0.395991951540962,1.57686563154759,False
Q10469,0.6864864864864865,1.0,0.42320958591820457,0.14380845344538962,2.9428700175745637,False
Q10471,0.8864864864864865,1.0,0.4530701761675626,0.17977435782413487,2.5202157952402797,False
Q10472,0.5405405405405406,1.0,0.43269124709363904,0.1983704392762835,2.18122845657967,False
Q10567-4,0.5027027027027027,1.0,0.5906189077571575,0.23910115363885076,2.4701633545827852,False
Q10567;Q10567-2,0.9945945945945946,1.0,0.7257358481800615,0.04615957358391043,15.722325659287005,True
Q10713,0.972972972972973,1.0,0.6097261658781798,0.3449893498696941,1.7673767787570238,False
Q11201,0.4864864864864865,0.4444444444444444,0.4617198656571935,0.6892154663102472,0.6699209292690951,False
Q11206;Q11206-2;Q11206-3;Q11206-5;Q11206-6;Q11206-7,0.05405405405405406,0.1111111111111111,0.4254929506206171,,,False
Q12765,0.8540540540540541,1.0,0.5033405574641128,0.12306966924356288,4.089883076454598,False
Q12767;Q12767-2,0.32972972972972975,0.8888888888888888,0.3468088433509333,0.3711161223303927,0.9345022285024325,False
Q12768,0.8,1.0,0.3153701174395689,0.04096320360065242,7.698863607302091,False
Q12770,0.08108108108108109,0.1111111111111111,0.32393874550123236,,,False
Q12778,0.08648648648648649,0.1111111111111111,0.4529317460355413,,,False
Q12792,0.7027027027027027,1.0,0.402694564901493,0.13837070658885509,2.9102587883577926,False
Q12794;Q12794-2;Q12794-7,0.2864864864864865,0.2222222222222222,0.7264960631628128,0.2780980001874287,2.6123742805528227,False
Q12797,0.8918918918918919,1.0,0.5221579166348356,0.04171450011990352,12.51741996509494,False
Q12797-3;Q12797-4,0.9891891891891892,1.0,0.640441113830649,0.04697601898146431,13.633362888484713,True
Q12800;Q12800-4,0.41621621621621624,1.0,0.37360038258962547,0.4275204109743065,0.8738773003567272,False
Q12802;Q12802-2;Q12802-4,0.4540540540540541,0.8888888888888888,0.40620536911276517,0.12462953169463731,3.259302699684651,False
Q12805;Q12805-2;Q12805-3;Q12805-4;Q12805-5,1.0,1.0,0.5277682350695727,0.08895228105589403,5.9331613400441565,False
Q12841;Q12841-2,0.9297297297297298,1.0,0.5792621569324794,0.1230201651104732,4.708676471148424,False
Q12846,0.9297297297297298,1.0,0.4988595626701757,0.10525585651056524,4.739494591639201,False
Q12849,0.2972972972972973,0.5555555555555556,0.4221232998208695,0.10875811076509478,3.8813040871278837,False
Q12851;Q12851-2,0.8108108108108109,1.0,0.3981187457437345,0.08862636735693208,4.492102718600199,False
Q12860;Q12860-2,0.24324324324324326,0.1111111111111111,0.9090052846669945,,,False
Q12882,0.9675675675675676,1.0,0.3792036361109634,0.20002789750579097,1.895753746549204,False
Q12904,0.8648648648648649,1.0,0.45277141236403207,0.07655753629623518,5.914132484776651,False
Q12905,0.9783783783783784,1.0,0.852232437065414,0.1807255629118849,4.715616448133189,False
Q12906-7,0.9945945945945946,1.0,0.6990352782017544,0.12308975807152933,5.679069397435442,False
Q12907,1.0,1.0,0.39292284623206086,0.04416444315565826,8.896814227843839,False
Q12912;Q12912-2,0.8162162162162162,1.0,0.4498689705380716,0.06724503438815255,6.689995397152046,False
Q12913;Q12913-3,1.0,1.0,0.709133281898092,0.0284060223060969,24.964188025223365,True
Q12931;Q12931-2,0.7675675675675676,1.0,0.5428394970225305,0.08097028561003405,6.704181576398693,False
Q12933;Q12933-2;Q12933-3;Q12933-4,0.6270270270270271,1.0,0.35138139286219516,0.17127509356025783,2.0515615292224174,False
Q12955,0.3675675675675676,0.7777777777777778,0.6566686889893303,0.09400723215632212,6.985299683085802,False
Q12959-2;Q12959-4,0.7405405405405405,1.0,0.353624890811826,0.11380816198455967,3.1072014928050784,False
Q12965,0.6702702702702703,1.0,0.4904492567214138,0.0662563455683518,7.402298640444233,False
Q12974,0.5027027027027027,1.0,0.4955772049075797,0.5786582242304021,0.8564247152396086,False
Q12979;Q12979-2;Q12979-4,0.23783783783783785,0.2222222222222222,0.46669335520204136,0.38375459746256446,1.2161244667500501,False
Q12981,0.8648648648648649,1.0,0.44806276040347104,0.041245433656078134,10.863330087388771,False
Q12982;Q12982-2,0.6324324324324324,1.0,0.5818468538608386,0.13791653221391442,4.218833264734132,False
Q12986,0.5243243243243243,1.0,0.40950222066798325,0.363268114596206,1.1272726788123675,False
Q13011,0.9675675675675676,1.0,0.6829954215743292,0.14130286083921462,4.833556925301707,False
Q13017;Q13017-2,0.5459459459459459,1.0,0.4043387422547706,0.19378138683358692,2.086571620018405,False
Q13033,0.8756756756756757,1.0,0.5253351576801935,0.02446733578423199,21.47087702203958,True
Q13042;Q13042-2;Q13042-3;Q13042-4,0.6810810810810811,1.0,0.3578820188168841,0.053632197179020125,6.672894970577126,False
Q13043,0.972972972972973,1.0,0.5361155051637576,0.05790830841442762,9.258006663344124,False
Q13045,1.0,1.0,0.7200708420754065,0.019025217927513438,37.848230954246866,True
Q13045-2,0.7081081081081081,1.0,0.6349034147038921,0.16760071679535926,3.7881903302305693,False
Q13057;Q13057-2,0.7783783783783784,1.0,0.46102224077252707,0.06725604531925278,6.8547331111149115,False
Q13085;Q13085-2;Q13085-4,0.7405405405405405,1.0,0.3853354974455261,0.055116111868080964,6.991340361014887,False
Q13093,0.9945945945945946,1.0,0.8663832459918428,0.14796655694499528,5.855263945311034,False
Q13094,1.0,1.0,0.7537223218053519,0.05890559979937393,12.795427334115063,True
Q13098;Q13098-5;Q13098-7,0.9675675675675676,1.0,0.6615948689342606,0.039967400152210786,16.55336265092701,True
Q13103,1.0,1.0,0.5301154519047344,0.04718214073119853,11.235510803226505,False
Q13107,0.7297297297297297,1.0,0.33075090625887604,0.10533305576290175,3.1400485238306963,False
Q13126,0.9351351351351351,1.0,0.5365443734497415,0.0909712126134874,5.897957804842907,False
Q13131;Q13131-2,0.9135135135135135,1.0,0.5467570392828733,0.026110747028484482,20.939923269388288,True
Q13136,0.5675675675675675,1.0,0.47659833292149045,0.10418180940862598,4.574678973487183,False
Q13137;Q13137-2;Q13137-3;Q13137-4,0.22702702702702704,0.4444444444444444,0.4389029483971916,0.1491546117182434,2.9426039419169263,False
Q13144,0.7081081081081081,1.0,0.4357172473781219,0.060182441870843206,7.239939654047427,False
Q13148,0.7297297297297297,1.0,0.4380939206241461,0.19751893140440302,2.217984461080272,False
Q13151,0.04864864864864865,0.0,1.4116037853029333,,,False
Q13153,0.23243243243243245,0.4444444444444444,0.6780517262896222,0.4654195797104981,1.4568611976131007,False
Q13155,0.7405405405405405,1.0,0.36449406283993113,0.1335967917726819,2.728314490217148,False
Q13158,0.5243243243243243,1.0,0.5117124995286648,0.2276094608680186,2.248203996341725,False
Q13162,0.8324324324324325,1.0,0.5362001075706289,0.25061739261709803,2.139516742917576,False
Q13163;Q13163-4,0.12432432432432433,0.2222222222222222,0.5824853896032689,0.6332791830343503,0.9197924157435533,False
Q13164,0.21621621621621623,0.4444444444444444,0.3925453448927625,0.13084006576986962,3.0001922009363544,False
Q13177,0.9945945945945946,1.0,0.641304321202739,0.05453413312246447,11.759686722489842,False
Q13185,0.02702702702702703,0.0,0.06378051513124916,,,False
Q13188,0.7783783783783784,1.0,0.4158053570800373,0.06581424975107097,6.3178621446379255,False
Q13190;Q13190-4,0.6810810810810811,1.0,0.4561467451994945,0.1497358704989704,3.0463424941495965,False
Q13191-2,0.005405405405405406,0.0,,,,False
Q13200,0.9945945945945946,1.0,0.5193812159226674,0.02860083081311693,18.15965484766507,True
Q13201,1.0,1.0,0.6716724270602086,0.05871643011541039,11.43925858128635,False
Q13206,0.9891891891891892,1.0,1.1258303869132877,1.395853639436945,0.8065533198505122,False
Q13214;Q13214-2,0.6,0.5555555555555556,0.740521659661221,0.4013094761871656,1.8452633281847826,False
Q13217,0.9945945945945946,1.0,0.4922935496054919,0.04609707842831767,10.679495672833648,False
Q13228;Q13228-4,0.5891891891891892,0.5555555555555556,0.7170631554696811,0.3844801155171762,1.865020131158505,False
Q13232,0.33513513513513515,0.8888888888888888,0.34959153686363287,0.2736041795235584,1.2777273266526676,False
Q13239;Q13239-3;Q13239-5,0.22162162162162163,0.5555555555555556,0.56539317823791,0.47405681095315266,1.1926696656907296,False
Q13283,0.8972972972972973,1.0,0.5092113857855249,0.15555737802738,3.2734634142258265,False
Q13287,0.7513513513513513,1.0,0.3738659432132252,0.12244956758154579,3.0532238749168927,False
Q13303-2,0.3891891891891892,0.8888888888888888,0.3738787373906449,0.3155790452002636,1.1847387938999083,False
Q13308-6,0.654054054054054,1.0,0.4674300195564971,0.35562820760925007,1.3143783579453583,False
Q13310;Q13310-2;Q13310-3,0.6918918918918919,1.0,0.4183945933562052,0.34345383195846857,1.2181974822362696,False
Q13322;Q13322-3;Q13322-4,0.5135135135135135,0.8888888888888888,0.3253562411214421,0.08084600788347363,4.024394644079275,False
Q13325,0.5027027027027027,1.0,0.45248886672620436,0.41876344506065344,1.0805357345855873,False
Q13332;Q13332-3;Q13332-4,0.11891891891891893,0.2222222222222222,0.3575458399755691,0.40521189642294253,0.8823675788688551,False
Q13336,0.8756756756756757,1.0,0.6383044243143541,0.104637772155602,6.100133930271003,False
Q13347,0.9351351351351351,1.0,0.5624501162323057,0.04933260127946859,11.401185050957126,False
Q13362-2,0.03783783783783784,0.1111111111111111,0.4401290060371448,,,False
Q13362-4,1.0,1.0,0.5151428464799821,0.2788886715223704,1.8471271840048946,False
Q13363,0.7675675675675676,1.0,0.3919461184291517,0.04857758088194508,8.06845691599326,False
Q13371,0.11891891891891893,0.4444444444444444,0.5967464457865814,0.4658568280488167,1.2809653306703255,False
Q13395,0.3675675675675676,0.8888888888888888,0.49559717451579655,0.3997008819570578,1.2399201425055686,False
Q13402;Q13402-2;Q13402-6;Q13402-7;Q13402-8,0.5351351351351351,0.7777777777777778,0.7441584618253323,0.38103964791430833,1.9529685844993365,False
Q13404,0.9783783783783784,1.0,0.5831591505571332,0.14829590642576918,3.9324022126601226,False
Q13405,0.16756756756756758,0.8888888888888888,0.3924526981063057,0.24681800390976338,1.5900489100859365,False
Q13409-2;Q13409-3,0.6756756756756757,1.0,0.6049940725911611,0.032692163067448377,18.505782910203163,False
Q13418,1.0,1.0,0.7385772258932697,0.03931478845280978,18.786244437759006,True
Q13421;Q13421-2;Q13421-3;Q13421-4,0.5459459459459459,0.2222222222222222,0.5413161916768612,0.5220389863168631,1.036926754256429,False
Q13423,0.9945945945945946,1.0,0.7131368829870901,0.0597473453709334,11.93587562024179,False
Q13425,0.3783783783783784,0.7777777777777778,0.47072790214904003,0.15162426443204247,3.104568413982439,False
Q13435,0.6432432432432432,1.0,0.40185159899553824,0.30083581438533713,1.3357837723430468,False
Q13439;Q13439-3;Q13439-4;Q13439-5,0.43783783783783786,0.8888888888888888,0.45549110464709486,0.20403258008173264,2.2324429974106654,False
Q13442,0.9081081081081082,1.0,0.5392418174591782,0.2536220792531374,2.126162749895946,False
Q13443,0.8,1.0,0.5051508489805752,0.06811786681144127,7.415834826109507,False
Q13444;Q13444-3;Q13444-5,0.8,1.0,0.6274077325139356,0.26054310329369734,2.4080765316082458,False
Q13445,0.4594594594594595,1.0,0.4678160923946493,0.07437403068635362,6.290046244333584,False
Q13451,0.8108108108108109,1.0,0.45784787912402614,0.09299782026813652,4.923210864555035,False
Q13459,1.0,1.0,0.297802944721715,0.031995102803275444,9.307766458910328,False
Q13464,0.9837837837837838,1.0,0.6443269590966976,0.04088999261395543,15.757570933793565,True
Q13469;Q13469-2;Q13469-3;Q13469-4,0.5243243243243243,1.0,0.5353423110087725,0.03486471260001167,15.354846522056038,False
Q13480;Q13480-2,0.21621621621621623,0.3333333333333333,0.5410585171730675,0.07509406222187565,7.205077221344563,False
Q13485,0.20540540540540542,0.4444444444444444,0.49288431376215946,0.2811244629632652,1.753260134556718,False
Q13488,0.41081081081081083,0.7777777777777778,0.5603954227662991,0.5184536202855003,1.0808978871778392,False
Q13490,0.4810810810810811,1.0,0.37860456079795135,0.2657839237403845,1.4244825475891802,False
Q13492;Q13492-2;Q13492-3;Q13492-5,0.9891891891891892,1.0,0.49103190395607577,0.051032736732572914,9.621900281954945,False
Q13496,0.8918918918918919,1.0,0.5768106861539248,0.04662013642350438,12.372565384924858,False
Q13501,0.3081081081081081,0.6666666666666666,0.34309261570168914,0.47189711830694936,0.7270496097382857,False
Q13505,0.7243243243243244,1.0,0.4287686773045234,0.18218753825502354,2.3534467912088424,False
Q13509-2,0.3891891891891892,0.7777777777777778,0.7867677868579372,0.25978987111403207,3.0284775287201007,False
Q13510;Q13510-2,0.4702702702702703,0.8888888888888888,0.4844900028425947,0.3502354100735232,1.3833267251329273,False
Q13526,0.9243243243243243,1.0,0.6622324347048334,0.0969822249948411,6.82838978730443,False
Q13530;Q13530-2,0.32972972972972975,0.6666666666666666,0.3588311897009575,0.15088002438379622,2.3782551147273954,False
Q13535,0.31891891891891894,0.1111111111111111,1.2052632208679608,,,False
Q13546,0.8540540540540541,1.0,0.38093427557361537,0.05665343897664599,6.72393913687475,False
Q13547,0.31351351351351353,0.8888888888888888,0.5489363558770419,0.37391714235288287,1.4680695097925875,False
Q13555;Q13555-10;Q13555-11;Q13555-2;Q13555-3;Q13555-4;Q13555-5;Q13555-6;Q13555-7;Q13555-8;Q13555-9,0.6972972972972973,1.0,0.5199354809601378,0.14341422233882284,3.6254108726522656,False
Q13557-12,0.8,1.0,0.4491828361698982,0.04587897440641164,9.790603255227177,False
Q13557-4;Q13557-5,0.372972972972973,0.6666666666666666,0.38978073466083174,0.0698073070042895,5.583666687455521,False
Q13561;Q13561-2;Q13561-3,0.9945945945945946,1.0,0.7064827334688708,0.050206740664538785,14.071471760919591,True
Q13563;Q13563-3;Q13563-5,0.12432432432432433,0.1111111111111111,0.7035541125099183,,,False
Q13564;Q13564-2;Q13564-3;Q13564-4,0.8648648648648649,1.0,0.594781591210074,0.11637068861936761,5.11109453992768,False
Q13568;Q13568-4,0.21621621621621623,0.5555555555555556,0.3896044342490921,0.2718346986300322,1.433240260395693,False
Q13574-1,0.5351351351351351,1.0,0.34896830475165963,0.17677544860443106,1.9740767595648594,False
Q13576,1.0,1.0,0.7601368763641787,0.040566369966139604,18.738104419958166,True
Q13586,0.9945945945945946,1.0,0.7876656979413408,0.029545098155292493,26.659775973708996,True
Q13596,0.8324324324324325,1.0,0.3458570108013106,0.10254940417149427,3.372589178801379,False
Q13608,0.11891891891891893,0.3333333333333333,0.4762807795526207,0.43431395273113615,1.096627857699668,False
Q13609,1.0,1.0,0.6757764724291881,0.21666379185408147,3.1190097184503696,False
Q13613;Q13613-2,0.24324324324324326,0.6666666666666666,0.39105780783379984,0.21728831940487137,1.7997184980069976,False
Q13614-2,0.7027027027027027,1.0,0.38108609688486883,0.08747510188894836,4.356509322717524,False
Q13615;Q13615-2;Q13615-3,0.372972972972973,0.8888888888888888,0.42771840759718494,0.3653401574979922,1.1707401960035986,False
Q13616,0.972972972972973,1.0,0.37504383699187827,0.09284545434816316,4.0394420989690385,False
Q13617-2,0.8378378378378378,1.0,0.29785373718099706,0.07842639566608511,3.7978761442660764,False
Q13618,0.9567567567567568,1.0,0.4086069073538994,0.04944910135684566,8.263181658352472,False
Q13619,0.8648648648648649,1.0,0.3669024641038856,0.08559524313939093,4.2864819427685825,False
Q13620;Q13620-1,0.5405405405405406,1.0,0.34666392467485174,0.14506034704015747,2.389791088662457,False
Q13627;Q13627-2;Q13627-3;Q13627-4;Q13627-5,0.6378378378378379,1.0,0.3642684709971835,0.04814265196519685,7.5664396564717595,False
Q13630,0.7891891891891892,1.0,0.4179271847889501,0.11728189722768612,3.5634415427097323,False
Q13636,0.5459459459459459,1.0,0.3655071388771649,0.2167849094561234,1.6860358951836656,False
Q13637,0.9945945945945946,1.0,0.76054621036109,0.048071939868037816,15.821001034051546,True
Q13642-1;Q13642-4;Q13642-5,1.0,1.0,0.7495551901908541,0.09036334345931962,8.294903237265606,False
Q13643,0.3837837837837838,0.8888888888888888,0.701129290697116,0.207228180050973,3.38336847104798,False
Q13683;Q13683-10;Q13683-3;Q13683-7;Q13683-9,0.9513513513513514,1.0,0.5145640883729508,0.14779566061838167,3.4815913147923188,False
Q13724,0.9621621621621622,1.0,0.42777617987845407,0.05884755056223767,7.26922659977214,False
Q13740;Q13740-2,0.6270270270270271,1.0,0.3676841110578337,0.20509334156886716,1.792764739436317,False
Q13790,1.0,1.0,0.5663975573295801,0.26653213750588023,2.1250629009684965,False
Q13795,0.2972972972972973,0.8888888888888888,0.3893959312464119,0.2437438041169031,1.5975623776662315,False
Q13813,1.0,1.0,0.5914200142114421,0.04809680649528403,12.296450789709537,False
Q13822;Q13822-3,0.3027027027027027,0.2222222222222222,0.7843416425828966,0.2659814664264539,2.948858253624876,False
Q13825,0.33513513513513515,0.7777777777777778,0.39245489351839336,0.23447569773477284,1.673755094066587,False
Q13835-2,0.3675675675675676,0.6666666666666666,0.8169587200085093,0.5210610648177685,1.5678751976876752,False
Q13867,0.6324324324324324,1.0,0.7531533452435664,0.3251813962567116,2.31610219377063,False
Q13868;Q13868-3,0.2648648648648649,0.6666666666666666,0.5381455501378802,0.5019964869796656,1.072010589906138,False
Q13884,0.9837837837837838,1.0,0.7009247485901975,0.023074972800298355,30.375972906071407,True
Q13885,0.4540540540540541,0.7777777777777778,0.7326622971536274,0.08919049604125462,8.214578118443676,False
Q13907-2,0.40540540540540543,1.0,0.47229947468711764,0.49742238640048875,0.9494938056665106,False
Q13948,0.5459459459459459,1.0,0.3817734362827796,0.13334931938361017,2.862957516749823,False
Q13951,0.11351351351351352,0.1111111111111111,0.6424040846516963,,,False
Q13976-2,0.9621621621621622,1.0,0.7858789459152158,0.05762551715060482,13.63769012018259,True
Q14005;Q14005-2,0.31891891891891894,0.3333333333333333,0.8529455485259465,0.8060862269880573,1.0581318970217108,False
Q14008,0.9891891891891892,1.0,0.6835835818538065,0.05431181494385484,12.586277637019958,False
Q14011,0.9783783783783784,1.0,0.5331335909539412,0.14292311850392814,3.730212414440764,False
Q14012,0.9459459459459459,1.0,0.7461341877703163,0.03650467535441315,20.439414418189422,True
Q14019,1.0,1.0,0.9467769410890874,0.14407119298271098,6.57159090230275,False
Q14088,0.8486486486486486,1.0,0.5793243822356153,0.06607790574398109,8.767293329183406,False
Q14103;Q14103-2;Q14103-3;Q14103-4,0.9891891891891892,1.0,0.6411971913821191,0.041727803896520754,15.366185888243733,True
Q14108,0.34054054054054056,0.7777777777777778,0.44719627399900297,0.12890345705389983,3.469234140183004,False
Q14112;Q14112-2,0.9891891891891892,1.0,0.5195110968354246,0.11478064878470029,4.526120930104666,False
Q14114;Q14114-4,0.43783783783783786,0.7777777777777778,0.6356722495829317,0.36377990938289706,1.7474088952885354,False
Q14116;Q14116-2,0.8108108108108109,1.0,0.7013542707483422,0.323536205101405,2.167776773324391,False
Q14118,0.772972972972973,1.0,0.45534745307582547,0.24504698463329255,1.8582046775937398,False
Q14126,0.6432432432432432,1.0,0.5853490525413001,0.43421756689807545,1.3480547475839455,False
Q14135;Q14135-2;Q14135-4,0.05945945945945946,0.1111111111111111,0.3253783676650759,,,False
Q14139;Q14139-2,0.7351351351351352,1.0,0.3155469797263457,0.07332892864690699,4.303171825211924,False
Q14141;Q14141-2;Q14141-4,0.9567567567567568,1.0,0.7461531297634334,0.032102048578995124,23.243162439535187,True
Q14152,0.9081081081081082,1.0,0.2730484191842022,0.03473806055665207,7.860209085043912,False
Q14155-1,0.9351351351351351,1.0,0.5808067050729999,0.05863423367659237,9.905590448688105,False
Q14156,0.9297297297297298,1.0,0.3983939078571517,0.035835257980595614,11.117372395445777,False
Q14157;Q14157-5,0.8162162162162162,1.0,0.4819106693630637,0.08842718289321283,5.449802352575595,False
Q14160;Q14160-3,0.6270270270270271,1.0,0.4815870634198989,0.33515332545074017,1.4369156647102435,False
Q14161,0.7027027027027027,1.0,0.43328063699080577,0.1996907830045771,2.1697578149156467,False
Q14162;Q14162-2,0.8594594594594595,1.0,0.5012238317624362,0.11783141715943302,4.253736769407179,False
Q14164,0.05405405405405406,0.1111111111111111,0.7975685085672479,,,False
Q14165,1.0,1.0,0.679507238388247,0.03100267651323918,21.917695980154317,True
Q14166,0.9135135135135135,1.0,0.4859775195949698,0.14136597871702605,3.4377261347141856,False
Q14185,0.7243243243243244,1.0,0.3966955500200502,0.031932989684550606,12.422750075667803,False
Q14192,0.5675675675675675,1.0,0.4129980799406301,0.11053068080884643,3.736501728917021,False
Q14203-3,0.9783783783783784,1.0,0.6753219477990893,0.07500877124534533,9.003239708995984,False
Q14204,1.0,1.0,0.9133189809307432,0.02290321657408434,39.87732369278603,True
Q14213,0.5567567567567567,0.4444444444444444,0.7639741332362746,0.8297859957620224,0.9206881498821748,False
Q14232,0.8378378378378378,1.0,0.3749287620870252,0.10360659049761445,3.6187732873581817,False
Q14240,0.8378378378378378,1.0,0.4671567954926079,0.1759680508679775,2.6547818947150743,False
Q14247,1.0,1.0,0.7234143376439164,0.04054461799042386,17.84242578915845,True
Q14254,1.0,1.0,0.4673005044976968,0.022205585047579746,21.044277982156984,True
Q14257;Q14257-2,0.3621621621621622,0.7777777777777778,0.24569913540033106,0.37126459395201294,0.6617898377675314,False
Q14258,0.8702702702702703,1.0,0.3362740556554922,0.1605695022663607,2.094258566596688,False
Q14289-2,0.8216216216216217,1.0,0.305680990458872,0.1250834777778458,2.4438158891118777,False
Q14314,0.9945945945945946,1.0,0.7755406300722898,0.2474840116511281,3.1336999303435795,False
Q14315;Q14315-2,0.9081081081081082,1.0,0.5352523121868895,0.12011041917504528,4.456335394241103,False
Q14318-2,0.8432432432432433,1.0,0.4590534066178238,0.18317429286767073,2.506101699267672,False
Q14344,1.0,1.0,0.6073446402940803,0.03079783160830374,19.720370187696187,True
Q14353,0.3945945945945946,0.8888888888888888,0.6193556157590212,0.5133053310780378,1.2066027338119747,False
Q14376,0.3675675675675676,1.0,0.38564511204591057,0.21315238926105806,1.8092460205716592,False
Q14392,0.7783783783783784,1.0,0.4159289940133384,0.050991519945206676,8.156826751983036,False
Q14393;Q14393-1,0.9567567567567568,1.0,0.6521535771071587,0.43720594488259756,1.4916393172153246,False
Q14432,0.9405405405405406,1.0,0.7314937509184709,0.04453582677548518,16.424838245534108,True
Q14442,0.22162162162162163,0.7777777777777778,0.40147913479933806,0.23201859887057807,1.7303747921660646,False
Q14444;Q14444-2,0.4864864864864865,1.0,0.38359897684399336,0.44418741116805016,0.8635971376029514,False
Q14457,0.4594594594594595,1.0,0.45238176289142373,0.43367843555248164,1.043127178585938,False
Q14515,0.9405405405405406,0.8888888888888888,0.6081331885901422,0.5164436729757655,1.1775402050838548,False
Q14517,0.9945945945945946,1.0,0.6988454643692945,0.09898525648074319,7.060096515537639,False
Q14520;Q14520-2,1.0,1.0,0.9168638044435582,0.24373074607196443,3.761789676600108,False
Q14534,0.16216216216216217,0.3333333333333333,0.5446458954440931,0.15088738411976266,3.6096185153014226,False
Q14554,0.9837837837837838,1.0,0.9562933778763458,0.08499545705160827,11.251111659952548,False
Q14558-2,0.8594594594594595,1.0,0.4250482979960779,0.14802782779073453,2.8714080611718793,False
Q14571,0.9405405405405406,1.0,0.5445810458818077,0.06204236900669713,8.777566920808958,False
Q14573,0.772972972972973,0.7777777777777778,0.6798293509899214,0.09630383177626811,7.059213932102853,False
Q14574,0.7243243243243244,0.7777777777777778,0.7221358808414067,0.3236489681893495,2.2312318339260826,False
Q14596;Q14596-2,0.11351351351351352,0.1111111111111111,0.5531550267525631,,,False
Q14623,0.6756756756756757,0.5555555555555556,0.5593700271735926,0.45178924083688976,1.2381216209076191,False
Q14624,1.0,1.0,0.7376554690038226,0.38827907219067015,1.89980743706317,False
Q14624-4,0.0918918918918919,0.1111111111111111,1.0203479779383766,,,False
Q14642,0.9297297297297298,1.0,0.5698894115862032,0.04089751444062273,13.934573271282785,True
Q14643;Q14643-2;Q14643-3;Q14643-4;Q14643-5;Q14643-6;Q14643-7;Q14643-8,0.972972972972973,1.0,0.6992854426900443,0.01573432414395981,44.44330981693233,True
Q14644,1.0,1.0,0.6217858287611655,0.01952093888399631,31.852250163588142,True
Q14651,0.32972972972972975,1.0,0.46999787966544027,0.3003517273374037,1.5648249598293889,False
Q14653,0.5081081081081081,0.8888888888888888,0.42494627899706217,0.1487755722918198,2.856290669570001,False
Q14657,0.08108108108108109,0.1111111111111111,0.42228764467471613,,,False
Q14667,0.5243243243243243,1.0,0.2667425686674534,0.16804166701037815,1.5873596912781134,False
Q14677,0.5513513513513514,1.0,0.6940836370097978,0.5014088274240063,1.3842668877124893,False
Q14677-3,0.9945945945945946,1.0,0.7201934784989028,0.06060635999789454,11.883133692964273,False
Q14683,0.3837837837837838,1.0,0.5138847444250629,0.7640812624815236,0.6725524753167066,False
Q14689;Q14689-6,0.14594594594594595,0.6666666666666666,0.5225127029321328,0.46980164958143966,1.1121985276076722,False
Q14694;Q14694-2;Q14694-3,0.7081081081081081,1.0,0.7719356283601471,0.2334510220480528,3.306627752528127,False
Q14696,0.8594594594594595,1.0,0.5889934607141978,0.11575735103184925,5.088173281990042,False
Q14697,0.4486486486486487,0.8888888888888888,0.6159333871037482,0.28924064306361075,2.129484226628172,False
Q14697-2,1.0,1.0,0.5628080351172748,0.053632363473816724,10.49381378450788,False
Q14699,0.7189189189189189,1.0,0.26842102521953315,0.06263980095677191,4.285151311460457,False
Q14728,0.3027027027027027,0.8888888888888888,0.6129217869397037,0.23595736646273568,2.597595472979231,False
Q14738,0.9081081081081082,1.0,0.41608807988610597,0.1253414980405605,3.3196354470844116,False
Q14739,0.8918918918918919,1.0,0.5038532128060389,0.0798491044242482,6.31006717531864,False
Q14746;Q14746-2,0.6810810810810811,1.0,0.30991857866745587,0.12375213340431479,2.504349380829746,False
Q14761,0.8702702702702703,1.0,0.7131391391209032,0.4123989424213583,1.729245800034742,False
Q14764,0.9351351351351351,1.0,0.5291717098334079,0.1144234203628045,4.624680053747328,False
Q14766,1.0,1.0,0.6650346796274569,0.04959788240909191,13.408529705807515,True
Q14766-3,0.24864864864864866,0.6666666666666666,0.8147618533876404,0.1503987030519598,5.417346272634786,False
Q14773;Q14773-2,0.5513513513513514,1.0,0.6137376366227132,0.3845450722472705,1.5960096251813807,False
Q14789-2,0.7945945945945946,1.0,0.29148108860715993,0.09070736280738956,3.213422588705381,False
Q14790;Q14790-2;Q14790-3;Q14790-4;Q14790-9,0.41081081081081083,0.8888888888888888,0.44327722308755835,0.3258237915747584,1.3604814459531294,False
Q147X3,0.2972972972972973,0.5555555555555556,0.4416938425467496,0.13989605476244726,3.157300206190767,False
Q14847,1.0,1.0,0.6633046486866689,0.054712809598754575,12.123388536452856,False
Q14894,0.3891891891891892,1.0,0.6920833543346028,0.2699003473372752,2.5642180944278503,False
Q14914;Q14914-2,0.5081081081081081,1.0,0.46307023912555767,0.21706218357791407,2.133352901424856,False
Q14919;Q14919-2,0.2810810810810811,0.4444444444444444,0.6014862242961847,0.28646342157801197,2.099696432385114,False
Q14934;Q14934-12;Q14934-2;Q14934-4;Q14934-6;Q14934-9,0.15675675675675677,0.4444444444444444,1.072406387961756,0.235815433350556,4.547651409937829,False
Q14956;Q14956-2,0.6054054054054054,0.5555555555555556,0.6059879128614378,0.10413654028498875,5.81916694373599,False
Q14966;Q14966-3,0.8,0.7777777777777778,0.4231390793258596,0.49038698492853783,0.8628676786508149,False
Q14974,1.0,1.0,0.73052598345806,0.025342440435927927,28.826189226132886,True
Q14980,0.5891891891891892,1.0,0.41751389482106305,0.12775991517919216,3.2679568880072503,False
Q14994-3,0.2,0.3333333333333333,0.47829715392262706,0.667524800582207,0.7165234213102826,False
Q14997,0.5351351351351351,1.0,0.38067503243244616,0.41678165724644245,0.9133680089173251,False
Q14999,0.8054054054054054,1.0,0.5481932862044712,0.20181753800104296,2.7162817049211956,False
Q149N8;Q149N8-4,0.6486486486486487,0.7777777777777778,0.7421423927000035,0.0782941196173681,9.478903349663224,False
Q14BN4-3,0.972972972972973,1.0,0.6440637971382168,0.07627068329746045,8.444447712974165,False
Q14BN4-7,0.5081081081081081,0.8888888888888888,0.8721080212835357,0.1778439966817169,4.903781052808469,False
Q14C86;Q14C86-5,0.9675675675675676,1.0,0.4190217889281964,0.0653431391817545,6.4126363406366345,False
Q14CN4;Q14CN4-2,0.05405405405405406,0.0,1.1086408788124267,,,False
Q14CX7;Q14CX7-2,0.43243243243243246,1.0,0.38317055866624905,0.40214754618624404,0.9528108832194483,False
Q15003,0.41081081081081083,0.7777777777777778,0.5185626307876472,0.5826954319778608,0.8899376970014581,False
Q15005,0.918918918918919,1.0,0.5973049118659111,0.07393228759682735,8.079080619325286,False
Q15006,0.8108108108108109,1.0,0.40634409529605975,0.054324412618871776,7.479953775973267,False
Q15008,0.9351351351351351,1.0,0.4459385023862925,0.07689146909171285,5.799583590403198,False
Q15013;Q15013-3,0.16756756756756758,0.1111111111111111,0.38900368787878925,,,False
Q15018,0.6432432432432432,1.0,0.4757169182923384,0.18529823633153697,2.567304080764062,False
Q15019-2,1.0,1.0,0.7626696587540494,0.03385096566349688,22.53021867486849,True
Q15025;Q15025-2;Q15025-4;Q15025-5;Q15025-6;Q15025-7;Q15025-8,0.33513513513513515,1.0,0.3637350151292358,0.28772614312242695,1.2641708924394375,False
Q15027,0.5459459459459459,0.8888888888888888,0.4040287067396182,0.7499452800126347,0.5387442490908287,False
Q15029;Q15029-2;Q15029-3,0.20540540540540542,0.5555555555555556,0.42985859421610684,0.8139017865425444,0.5281455346622921,False
Q15031,0.2,0.1111111111111111,0.6621140208831786,,,False
Q15032;Q15032-2;Q15032-3,0.33513513513513515,0.5555555555555556,0.7530653982005617,0.38844489284283945,1.938667265488399,False
Q15036,0.8432432432432433,1.0,0.4714091417464825,0.10520743888636197,4.48075864916422,False
Q15041;Q15041-2,0.8918918918918919,1.0,0.6805051971461253,0.09365281973403228,7.266254225753314,False
Q15042,0.8486486486486486,1.0,0.33061557257349783,0.11450220612998052,2.8874166162195154,False
Q15046,0.8216216216216217,1.0,0.33100052694648685,0.22726017409539168,1.4564827659049073,False
Q15047;Q15047-3,0.9837837837837838,1.0,0.5082629357776387,0.3035814207841536,1.6742227981698974,False
Q15048,0.12972972972972974,0.1111111111111111,0.4194461669061411,,,False
Q15049;Q15049-2,0.2594594594594595,0.7777777777777778,0.3028971528448743,0.45915145449669303,0.6596889759979098,False
Q15052;Q15052-2,0.7783783783783784,1.0,0.3078613260422358,0.14559964507006917,2.114437338731691,False
Q15056,0.8864864864864865,1.0,0.6785027564514845,0.0681448348909015,9.956774530861416,False
Q15057,0.7675675675675676,1.0,0.3438314191366185,0.10032600076217157,3.427141683357739,False
Q15063,0.9837837837837838,1.0,0.9984746106116535,0.6015336310699855,1.6598816076760403,False
Q15063-3,0.5675675675675675,0.4444444444444444,0.8096845693485815,0.351331449502017,2.3046173933368097,False
Q15063-4,0.2810810810810811,0.5555555555555556,0.7179313397726395,0.5990451727985722,1.1984594357361469,False
Q15067;Q15067-2,0.9027027027027027,1.0,0.6431567569570458,0.10604421946218778,6.064986476574297,False
Q15070;Q15070-2,0.25405405405405407,0.7777777777777778,0.3909932069233335,0.22594975225766234,1.730443176045015,False
Q15075,0.8972972972972973,1.0,0.32833316734106877,0.03778292538578221,8.689987977072342,False
Q15080-3,0.1891891891891892,0.1111111111111111,0.6911983082261646,,,False
Q15084;Q15084-2;Q15084-3;Q15084-4;Q15084-5,1.0,1.0,0.8219071760807779,0.04762173206206555,17.259077746470535,True
Q15102,0.6270270270270271,1.0,0.40298779389601513,0.1272879215991285,3.1659547020113674,False
Q15113,0.9837837837837838,1.0,0.6056322252799458,0.25781772566516636,2.3490713205130582,False
Q15118,0.5513513513513514,1.0,0.4361103825131627,0.24685711644160335,1.7666510441327674,False
Q15120;Q15120-2,0.43783783783783786,1.0,0.4100254061762634,0.31143013928541663,1.3165887126951674,False
Q15121;Q15121-2,0.14054054054054055,0.0,0.6489635116569845,,,False
Q15125,0.6216216216216216,1.0,0.5159076411211547,0.16135640359508763,3.1973174266810513,False
Q15126,0.8756756756756757,1.0,0.7301655270479994,0.11892298720075267,6.139818249060752,False
Q15147-4,0.7675675675675676,1.0,0.3248647105355529,0.10539916363685364,3.08223233777124,False
Q15149-3,0.34594594594594597,0.7777777777777778,0.6139743632846768,0.3210385933357234,1.9124627880568188,False
Q15149-4,1.0,1.0,1.0194832506512945,0.055294224233783495,18.437427503113675,True
Q15149-8,0.4702702702702703,1.0,0.5635825224169153,0.391433967777985,1.439789514477114,False
Q15154;Q15154-2;Q15154-5,0.10270270270270271,0.2222222222222222,0.6575304867501508,0.31246060557093447,2.104362838152661,False
Q15165-1,0.7891891891891892,1.0,0.6834236902741226,0.18179517674469103,3.759305953611229,False
Q15166,1.0,1.0,0.49242341318177907,0.12877082110153992,3.8240294576788276,False
Q15172,0.8972972972972973,1.0,0.4161045613186838,0.10203970056415024,4.077869290267934,False
Q15173-2,0.23243243243243245,0.2222222222222222,0.5143185607038703,0.2666918848383437,1.928512226817949,False
Q15181,0.9081081081081082,1.0,0.5108252791222974,0.10681688626392294,4.782252104411201,False
Q15185;Q15185-4,0.7837837837837838,1.0,0.5859918819911485,0.13859858448647167,4.227978836597325,False
Q15208,0.8540540540540541,1.0,0.5224029380293738,0.044498567868245686,11.739769683737666,False
Q15233;Q15233-2,0.9837837837837838,1.0,0.36584957549539876,0.2354182578214683,1.5540407905526354,False
Q15257-2,0.9459459459459459,1.0,0.7982543998119755,0.05756552858018438,13.866882134158956,True
Q15276,0.8864864864864865,1.0,0.33282677872911126,0.07213682940035859,4.613825995621825,False
Q15283;Q15283-2,0.5459459459459459,1.0,0.3504122194090904,0.534229759016565,0.6559204415234103,False
Q15286,1.0,1.0,0.411072207199652,0.05442890959666258,7.552460819917982,False
Q15293,0.9135135135135135,1.0,0.35231499816219625,0.17324000763450798,2.0336814975527515,False
Q15311,0.8810810810810811,1.0,0.539952312904747,0.061253867991862165,8.814991291268038,False
Q15334,0.25405405405405407,0.6666666666666666,0.30796786667965215,0.08447085170543733,3.6458477742545177,False
Q15363,0.8918918918918919,1.0,0.5234862886355671,0.05390933631190542,9.71049403403543,False
Q15365,1.0,1.0,0.630375374285606,0.027721911759726936,22.739246115103256,True
Q15366-3;Q15366-6,0.972972972972973,1.0,0.6763646862104986,0.15697849747797754,4.308645432826783,False
Q15369,0.9297297297297298,1.0,0.5934790911517798,0.05598294104576951,10.601070255786919,False
Q15370;Q15370-2,0.9351351351351351,1.0,0.578740602988475,0.04496876100137648,12.869836528757373,True
Q15382,0.9675675675675676,1.0,0.7513278303925031,0.07319584211674979,10.264624446756283,False
Q15386,0.8864864864864865,1.0,0.3937920248054585,0.1387604458026832,2.8379270657967557,False
Q15388,0.7783783783783784,1.0,0.5858350844206548,0.06362517044979654,9.20759944970062,False
Q15389;Q15389-2,0.9513513513513514,1.0,0.571183622494285,0.047329649093359905,12.068198971169194,False
Q15392,0.5621621621621622,1.0,0.43272258580054324,0.22504633298399312,1.9228155378622478,False
Q15393,0.5567567567567567,1.0,0.43292895248022845,0.3244627705841534,1.334294691809466,False
Q15404,1.0,1.0,0.722117270658881,0.013303433542688481,54.28051850988154,True
Q15418-2,0.6054054054054054,1.0,0.41821990291526223,0.1241721465384309,3.368065339724352,False
Q15427,0.2864864864864865,0.6666666666666666,0.5057350420402997,0.2411974003667492,2.0967682125566514,False
Q15435,0.9351351351351351,1.0,0.7043716558457032,0.05376331442280957,13.101343609628113,True
Q15436,0.9567567567567568,1.0,0.5631930037601425,0.04491854328290401,12.538095908699995,False
Q15437,0.5135135135135135,1.0,0.3938573534770473,0.13545540255272215,2.9076533386975805,False
Q15438;Q15438-2,0.32972972972972975,0.6666666666666666,0.5097486944689305,0.1888898181499643,2.6986562825966,False
Q15459,0.2,0.4444444444444444,1.1108314027427628,0.3429382310529592,3.2391588401563185,False
Q15465,0.7675675675675676,0.8888888888888888,0.6232817776405479,0.31961268854564295,1.950115874550265,False
Q15475;Q9NPC8,1.0,1.0,0.44855568614828734,0.1954718350097142,2.2947330807325557,False
Q15477,0.8756756756756757,1.0,0.3868873481714967,0.09429141557070864,4.103102555304963,False
Q15485,0.9567567567567568,1.0,0.797800144385354,0.5091394648482748,1.5669579741242432,False
Q15517,0.8432432432432433,1.0,1.067614947779254,0.5348710514691142,1.9960230505032348,False
Q15526;Q15526-2,0.654054054054054,1.0,0.6017272822063386,0.09800034944974811,6.140052413944583,False
Q15555-5,1.0,1.0,0.8045275603033168,0.05334741516652386,15.080909877113736,True
Q15582,1.0,1.0,0.5492041314172518,0.02530991966661489,21.699165333253934,True
Q15628,0.5459459459459459,1.0,0.4426549322521218,0.2997062143392153,1.4769628091565477,False
Q15629;Q15629-2,0.8162162162162162,1.0,0.5470235579509026,0.1250460986806452,4.374575166458765,False
Q15631,0.8486486486486486,1.0,0.40127869701156804,0.07416144617941711,5.410880149785153,False
Q15633;Q15633-2,0.7405405405405405,1.0,0.6666008853637937,0.09308066096124712,7.161540093073942,False
Q15637;Q15637-2;Q15637-3;Q15637-4;Q15637-6,0.24324324324324326,0.4444444444444444,0.2918741256947772,0.010134794119241342,28.79921607293844,False
Q15642-2,0.8216216216216217,1.0,0.4847059533054878,0.06874645381066813,7.050632089916917,False
Q15643,0.5945945945945946,1.0,0.3196497728865282,0.17963449524806485,1.7794453812732924,False
Q15645,0.5459459459459459,1.0,0.42055424327923063,0.21373336920323993,1.967658325169262,False
Q15650,0.4810810810810811,1.0,0.31657539295217063,0.20116411088806707,1.573717058945576,False
Q15653,0.518918918918919,0.8888888888888888,0.8582362796693479,0.3325087008649481,2.5810942012549907,False
Q15654,0.41081081081081083,1.0,0.45039676390494154,0.305228085312379,1.475607211715111,False
Q15691,0.9891891891891892,1.0,0.7984294531352276,0.03430396840338901,23.275133761385696,True
Q15714-2,0.6324324324324324,1.0,0.5006011057781006,0.2068533570105462,2.4200772615577035,False
Q15717;Q15717-2,0.7891891891891892,1.0,0.4017932713420933,0.055679344328362745,7.21619976292397,False
Q15722,0.34054054054054056,0.5555555555555556,0.6154413427443721,0.09414137688635726,6.537415991772693,False
Q15738,0.827027027027027,1.0,0.5237515682863751,0.07536353241000882,6.949668513903379,False
Q15746,0.9891891891891892,1.0,0.7855283896481478,0.04797290449071312,16.374417975885013,True
Q15746-10,0.17297297297297298,0.2222222222222222,0.4656994967211112,0.6467282877305447,0.7200852437664549,False
Q15750,0.8054054054054054,1.0,0.4381269114599018,0.07510878507985552,5.833231239116517,False
Q15751,0.9675675675675676,1.0,0.49026902649615245,0.11045774082903037,4.4385212192145485,False
Q15758,0.7081081081081081,0.8888888888888888,0.5349852722623503,0.20205034402171496,2.6477820409197315,False
Q15762,0.9621621621621622,1.0,0.7342934892669737,0.0480135985005159,15.293448360449048,True
Q15771,0.8648648648648649,1.0,0.5613334821365683,0.11507597002843184,4.877938304564189,False
Q15785,0.9621621621621622,1.0,0.3983933737351055,0.09104955301418372,4.375566496993606,False
Q15796;Q15796-2,0.8702702702702703,1.0,0.5902835216027071,0.019384827291183626,30.450801172274193,True
Q15797,0.6594594594594595,1.0,0.60013327507012,0.24969357545370308,2.4034790401781634,False
Q15811-9,0.8162162162162162,1.0,0.3642142887667035,0.09805449132781519,3.714406997932042,False
Q15813;Q15813-2,0.5783783783783784,1.0,0.31027988321762656,0.08482577766347177,3.6578489671924497,False
Q15814,0.41621621621621624,0.8888888888888888,0.39433537306469546,0.1614328071038189,2.4427214030360926,False
Q15819,0.6702702702702703,1.0,0.5458955436442725,0.23807932436237067,2.2929145363895085,False
Q15828,0.24864864864864866,0.1111111111111111,0.8063655732481596,,,False
Q15831;Q15831-2,0.34594594594594597,0.7777777777777778,0.5294683723031017,0.2943769894554755,1.7986065190845486,False
Q15833,1.0,1.0,0.6472594340100493,0.017536347312521627,36.909592543703845,True
Q15836,0.9459459459459459,1.0,0.5539487616756311,0.087909998678386,6.301316915066997,False
Q15843,0.4702702702702703,0.7777777777777778,0.3548736102716852,0.6399139993763168,0.5545645361994859,False
Q15848,0.5945945945945946,0.5555555555555556,0.6270509156742738,0.41084055219085336,1.5262634429110136,False
Q15878,0.10270270270270271,0.2222222222222222,0.5274593962164573,0.12588329132430687,4.190066772702899,False
Q15904,0.972972972972973,1.0,0.374172181808448,0.12770987177326276,2.929861071920553,False
Q15907,1.0,1.0,0.7215181398807431,0.028011812520020385,25.757638473592714,True
Q15942,1.0,1.0,0.7629469369366149,0.04283973154739584,17.80933048314102,True
Q16134,0.2810810810810811,0.5555555555555556,0.37494585929269153,0.431409083274346,0.8691190654746882,False
Q16181,1.0,1.0,0.7227916747819982,0.04466813599628239,16.181370873460097,True
Q16181-2,0.21621621621621623,0.5555555555555556,0.6036584337031377,0.6690836717613884,0.9022166571693249,False
Q16186,0.5243243243243243,1.0,0.6050758819952176,0.1056762557194233,5.725750575434181,False
Q16204,0.7783783783783784,1.0,0.40553496260841904,0.11112503874108626,3.64935722140253,False
Q16270;Q16270-2,0.31891891891891894,0.2222222222222222,0.8223900320723043,0.2166235315686249,3.796402108843732,False
Q16363;Q16363-2,0.6702702702702703,1.0,0.39705257837901975,0.18370696113388618,2.1613365978529613,False
Q16401;Q16401-2,0.972972972972973,1.0,0.48405992562715916,0.15959810070943803,3.032993021066282,False
Q16512;Q16512-2,0.8486486486486486,1.0,0.36486467186413307,0.09019647313924928,4.045221050947735,False
Q16513,0.5081081081081081,1.0,0.33383156190891494,0.21812744779117565,1.530442708102048,False
Q16531,0.9621621621621622,1.0,0.4879339955656281,0.07285475799294439,6.697352499789815,False
Q16537;Q16537-2,0.6702702702702703,1.0,0.3529552109535512,0.07369298029041538,4.789536392239752,False
Q16539,0.9621621621621622,1.0,0.7137868647273358,0.04376607637787089,16.309135380667627,True
Q16539-2,0.3783783783783784,0.6666666666666666,0.5639803422141458,0.34175532339518,1.6502459613833187,False
Q16540,0.21081081081081082,0.3333333333333333,0.5475364677833205,0.31318880051752096,1.7482632421036692,False
Q16543,0.9891891891891892,1.0,0.6556469293566956,0.05937735372665642,11.04203687444485,False
Q16555-2,1.0,1.0,0.7172801826899011,0.04628379133854921,15.497437913917981,True
Q16563,0.4540540540540541,0.5555555555555556,0.40536956179627115,0.4242985683717695,0.9553875313599626,False
Q16595,0.6108108108108108,1.0,0.4440789783693493,0.17959911667355932,2.4726122633248275,False
Q16610;Q16610-4,1.0,1.0,0.8736726379039688,0.30755686660084436,2.8406864966466343,False
Q16621,0.33513513513513515,0.8888888888888888,0.5143964123693978,0.30386987687416234,1.6928180498207728,False
Q16630;Q16630-2,0.5621621621621622,0.7777777777777778,0.8144360876226884,0.43769791800656144,1.8607264373838748,False
Q16637;Q16637-3,0.2918918918918919,0.5555555555555556,0.7269831064204855,0.31946434869035656,2.2756314105181104,False
Q16643;Q16643-3,0.9891891891891892,1.0,0.7602289713796822,0.029908953961662377,25.418106308704473,True
Q16644,0.7189189189189189,1.0,0.4841730520529026,0.18735941725660332,2.584193840599909,False
Q16658,0.8648648648648649,1.0,0.37616573822445076,0.3207474567183386,1.1727785531742414,False
Q16698;Q16698-2,0.9513513513513514,1.0,0.6808212157330154,0.1294065357154306,5.261103791775746,False
Q16706,1.0,1.0,0.26405321193062825,0.04561204263948326,5.789111748791869,False
Q16718,0.5891891891891892,1.0,0.5062522825818583,0.38863309233692434,1.3026484171424195,False
Q16719,0.1837837837837838,0.4444444444444444,0.5046009643486151,0.8847431133952748,0.5703361311422558,False
Q16740,0.4702702702702703,0.8888888888888888,0.4932929604386125,0.1290914608353857,3.8212671639656146,False
Q16760;Q16760-2,0.3783783783783784,0.7777777777777778,0.3468543701102309,0.4586516857276326,0.7562478911637712,False
Q16762,0.9405405405405406,1.0,0.6608949289321364,0.07560180002593775,8.741788273630974,False
Q16769,0.2810810810810811,0.2222222222222222,0.7636168869847619,0.5157897420635384,1.480480949329726,False
Q16773;Q16773-2,0.15675675675675677,0.5555555555555556,0.5343683167607427,0.4096772449002941,1.3043641632836978,False
Q16774,0.5405405405405406,1.0,0.44005595719554247,0.17596054204507183,2.500878617905276,False
Q16775;Q16775-2,0.972972972972973,1.0,0.3310783532136874,0.16685596627822008,1.984216450861808,False
Q16795,0.6918918918918919,1.0,0.39839108581164595,0.16133144907903052,2.469395075082282,False
Q16799,0.9297297297297298,1.0,0.5818308204885705,0.043481000384840485,13.381265733053924,True
Q16822,0.9297297297297298,1.0,0.4721165401165841,0.0559047661046872,8.445014137658662,False
Q16836-2,0.9459459459459459,1.0,0.7010323578585798,0.12470748005851107,5.621413868114926,False
Q16849;Q16849-2,0.8756756756756757,0.7777777777777778,0.5066247799436026,0.49106520689379884,1.0316853501966161,False
Q16850;Q16850-2,0.15675675675675677,0.2222222222222222,0.5303978780000964,0.058238358851326666,9.10736305866926,False
Q16851,0.9945945945945946,1.0,0.7769638230668914,0.020458269435117415,37.97798369656833,True
Q16853,0.518918918918919,0.3333333333333333,0.726266108577927,0.3869177254830234,1.8770556651837678,False
Q16854;Q16854-2,0.24324324324324326,0.4444444444444444,0.5740684995545671,0.150988438106606,3.802069262742116,False
Q16864-2,0.6756756756756757,1.0,0.60072675454707,0.03698088419723611,16.244250714588578,False
Q16873,0.4486486486486487,0.7777777777777778,0.6796199522439874,0.20729047077428397,3.2785875284350006,False
Q16877;Q16877-2,0.3081081081081081,0.7777777777777778,0.38242729696915667,0.28871824982267746,1.3245691853702792,False
Q16881;Q16881-2;Q16881-3;Q16881-4;Q16881-5;Q16881-6,0.8108108108108109,1.0,0.34410811044586875,0.08557605394607393,4.021079432602837,False
Q16891-2,0.9837837837837838,1.0,0.6834953414103442,0.060006249768177256,11.390402567247554,False
Q16891-4,0.05405405405405406,0.1111111111111111,0.70731573371584,,,False
Q17RC7,0.8648648648648649,1.0,0.4984132551179812,0.11678828833248645,4.267664696814808,False
Q17RN3,0.2,0.4444444444444444,0.31278728597145644,0.32093348733965144,0.9746171662056142,False
Q17RY0;Q17RY0-2,0.2702702702702703,0.8888888888888888,0.5243156617052254,0.14989819351679667,3.497811744118676,False
Q1KMD3,0.33513513513513515,0.4444444444444444,0.8480166971101522,0.2585131836329895,3.2803615088121747,False
Q27J81,0.9945945945945946,1.0,0.6775342030901221,0.042167751761628125,16.067591341368733,True
Q2KHT3,0.21621621621621623,0.6666666666666666,0.5401973567481422,0.8845524941215013,0.6107012984963006,False
Q2KHT3-2,0.5675675675675675,1.0,0.3402961430879312,0.07724903848914089,4.405182896040416,False
Q2LD37;Q2LD37-4,0.6162162162162163,1.0,0.37402958624916494,0.10109868373361763,3.699648427022908,False
Q2M296-3;Q2M296-4,0.2972972972972973,0.3333333333333333,0.39254490062936753,0.33882015002070176,1.1585642135079133,False
Q2M2I8-2,0.9027027027027027,1.0,0.4870988006518928,0.20301878744693802,2.39927943013256,False
Q2M389,0.6918918918918919,1.0,0.372448869485444,0.043031773546514884,8.65520611375332,False
Q2M3D2,0.7837837837837838,1.0,0.402793351365613,0.12289491683056575,3.2775428126204846,False
Q2PPJ7-3,0.5027027027027027,0.8888888888888888,0.37279899041558195,0.24442953766698317,1.5251797879006443,False
Q2PZI1,0.7297297297297297,1.0,0.48275058168209206,0.09392527361887026,5.139730373754312,False
Q2Q1W2,1.0,1.0,0.4966260094563104,0.18816601980019598,2.639296988816857,False
Q2TAA2,0.2756756756756757,0.5555555555555556,0.2962997901275557,0.08519945858266098,3.4777191669602456,False
Q2TAA5,0.8108108108108109,1.0,0.538207722635268,0.07104670928156054,7.575406772217026,False
Q2TAK8;Q2TAK8-2,0.34054054054054056,0.5555555555555556,0.9091289207981159,0.4176470521664086,2.17678759153765,False
Q2TAZ0;Q2TAZ0-3,0.44324324324324327,1.0,0.4102567247069633,0.45121643916563414,0.9092237983739878,False
Q2TBE0,0.3945945945945946,0.6666666666666666,0.675464398970993,0.5244020672047549,1.2880658586482177,False
Q2VPB7,0.1837837837837838,0.4444444444444444,0.6036175380749373,0.4776920076267075,1.263612387140114,False
Q32MZ4;Q32MZ4-2;Q32MZ4-3,0.9405405405405406,1.0,0.6067084600352795,0.0965253340935881,6.285484176071672,False
Q32NB8,0.14594594594594595,0.4444444444444444,0.3581166261156792,0.4600171992293438,0.7784852973228472,False
Q32P28,0.9135135135135135,1.0,0.30219988899879624,0.07306836955774365,4.1358509958262735,False
Q32P44,0.8756756756756757,1.0,0.4783778836764361,0.057631222541049354,8.300672145826836,False
Q38SD2,0.4972972972972973,1.0,0.5372606958194801,0.35996279809891796,1.4925450592587086,False
Q3C1V0,0.12972972972972974,0.0,0.8114394969494283,,,False
Q3KQU3;Q3KQU3-4,0.23783783783783785,0.7777777777777778,0.521442327492931,0.49386884990322777,1.0558315787584216,False
Q3KQV9,0.34594594594594597,0.7777777777777778,0.44540916581007384,0.6816745401884141,0.653404432101811,False
Q3KQZ1,0.23783783783783785,0.8888888888888888,0.43374547051470635,0.34924694755953123,1.2419449147533976,False
Q3LXA3,0.9567567567567568,1.0,0.5886517011368877,0.10681100435409085,5.51115219538091,False
Q3MHD2;Q3MHD2-2,0.5513513513513514,1.0,0.3447554750671076,0.2195728776032091,1.5701186723531326,False
Q3MII6,0.2648648648648649,0.4444444444444444,0.40185772017959565,0.2862023686483415,1.404103404445826,False
Q3MJ16-2,0.1891891891891892,0.0,0.303941410619851,,,False
Q3SXM5,0.8702702702702703,1.0,0.7460925864042718,0.08911767672175053,8.371993232428785,False
Q3SXY8,0.2864864864864865,0.4444444444444444,0.36007760719367354,0.346160317584717,1.0402047516770911,False
Q3SY69,0.11891891891891893,0.1111111111111111,0.9296170855218548,,,False
Q3SY77-2,0.14594594594594595,0.1111111111111111,0.9126633384398808,,,False
Q3SY84,0.3945945945945946,0.6666666666666666,1.075993057200062,1.0240377827174676,1.0507357007323712,False
Q3V6T2;Q3V6T2-2;Q3V6T2-3;Q3V6T2-4;Q3V6T2-5,0.4648648648648649,1.0,0.3542948212282395,0.385992661482339,0.9178796816178594,False
Q3YEC7;Q3YEC7-2,0.8972972972972973,1.0,0.5183330948689289,0.061280418037735984,8.458380531114255,False
Q3ZAQ7,0.8810810810810811,1.0,0.6789188875465975,0.124615264907451,5.4481197632634775,False
Q3ZCQ8-2,0.7405405405405405,1.0,0.5446801282700644,0.17098352330999056,3.185570853412393,False
Q3ZCW2,1.0,1.0,0.8984295152564421,0.12557928446139854,7.154281210549561,False
Q460N5,0.4540540540540541,1.0,0.44318606957616424,0.1425331357781765,3.1093546574734185,False
Q495W5;Q495W5-2,0.22702702702702704,0.5555555555555556,0.5148543396292986,0.7513562342643976,0.6852333369315261,False
Q4AC94-4,0.9891891891891892,1.0,0.5014332698184738,0.27589832647734625,1.8174567284287098,False
Q4ADV7,0.2972972972972973,0.7777777777777778,0.5163986451569684,0.32152020500664946,1.6061156876479616,False
Q4AE62,0.41081081081081083,1.0,0.3344302767719416,0.20268863522579394,1.6499705392923891,False
Q4G0F5,0.9081081081081082,1.0,0.6221107502605694,0.08128996692240875,7.652983188618761,False
Q4G0N4,0.3567567567567568,1.0,0.4894715767274267,0.2034402855034525,2.405971735225077,False
Q4G0W2,0.3621621621621622,0.5555555555555556,0.4347867041135576,0.33165485636796177,1.310961367715279,False
Q4G148;Q4G148-2,0.21621621621621623,0.7777777777777778,0.46222822495841775,0.2328375827330369,1.9851959444553753,False
Q4G176,0.2,0.5555555555555556,0.3685900086367102,0.28643460232127715,1.2868208158149974,False
Q4J6C6;Q4J6C6-2,0.17297297297297298,0.2222222222222222,0.8854697383736747,0.2702160242075422,3.276895739142326,False
Q4KMP7,0.9675675675675676,1.0,0.518966327147421,0.044618310619050305,11.631241074507251,False
Q4KMQ2;Q4KMQ2-2;Q4KMQ2-3,0.9837837837837838,1.0,0.7283621682438008,0.05979273816283737,12.181448627761549,False
Q4KWH8;Q4KWH8-2;Q4KWH8-3;Q4KWH8-4,0.41621621621621624,0.8888888888888888,0.8170656261684073,0.31474298407912826,2.5959772496882474,False
Q4LDE5,1.0,1.0,0.39135460874647876,0.1708668190789311,2.2904072941493365,False
Q4V328,0.9297297297297298,1.0,0.5041020626178394,0.06377928221187013,7.9038528678207625,False
Q4VC31,0.43783783783783786,1.0,0.5012592885072404,0.3791321701954029,1.3221228054820402,False
Q504Q3-2,0.5405405405405406,1.0,0.4110219717194106,0.13379757447074958,3.0719687807888247,False
Q53EL6;Q53EL6-2,0.2702702702702703,0.5555555555555556,0.5829115261693811,0.18797931748019892,3.100934368648205,False
Q53ET0,0.12432432432432433,0.3333333333333333,0.6526948931557826,0.4571282766630915,1.4278156186711366,False
Q53FA7,0.5621621621621622,1.0,0.502809219833293,0.18948930346104653,2.6534965860838464,False
Q53FT3,0.5837837837837838,1.0,0.5056499267706132,0.07200014408532596,7.022901595465939,False
Q53GL0;Q53GL0-2,0.9405405405405406,1.0,0.32313270163493524,0.16483001544928477,1.960399632033993,False
Q53GL7,0.7189189189189189,1.0,0.6755229469814008,0.5869138130439708,1.1509746950371937,False
Q53GQ0,0.9891891891891892,1.0,0.6504164319101271,0.08789961338056784,7.399536890954245,False
Q53H12,0.7621621621621621,1.0,0.5105051045727667,0.10699914239922137,4.771113983961068,False
Q53H76;Q53H76-3,0.972972972972973,1.0,0.6929552509025552,0.33463628402328993,2.0707714135814603,False
Q53H80,0.016216216216216217,0.2222222222222222,1.486439450225106,0.3011911137210177,4.935203538580957,False
Q53H82,0.518918918918919,1.0,0.46302963854219303,0.14379574900746128,3.220050952397538,False
Q53H96;Q53H96-2,0.32972972972972975,0.6666666666666666,0.4203647143359266,0.06878371370702396,6.111398929787653,False
Q53HC0-2,0.3567567567567568,0.6666666666666666,0.32141056429399306,0.37613559211436964,0.8545071804751287,False
Q53HC9,0.6702702702702703,1.0,0.41119343280456455,0.06690079247485059,6.146316322921598,False
Q53QZ3,0.8540540540540541,1.0,0.43942930276598524,0.09331715081575709,4.708987564714474,False
Q53RD9;Q53RD9-2;Q53RD9-4,0.9945945945945946,1.0,0.48810445241656364,0.17269295010729735,2.8264295219538216,False
Q53RT3;Q53RT3-2,0.05405405405405406,0.0,0.4299071421445575,,,False
Q53S08;Q9H0N0,0.31891891891891894,0.8888888888888888,0.7117897994832418,0.15775116562481717,4.512104849837408,False
Q53T59,0.7513513513513513,1.0,0.435079686007807,0.13864739580311358,3.138029989583378,False
Q53TN4;Q53TN4-3,0.8702702702702703,1.0,0.4491814728659236,0.06646126080812387,6.75854576642365,False
Q562E7,0.5837837837837838,1.0,0.4665424349276899,0.33606175538011307,1.3882639945149147,False
Q562R1,0.8540540540540541,1.0,0.6618794720650953,0.2624961677014479,2.5214824195753183,False
Q567U6,0.7675675675675676,1.0,0.3514732332654056,0.09530008098567855,3.688068568569465,False
Q587I9,0.3783783783783784,0.8888888888888888,0.4061143970362133,0.4366841558945529,0.9299957224330316,False
Q58A45;Q58A45-3,0.3081081081081081,0.8888888888888888,0.5895969324735741,0.25545327741770585,2.3080421532799185,False
Q58FF6,0.6378378378378379,1.0,0.8165921928820818,0.38297991720585145,2.1322063016770776,False
Q58FF8,0.14594594594594595,0.0,0.6172794470636482,,,False
Q59EK9;Q59EK9-2;Q59EK9-3;Q59EK9-4,0.9891891891891892,1.0,0.4393071679337961,0.3707181364464489,1.1850166602174184,False
Q5BJD5,0.6702702702702703,1.0,0.3410899207667617,0.139517300927265,2.4447858330099375,False
Q5BJH2,0.42702702702702705,0.8888888888888888,0.6518122097453816,0.2846635402235398,2.289763589792807,False
Q5BJH7;Q5BJH7-3,0.6810810810810811,1.0,0.5061964151741449,0.09612765686207148,5.265876977532694,False
Q5BKT4,0.7027027027027027,1.0,0.39820093821603564,0.09481170188698052,4.19991341037953,False
Q5CZ79,0.41081081081081083,0.2222222222222222,1.755919539297964,1.6757965918349083,1.0478118572704134,False
Q5D862,0.6918918918918919,0.7777777777777778,0.671506075843828,0.408557967153266,1.6436004920494427,False
Q5EB52;Q5EB52-2;Q5EB52-3,0.4864864864864865,0.8888888888888888,0.5361841137577814,0.18066154181467287,2.9678929359952684,False
Q5EBM0,0.31351351351351353,0.7777777777777778,0.39291002723706914,0.28791987982067724,1.3646505669625246,False
Q5EG05;Q5EG05-2,0.4594594594594595,0.7777777777777778,0.5175079388543455,0.37366362585712665,1.3849566911075764,False
Q5GH77,1.0,1.0,0.5231030268186103,0.157100714408692,3.329730413941824,False
Q5GLZ8;Q5GLZ8-2,0.7837837837837838,1.0,0.30497457138883277,0.08743571334179379,3.487986312831471,False
Q5H8A4;Q5H8A4-2,0.43243243243243246,1.0,0.39037038470318297,0.1808271659853542,2.1588038643198133,False
Q5H9R7;Q5H9R7-2;Q5H9R7-5;Q5H9R7-6,0.8594594594594595,1.0,0.4008412863994355,0.06817038510888018,5.8799915206466995,False
Q5HYI7;Q5HYI7-4,0.2594594594594595,0.8888888888888888,0.46338270415771277,0.43690633902158993,1.0605996360579573,False
Q5HYI8,0.8486486486486486,1.0,0.5218711737242785,0.09611112123929466,5.429872911636718,False
Q5J8M3,0.6432432432432432,1.0,0.5210387092514406,0.09760311331648985,5.33834107895626,False
Q5JPI3;Q5JPI3-2,0.1891891891891892,0.3333333333333333,0.5433666276488314,0.13629080983855957,3.9868178073962945,False
Q5JQS6,0.7567567567567568,1.0,0.3566967030664925,0.07191030830953515,4.960300010550716,False
Q5JR12,0.005405405405405406,0.0,,,,False
Q5JR59,0.9945945945945946,1.0,0.5432091357023552,0.26195066039832504,2.073707830613389,False
Q5JRA6,0.5837837837837838,1.0,0.40799734560944323,0.1329318872293559,3.069221043296401,False
Q5JRX3;Q5JRX3-2,0.5567567567567567,0.8888888888888888,0.56065775693747,0.12148059636336672,4.615204186687217,False
Q5JSH3,0.9945945945945946,1.0,0.7335761124151734,0.03995059232741127,18.362083505626657,True
Q5JSL3,0.9405405405405406,1.0,0.3221834215596182,0.04279567200933876,7.528411319007029,False
Q5JSP0,0.9351351351351351,1.0,0.44123719788947113,0.09377529967174247,4.705260334373851,False
Q5JTD0;Q5JTD0-2,0.32972972972972975,1.0,0.41487480076865246,0.45961554273296024,0.9026561597584997,False
Q5JTV8,0.7675675675675676,1.0,0.45798928943869743,0.345937817481925,1.323906396740296,False
Q5JTZ9,0.2756756756756757,1.0,0.28930511662838043,0.7374941670642325,0.39228122681976846,False
Q5JU69,0.4864864864864865,0.7777777777777778,0.5324960807077472,0.2005256624348739,2.6555009181465223,False
Q5JUQ0,0.34594594594594597,1.0,0.5404918063156074,0.3880797541214047,1.3927338403397436,False
Q5JVS0,0.34594594594594597,0.8888888888888888,0.5898197698998828,0.14909294441890708,3.9560542063121624,False
Q5JXC2,0.8486486486486486,0.8888888888888888,0.6097843516495498,0.17568082912183325,3.4709783343899705,False
Q5K4L6,0.6648648648648648,1.0,0.4504888630990038,0.24062279732773106,1.872178646836329,False
Q5K651,0.6864864864864865,1.0,0.3314734451205332,0.16676170546768,1.9877072148604042,False
Q5M775-2,0.8702702702702703,1.0,0.5058075701184634,0.021421202136600925,23.612473608762837,True
Q5M775-4,0.11351351351351352,0.3333333333333333,0.35359373584609344,0.03984636554912413,8.873926918382795,False
Q5M8T2,0.5891891891891892,1.0,0.49880424996431927,0.09960162275210038,5.007993205148865,False
Q5MNV8,1.0,1.0,0.5352795351363682,0.08480463880613343,6.3119133890781285,False
Q5MNZ6,0.24864864864864866,0.3333333333333333,0.5444543566198936,0.49975030061139414,1.0894527846282605,False
Q5MNZ9;Q5MNZ9-2,0.6108108108108108,1.0,0.45860937031192783,0.2764613553035815,1.658855248713984,False
Q5NDL2,0.4594594594594595,1.0,0.3868831505372441,0.09135723768879167,4.234838534141773,False
Q5QJ74,0.35135135135135137,0.7777777777777778,0.3357012784495321,0.1760905292391417,1.9064130245961681,False
Q5R372-8,0.4540540540540541,1.0,0.47093571779326027,0.2091793064977221,2.2513494555370306,False
Q5R372;Q5R372-4,0.5135135135135135,0.8888888888888888,0.42509586903006813,0.10467458516322914,4.061118258717484,False
Q5R3I4,0.6,1.0,0.3355599263722375,0.27097496602981863,1.2383429041017457,False
Q5RI15;Q5RI15-2,0.2,0.4444444444444444,0.410970564150702,0.11246662044935007,3.6541558953999576,False
Q5RKV6,0.21081081081081082,0.5555555555555556,0.6848616489867716,0.528205470342666,1.2965818936757265,False
Q5SGD2,0.8,1.0,0.3260132621244729,0.20749772805847222,1.5711654540747713,False
Q5SQ64,0.9891891891891892,1.0,0.9004054945247759,0.04742466945894819,18.98601518570807,True
Q5SQI0;Q5SQI0-4;Q5SQI0-5,0.15675675675675677,0.2222222222222222,0.5336279694198129,0.07453320837247546,7.159600144314701,False
Q5SSJ5;Q5SSJ5-2,0.6594594594594595,0.5555555555555556,0.6955752684055199,0.4754504579867227,1.462981592973761,False
Q5SW79;Q5SW79-3,0.8540540540540541,1.0,0.4475964081596775,0.048421056293994624,9.243838164992493,False
Q5SW96,0.8756756756756757,1.0,0.4835986250425144,0.10800696708898805,4.477476204327379,False
Q5SWX8,0.8918918918918919,1.0,0.32162492671448817,0.1185923687939976,2.712020427496232,False
Q5SZK8,0.0972972972972973,0.1111111111111111,1.145086971521156,,,False
Q5T011;Q5T011-5,0.0918918918918919,0.1111111111111111,0.6045989842611981,,,False
Q5T013,0.8918918918918919,0.8888888888888888,1.1988696458464005,0.3641847542651018,3.2919270557210223,False
Q5T0D9,0.2594594594594595,0.6666666666666666,0.4682632886831799,0.5816919687439448,0.8050021555124907,False
Q5T0F9-2,0.6432432432432432,1.0,0.28977829344056794,0.2509145156261354,1.154888519372629,False
Q5T0N5-3;Q5T0N5-4,0.7405405405405405,1.0,0.3108207620105983,0.062432395038358734,4.978517351763114,False
Q5T0T0-2,0.3621621621621622,0.4444444444444444,0.8284863935714544,0.31338241718680404,2.6436913755681517,False
Q5T1J5;Q9Y6H1,0.2756756756756757,0.6666666666666666,0.40015465838332354,0.307025094669064,1.3033288331517068,False
Q5T1M5,0.7945945945945946,1.0,0.430741282650537,0.07739468206724176,5.5655152414257865,False
Q5T2E6,0.5297297297297298,1.0,0.43361303206184765,0.18647492249407271,2.3253155237301706,False
Q5T2N8,0.016216216216216217,0.1111111111111111,0.9851040919392311,,,False
Q5T2T1,0.6810810810810811,1.0,0.34464114040534355,0.1379659091197123,2.4980166666121866,False
Q5T3F8,0.9351351351351351,1.0,0.47711629386049204,0.1072730901445933,4.447679219619641,False
Q5T440,0.3945945945945946,0.8888888888888888,0.4877367106184316,0.3193489026892822,1.5272847550473225,False
Q5T447,0.9405405405405406,1.0,0.5739615413341825,0.06833756540056157,8.39891702272241,False
Q5T4F4-4,0.5783783783783784,0.6666666666666666,0.6445759303032599,0.44791410717869873,1.4390614628400205,False
Q5T4F4;Q5T4F4-2;Q5T4F4-3;Q5T4F4-8,0.4756756756756757,1.0,0.52383334836889,0.13336431793504566,3.9278373441989185,False
Q5T4S7-4,1.0,1.0,0.5589748677263096,0.013055769901287206,42.81439332591168,True
Q5T5C0,0.9675675675675676,1.0,0.47823360668298953,0.10991448120627112,4.350960869164382,False
Q5T5U3,0.7837837837837838,1.0,0.3670670920388872,0.08055470006268273,4.556743327866134,False
Q5T5Y3;Q5T5Y3-3,0.3675675675675676,1.0,0.4056998482992693,0.16173603465230002,2.50840728951617,False
Q5T653,0.22162162162162163,0.7777777777777778,0.43637889309220057,0.26254677289841055,1.6620996261913772,False
Q5T6V5,0.8702702702702703,1.0,0.5178039007197874,0.13153353824667668,3.9366682263857538,False
Q5T749,0.42702702702702705,0.5555555555555556,0.8258795701821295,0.36960805302743616,2.234473960773858,False
Q5T8I3,0.06486486486486487,0.1111111111111111,0.33812534585495424,,,False
Q5T9S5-2,0.11891891891891893,0.1111111111111111,1.3595258747233663,,,False
Q5TAQ9,0.17297297297297298,0.3333333333333333,0.3814420422884357,0.05116296454763258,7.45543276588897,False
Q5TBA9,0.5675675675675675,1.0,0.3837937545459784,0.1992064093929944,1.9266134845532512,False
Q5TC12,0.4594594594594595,1.0,0.38566226043997176,0.07700214391112148,5.008461334337865,False
Q5TC63,0.31351351351351353,1.0,0.4734895427434713,0.7384096143572396,0.6412288430935827,False
Q5TC84,0.5081081081081081,1.0,0.3902150048458015,0.35596771018360407,1.096208992227225,False
Q5TCQ9;Q5TCQ9-1,0.32432432432432434,0.8888888888888888,0.43657053107692434,0.6326827610710675,0.6900307040733257,False
Q5TCS8,0.827027027027027,1.0,0.5021813415818865,0.2074329886750963,2.4209328747051733,False
Q5TCZ1,0.8648648648648649,1.0,0.4361484624982408,0.09202153525625079,4.739634709241763,False
Q5TDH0;Q5TDH0-3,0.8432432432432433,1.0,0.34805273323016284,0.25065843487121064,1.3885538438353124,False
Q5TEU4,0.10270270270270271,0.0,0.36505324451545995,,,False
Q5TF39,0.33513513513513515,0.7777777777777778,0.4823852968128959,0.3791193215204274,1.2723838365143951,False
Q5TFE4,0.4486486486486487,1.0,0.3641725891381231,0.26141861197168303,1.3930629743285854,False
Q5THJ4;Q5THJ4-2,0.33513513513513515,0.7777777777777778,0.3968956513977506,0.44126600866710675,0.8994475975990498,False
Q5TZA2,0.4540540540540541,0.7777777777777778,0.5258503931445118,0.2881803383955468,1.8247268223508952,False
Q5U5X0,0.20540540540540542,0.7777777777777778,0.4571356454465345,0.4289907970039586,1.0656071147426414,False
Q5U651,0.010810810810810811,0.0,0.047724581737918825,,,False
Q5UCC4-2,0.4648648648648649,1.0,0.5349150361051906,0.2744883105583238,1.9487716435615967,False
Q5UE93,0.9675675675675676,1.0,0.3469715309153667,0.1773204041203016,1.9567490421461406,False
Q5VIR6,0.7243243243243244,1.0,0.35856800022019897,0.08963253156587392,4.000422546993169,False
Q5VSG8;Q5VSG8-3,0.12972972972972974,0.1111111111111111,0.9860665646169142,,,False
Q5VSL9,0.6216216216216216,1.0,0.38361900175635455,0.06547264809423758,5.859225385296702,False
Q5VST6,0.7243243243243244,1.0,0.517485012787378,0.09961364382642124,5.194921025970157,False
Q5VST9;Q5VST9-2;Q5VST9-6,0.43783783783783786,0.7777777777777778,0.611108873369071,0.31262279939852533,1.9547802480971377,False
Q5VT25;Q5VT25-2;Q5VT25-5;Q5VT25-6,0.6702702702702703,1.0,0.45027562928025056,0.4222904772890619,1.0662699101595714,False
Q5VTQ0;Q5VTQ0-2;Q5VTQ0-4;Q5VTQ0-5;Q5VTQ0-6,0.4810810810810811,1.0,0.3468872944612862,0.1710229253147446,2.0283087417835177,False
Q5VU43;Q5VU43-4,0.7081081081081081,0.8888888888888888,1.013308372950032,0.36085944338538045,2.8080417224051075,False
Q5VVQ6,0.9243243243243243,1.0,0.4493544392761297,0.048218215863041536,9.319184279909296,False
Q5VW32,0.8054054054054054,1.0,0.42570099123559935,0.3222712192033974,1.3209401456570142,False
Q5VW36,0.827027027027027,1.0,0.4513745274345169,0.12674533640408647,3.561271288084757,False
Q5VW38;Q5VW38-2;Q5VW38-3,0.8,1.0,0.7280022978054204,0.24097544485111655,3.021064234387893,False
Q5VWC8,0.7891891891891892,1.0,0.7746077757042222,0.20692418755131214,3.7434375597687843,False
Q5VWJ9,0.6216216216216216,1.0,0.38422709149054235,0.22259235492796847,1.7261468463949687,False
Q5VWZ2,0.8756756756756757,1.0,0.3556412428231823,0.13111380157746666,2.71246229263711,False
Q5VY43,0.8810810810810811,1.0,0.5831468575637402,0.04888122621341573,11.929873751892341,False
Q5VYK3,0.9891891891891892,1.0,0.2956915957571322,0.03625649817727172,8.155547574158549,False
Q5VYS8,0.6810810810810811,1.0,0.39883168124850243,0.13392783059044255,2.9779596928449323,False
Q5VZ89;Q5VZ89-7,0.7513513513513513,1.0,0.28414812253643795,0.0660543893633303,4.301729609117863,False
Q5VZE5,0.7675675675675676,1.0,0.6073031753245814,0.48237021647668854,1.2589980777843703,False
Q5VZK9,0.827027027027027,1.0,0.4634417955681993,0.10853960085317738,4.269794544344251,False
Q5W041;Q5W041-4,0.08108108108108109,0.0,0.41787007078204397,,,False
Q5W0V3,0.8810810810810811,1.0,0.5361559191854202,0.09383200422926663,5.713998369632935,False
Q5W0Z9,0.654054054054054,1.0,0.4073619636275225,0.17058310275211497,2.388055774899849,False
Q5W111,0.6108108108108108,1.0,0.5225554004384527,0.08798584383186459,5.939084944585214,False
Q5XKP0,0.34594594594594597,0.8888888888888888,0.5057858418568086,0.19700221571210985,2.567411945233861,False
Q5XPI4;Q5XPI4-2,0.7621621621621621,1.0,0.390983989163038,0.05967425349315114,6.551971181472953,False
Q60I27;Q60I27-2,0.3027027027027027,0.8888888888888888,0.4815581998082621,0.3227088188591889,1.4922374960517757,False
Q63HN8,0.8594594594594595,1.0,0.3612186740697485,0.04295249103107501,8.4097258482265,False
Q63ZY3-3,0.8216216216216217,1.0,0.4428107870535616,0.04851840159618348,9.126656536195407,False
Q641Q2,0.572972972972973,1.0,0.4193155289400057,0.3817099156006414,1.0985188275242728,False
Q643R3,0.2648648648648649,0.7777777777777778,0.516856267831594,0.34812478501419797,1.4846867849714132,False
Q658P3-2,0.9945945945945946,1.0,0.5561182347863518,0.05766011926795578,9.644763865332667,False
Q658Y4,0.6864864864864865,1.0,0.36219917801729196,0.056177470466042934,6.447409878239838,False
Q66K14;Q66K14-2,0.8054054054054054,1.0,0.39081906083985984,0.11573107005506245,3.376958846521649,False
Q66K74;Q66K74-2,0.9243243243243243,1.0,0.4375066995353176,0.049476233771947875,8.842764822236246,False
Q674X7,0.3945945945945946,1.0,0.3393999910341421,0.32435511208305634,1.046383973585202,False
Q676U5;Q676U5-2,0.5459459459459459,1.0,0.33683343038810065,0.09966122645247033,3.379784118437883,False
Q684P5,0.9351351351351351,1.0,0.7179266389800354,0.03422150831485382,20.978813451902113,True
Q684P5-2,0.032432432432432434,0.1111111111111111,0.29686716466509644,,,False
Q68BL7,0.7243243243243244,1.0,0.6878159467307956,0.1775843984662604,3.873177782909094,False
Q68CP4;Q68CP4-2,0.32432432432432434,1.0,0.5134505805027167,0.3053823536353999,1.6813367713962029,False
Q68CZ6,0.1945945945945946,0.3333333333333333,0.5171930739726731,0.5084127992033025,1.0172699719266107,False
Q68D51,0.8864864864864865,1.0,0.48756556310041965,0.03660332452952808,13.320253538912787,True
Q68D91,0.4702702702702703,0.8888888888888888,0.4056979868422985,0.25983426104961005,1.5613721808797139,False
Q68DA7-5,0.1945945945945946,0.2222222222222222,0.5321007112507754,0.0939403587875205,5.664239716758058,False
Q68DH5,0.8918918918918919,1.0,0.3299068590053871,0.1678582992067188,1.9653890249364687,False
Q68DK2;Q68DK2-2,0.1945945945945946,0.5555555555555556,0.3366274503282263,0.6479084669106179,0.5195601964168585,False
Q68DL7,0.8378378378378378,1.0,0.42392814468464834,0.2935570759682893,1.444108077743771,False
Q68EM7;Q68EM7-2,0.918918918918919,1.0,0.5021027811345258,0.04878651822713387,10.291834699022823,False
Q69YQ0;Q69YQ0-2,0.17297297297297298,0.5555555555555556,0.4429787461348065,0.1718468217792939,2.577753499006996,False
Q69YW2,0.4,0.7777777777777778,0.4976626333126877,0.3238060256318409,1.5369159123632778,False
Q6AHZ1,1.0,1.0,0.7682475209823458,0.5328400929736077,1.4417975131995149,False
Q6AWC2;Q6AWC2-2;Q6AWC2-4;Q6AWC2-6,0.21081081081081082,0.4444444444444444,0.760753677653641,0.2063022782405115,3.6875679907263965,False
Q6BDS2,0.7027027027027027,1.0,0.483204677257544,0.20196220566844758,2.3925500103261883,False
Q6DD88,0.9783783783783784,1.0,0.742006450776401,0.06228076629877677,11.913894045824778,False
Q6DHV5,0.9837837837837838,1.0,0.5606327517812044,0.5044007457928252,1.1114827970763461,False
Q6DN12;Q6DN12-2,0.22162162162162163,0.7777777777777778,0.37316948361032054,0.34554130966906804,1.0799562112203387,False
Q6DN14,0.654054054054054,1.0,0.3544152680474184,0.05048307254762463,7.020477363240337,False
Q6E0U4-16,1.0,1.0,0.6030371800355177,0.14213378211757188,4.242743498774207,False
Q6EEV4;Q6EEV4-2,0.23783783783783785,0.4444444444444444,0.46880259771032406,0.2667830146137966,1.7572430478341257,False
Q6EMK4,0.8594594594594595,0.8888888888888888,1.1150249035239437,0.3027202239809368,3.683351210767339,False
Q6F5E8;Q6F5E8-2,0.22702702702702704,0.6666666666666666,0.43299100509904154,0.4601212691735821,0.9410367094673349,False
Q6FI81;Q6FI81-3,0.8486486486486486,1.0,0.4925031637826436,0.04055077553486619,12.145345120691506,False
Q6GMV2,0.16756756756756758,0.5555555555555556,0.4719096843630055,0.2474153351412589,1.9073582649740533,False
Q6GMV3,0.6324324324324324,1.0,0.376794612331528,0.0728270769599817,5.17382583593978,False
Q6GQQ9;Q6GQQ9-2,0.23783783783783785,0.1111111111111111,0.7283390015872016,,,False
Q6GYQ0;Q6GYQ0-2;Q6GYQ0-5;Q6GYQ0-7,0.43783783783783786,1.0,0.3430826300457195,0.10722052646834435,3.1997849791104205,False
Q6IA17,0.5621621621621622,1.0,0.44940909770782955,0.1993592946370928,2.254267093620688,False
Q6IA69,0.8432432432432433,1.0,0.4017732197670414,0.20076110122420587,2.0012503284605385,False
Q6IA86-5,0.3567567567567568,0.8888888888888888,0.4081681845474803,0.5188625190442488,0.7866596055142527,False
Q6IAA8,0.9945945945945946,1.0,0.7685278363996009,0.10494338196387076,7.3232615722655545,False
Q6IAN0,0.8648648648648649,1.0,0.48232804655747064,0.08040836589511713,5.998480894221983,False
Q6IBS0,0.9513513513513514,1.0,0.7320100535143723,0.07699089552539107,9.507748267104652,False
Q6ICB4,0.2756756756756757,0.5555555555555556,0.4407482304787589,0.4768169338349253,0.9243552382544924,False
Q6ICG6;Q6ICG6-2;Q6ICG6-3,0.42702702702702705,1.0,0.32227126560231056,0.15545270186973248,2.0731145983706996,False
Q6ICL3,0.8594594594594595,1.0,0.645418320000104,0.09972290918181415,6.472116841511128,False
Q6IN84,1.0,1.0,0.5867887564940801,0.2156433073599473,2.7211081284086625,False
Q6IN85;Q6IN85-2,0.4486486486486487,0.7777777777777778,0.3122855511926801,0.49380012807520757,0.6324128598547424,False
Q6IQ19-3,0.2648648648648649,0.5555555555555556,0.8450954921814056,0.21774360236720902,3.8811495859989145,False
Q6IQ22,0.6378378378378379,1.0,0.38730445538054603,0.14170858922675933,2.7331050114456295,False
Q6ISB3-2,0.21621621621621623,0.5555555555555556,0.529644846623194,0.1079694826972748,4.905505087101455,False
Q6KB66;Q6KB66-2,0.7297297297297297,0.8888888888888888,0.8305403392417983,0.5180104140467581,1.603327494429156,False
Q6L8Q7;Q6L8Q7-2,0.5459459459459459,1.0,0.3452003483587962,0.24845400962904662,1.3893933483874796,False
Q6MZQ0,0.4810810810810811,1.0,0.4351977423479614,0.19243003383980906,2.2615894913277805,False
Q6N069,0.3027027027027027,0.7777777777777778,0.4578395636866368,0.4093511134616872,1.1184519807822335,False
Q6NUK1,0.8648648648648649,1.0,0.6570810841247781,0.09723617767748394,6.75757829872957,False
Q6NUK4,0.5891891891891892,1.0,0.40839028186442405,0.1635737604353391,2.4966735543495755,False
Q6NUQ1,0.7027027027027027,1.0,0.34810741307796,0.13827555100585265,2.517490695540429,False
Q6NVY1,0.5513513513513514,1.0,0.3684117438208627,0.2368782701395471,1.5552787666164063,False
Q6NW29,0.21621621621621623,0.2222222222222222,0.4149503413299511,0.5542777401462589,0.748632519899603,False
Q6NXE6;Q6NXE6-2,0.7027027027027027,1.0,0.35077044342267616,0.26583490380838093,1.3195048445388438,False
Q6NXT4;Q6NXT4-2,0.43783783783783786,1.0,0.36503624754202413,0.17085609838462368,2.136512837371896,False
Q6NXT6,0.7243243243243244,1.0,0.43938980821487483,0.09172431710229212,4.79033065708041,False
Q6NYC1;Q6NYC1-2;Q6NYC1-3,0.07027027027027027,0.0,0.4364034550226368,,,False
Q6NYC8,0.5567567567567567,1.0,0.4252909438237982,0.2780935270642857,1.529309036112464,False
Q6NZ67,0.572972972972973,1.0,0.48137993159725934,0.31337365810984785,1.5361212378243985,False
Q6NZI2,0.32972972972972975,0.5555555555555556,0.44528812299419407,0.0560710967328113,7.941491230608005,False
Q6P179;Q6P179-3,0.4918918918918919,0.7777777777777778,0.4467882161479686,0.46460211416427377,0.9616577336322526,False
Q6P1A2,0.9621621621621622,1.0,0.7310281351249017,0.010904771164650384,67.03745764923983,True
Q6P1L5,0.1891891891891892,0.4444444444444444,0.538253285779053,0.5704802146792458,0.9435091207881547,False
Q6P1L8,0.32432432432432434,0.8888888888888888,0.5906883367062852,0.17349069234334724,3.4047263788496607,False
Q6P1M0,0.9567567567567568,1.0,0.7050020462220612,0.02943458086354589,23.951489219103895,True
Q6P1M3;Q6P1M3-2,0.24324324324324326,0.3333333333333333,0.32635601843877815,0.24096976105384194,1.3543442837454516,False
Q6P1N0,0.8864864864864865,1.0,0.2904106707817631,0.03295257223765269,8.812989428786695,False
Q6P1N9,0.3081081081081081,0.6666666666666666,0.6223161611000805,0.47808633955472235,1.3016815366021337,False
Q6P1X6-2,0.21621621621621623,0.7777777777777778,0.42866113483502044,0.15899440437116397,2.6960768621412226,False
Q6P2E9,0.7513513513513513,1.0,0.39710802995603345,0.11134145623908509,3.5665783740363315,False
Q6P2H3;Q6P2H3-2;Q6P2H3-4,0.14054054054054055,0.2222222222222222,0.497903654786537,0.2224438239439266,2.238334362171584,False
Q6P2P2,0.40540540540540543,1.0,0.43652755925986675,0.25938773223507106,1.6829152076639542,False
Q6P3S1,0.2,0.1111111111111111,0.3631972341214169,,,False
Q6P3S6,0.11351351351351352,0.2222222222222222,0.854808088812069,0.08611408957646294,9.926460269350729,False
Q6P3W7,0.9783783783783784,1.0,0.6663444642558556,0.03025216253112717,22.026341540715904,True
Q6P3X3,0.8324324324324325,1.0,0.46033232525799583,0.06138132534429808,7.499550110329406,False
Q6P499,0.654054054054054,1.0,0.40343772669597655,0.11322746713600118,3.563072961893552,False
Q6P4A7,1.0,1.0,0.7417065245201222,0.18508878416661645,4.007301295212139,False
Q6P4E1;Q6P4E1-2,0.2972972972972973,0.5555555555555556,0.4852395670425551,0.13110229806091667,3.701228538473739,False
Q6P4F2,0.10810810810810811,0.2222222222222222,0.7255316018927553,1.5842837469314013,0.4579555924234136,False
Q6P4Q7,0.8756756756756757,1.0,0.6389376538003777,0.11578482668377887,5.518319386920938,False
Q6P587-3,0.3567567567567568,0.7777777777777778,0.42566626672024377,0.03660174488836354,11.629671427374271,False
Q6P589,0.25405405405405407,0.5555555555555556,0.20618170067204922,0.24011956670457835,0.8586626383751423,False
Q6P5Z2,0.10810810810810811,0.0,0.7776060910214655,,,False
Q6P988,0.9459459459459459,1.0,0.6881642969577015,0.18192283296500733,3.782726366679158,False
Q6P996;Q6P996-4;Q6P996-5,0.6918918918918919,1.0,0.44847219971894514,0.08434963524612726,5.316824410803078,False
Q6P9B6,0.6216216216216216,1.0,0.39263009793899606,0.14376139360856222,2.731123343225657,False
Q6P9F5,0.2972972972972973,0.7777777777777778,0.3499286577643872,0.1305688443449693,2.680031821679133,False
Q6P9F7,0.41621621621621624,0.8888888888888888,0.37438779955460255,0.3247447528888321,1.1528678946285067,False
Q6PCB7,0.25405405405405407,0.8888888888888888,0.4159364557391907,0.16860211739410857,2.4669705349366193,False
Q6PCE3,0.8054054054054054,1.0,0.4037563536750213,0.111201397443212,3.6308568323631936,False
Q6PD74,0.2648648648648649,0.5555555555555556,0.4537182188582918,0.16057192122195474,2.8256386011046595,False
Q6PEY2,0.06486486486486487,0.1111111111111111,0.916470348779308,,,False
Q6PFW1;Q6PFW1-2;Q6PFW1-5,0.25405405405405407,0.8888888888888888,0.37201887864332406,0.08345467168849918,4.4577358117459545,False
Q6PGN9;Q6PGN9-2,0.13513513513513514,0.2222222222222222,0.5255080557966494,1.180148274896815,0.44528985634673457,False
Q6PGP7,0.8648648648648649,1.0,0.3676585945496562,0.022791307932823912,16.13152679228893,True
Q6PHR2;Q6PHR2-3,0.5783783783783784,1.0,0.4438619171060729,0.12248126151045824,3.6239169292698143,False
Q6PI48,0.5351351351351351,0.8888888888888888,0.47231570976277837,0.1469030732523633,3.215151999927136,False
Q6PIU2;Q6PIU2-2,0.8594594594594595,1.0,0.43981392086513615,0.1262481888752518,3.4837245966334183,False
Q6PJ69,0.41621621621621624,1.0,0.43734021056014605,0.4040512393629463,1.0823879942793526,False
Q6PJF5;Q6PJF5-2,0.7783783783783784,1.0,0.39659994348467453,0.0709973284607841,5.5861248878362995,False
Q6PJI9,0.25405405405405407,0.8888888888888888,0.3423258916173797,0.6677373202464887,0.5126655066860925,False
Q6PJW8,0.9567567567567568,1.0,0.6713407455307916,0.10924244426658802,6.145420399899659,False
Q6PKG0,0.8594594594594595,1.0,0.34612139843256706,0.1442183627919622,2.3999814706803595,False
Q6PL24,0.9243243243243243,1.0,0.6979413676627111,0.06031240816798267,11.572102472161259,False
Q6PML9,0.2810810810810811,0.7777777777777778,0.4158940502571946,0.25076980050582875,1.6584694385779033,False
Q6Q0C0,0.44324324324324327,0.8888888888888888,0.4052229565261829,0.3042077466748907,1.3320599523037393,False
Q6Q788,1.0,1.0,0.569062842602996,0.1999897050947972,2.845460681754865,False
Q6QEF8,0.5945945945945946,0.8888888888888888,0.6893872787403357,0.20979898103661654,3.285941978050007,False
Q6QHF9,0.2702702702702703,0.7777777777777778,0.5913149978568679,0.3686807059759545,1.6038674882418007,False
Q6QNY0,0.5297297297297298,1.0,0.39770994254341563,0.2741039106441807,1.4509458898588652,False
Q6QNY1,0.4864864864864865,1.0,0.3500301231831102,0.10864387235173112,3.2218119218900694,False
Q6R327-3,1.0,1.0,0.5073813419293209,0.13112534266575437,3.8694376816437654,False
Q6RI45,0.43783783783783786,0.4444444444444444,0.9192027903340811,0.5959115890428004,1.5425153785154209,False
Q6RW13-2,0.2702702702702703,0.7777777777777778,0.5538501566602863,0.4197626265832106,1.3194365614883894,False
Q6TFL3;Q6TFL3-4,0.23783783783783785,0.2222222222222222,0.6941602469178276,0.24200222734898347,2.8684043718192807,False
Q6UB35,0.20540540540540542,0.4444444444444444,0.5765974250083374,0.26521376345833136,2.1740856035887015,False
Q6ULP2;Q6ULP2-6;Q6ULP2-8;Q6ULP2-9,0.5513513513513514,1.0,0.34415700300140095,0.09642181312934639,3.569285743877547,False
Q6UN15;Q6UN15-5,0.33513513513513515,1.0,0.5167048784056494,0.36214409296510475,1.4267936118329498,False
Q6UUV7;Q6UUV7-3,0.21621621621621623,0.6666666666666666,0.4393664574520111,0.6606980581394364,0.6650034036565693,False
Q6UVJ0,0.04864864864864865,0.3333333333333333,0.47136631612963065,0.08701613154031129,5.416999213660336,False
Q6UW02,0.8108108108108109,1.0,0.5070789140836691,0.04046629495037379,12.53089551948183,False
Q6UW63,0.32432432432432434,0.8888888888888888,0.48078277891629106,0.3468013102679981,1.3863349551498405,False
Q6UW68,0.4810810810810811,1.0,0.46347152695817684,0.22876515138739073,2.0259708445423774,False
Q6UWD8,0.35135135135135137,0.7777777777777778,0.4414519341497751,0.31954416588921397,1.3815052229832498,False
Q6UWE0;Q6UWE0-2,0.7567567567567568,1.0,0.4207786101897826,0.2737096853550405,1.537317211277974,False
Q6UWH6,0.2972972972972973,0.8888888888888888,0.22476389683186326,0.2040477749307854,1.1015258407405075,False
Q6UWJ1;Q6UWJ1-2,0.2,0.4444444444444444,0.3216435192177638,0.35807361156675377,0.8982608849906871,False
Q6UWK7,0.2702702702702703,0.3333333333333333,0.5349505685815199,0.0058011615001820616,92.21438992255796,False
Q6UWL2;Q6UWL2-2;Q6UWL2-3,0.8648648648648649,1.0,0.48936021306283983,0.05119557647995876,9.558642498232379,False
Q6UWP2,0.3567567567567568,0.7777777777777778,0.38464441779795955,0.1893713063545963,2.031165255192969,False
Q6UWP7;Q6UWP7-3,0.7189189189189189,1.0,0.4302417556850955,0.0862960465457725,4.985648507743514,False
Q6UWP8,0.9135135135135135,1.0,0.5163047681982569,0.6661905414768512,0.7750106554405313,False
Q6UWP8-2,0.4648648648648649,0.6666666666666666,0.5103735176337034,0.15209272521160067,3.3556734348973016,False
Q6UX06,0.2648648648648649,0.3333333333333333,0.7615844015918345,0.484565326395634,1.5716857152301116,False
Q6UX07,0.7135135135135136,1.0,0.3973826919010879,0.08032068422737915,4.947451527879675,False
Q6UX53,0.2594594594594595,0.6666666666666666,0.5171221790887275,0.3780935625328361,1.3677095574559464,False
Q6UX71,1.0,1.0,0.34926894182999035,0.07017987430118922,4.976767845594045,False
Q6UXB8,0.6756756756756757,0.4444444444444444,0.6486645789557084,0.7208418932038922,0.8998708108828405,False
Q6UXD5;Q6UXD5-6,0.6648648648648648,1.0,0.574189168776007,0.1731895094273117,3.315380768007755,False
Q6UXH0,1.0,1.0,0.706019795252816,0.27491782107365026,2.5681121452787665,False
Q6UXH1-6,0.3891891891891892,1.0,0.473306013146197,0.21282876241001603,2.223881808955736,False
Q6UXI7-4,0.5135135135135135,0.5555555555555556,0.5974730861650279,0.06241737643201972,9.572223638969355,False
Q6UXN9,0.16216216216216217,0.4444444444444444,0.2754892206017949,0.33900238199108035,0.812646858065568,False
Q6UXV4,0.7783783783783784,1.0,0.4437558149356873,0.09604574006512046,4.620255043428414,False
Q6UY14;Q6UY14-2;Q6UY14-3,1.0,1.0,0.4991059856276969,0.14770569139293777,3.379057238220684,False
Q6V0I7;Q6V0I7-3,0.972972972972973,1.0,0.5720057414656345,0.15234866910792455,3.75458312051563,False
Q6V1X1;Q6V1X1-3;Q6V1X1-5,0.2648648648648649,0.8888888888888888,0.4737948933910765,0.21701974392330747,2.1831879663378033,False
Q6VN20;Q6VN20-3,0.9243243243243243,1.0,0.7879261627332692,0.58259898192909,1.352433126683991,False
Q6VY07,0.9513513513513514,1.0,0.5248921390171901,0.04724606542725063,11.10975346350095,False
Q6WCQ1-2,0.8594594594594595,1.0,0.3062053760864849,0.03538558399546332,8.653393317621735,False
Q6XQN6,0.9675675675675676,1.0,0.7464214017272965,0.0822945457384936,9.070119957878994,False
Q6XUX3;Q6XUX3-2,0.33513513513513515,0.8888888888888888,0.4852870444188735,0.2518716970974024,1.9267232087264095,False
Q6XYB7,1.0,1.0,0.8268686183839549,0.09598192119316096,8.614837128753702,False
Q6XZF7,0.44324324324324327,1.0,0.46939235151429237,0.22316234964262982,2.1033671327890797,False
Q6Y1H2,0.24864864864864866,0.3333333333333333,0.4315813526149679,0.17628867201261578,2.448151362692678,False
Q6Y7W6;Q6Y7W6-3;Q6Y7W6-4;Q6Y7W6-5,0.5135135135135135,1.0,0.560422656846816,0.063479531985708,8.828399317326276,False
Q6YHK3,0.9945945945945946,1.0,0.5651322734072464,0.03570145313213402,15.829391350420535,True
Q6YN16,0.17297297297297298,0.4444444444444444,0.4169353500830075,0.20235940757689708,2.0603704817853408,False
Q6YP21;Q6YP21-3,0.41081081081081083,1.0,0.6256481272059276,0.35846662809530727,1.7453455305735837,False
Q6ZMG9-2,0.22702702702702704,0.3333333333333333,0.3956805044985314,0.07423555026344175,5.330067644064994,False
Q6ZMI0,0.7891891891891892,1.0,0.555192497130216,0.12221998197749429,4.542567329395039,False
Q6ZMP0,0.7891891891891892,0.8888888888888888,0.5319485140162374,0.48171116148492565,1.1042893678785641,False
Q6ZMW3,0.22702702702702704,0.5555555555555556,0.45678891844058,0.022287722848000513,20.495091470574334,False
Q6ZNC8,0.23783783783783785,0.5555555555555556,0.5823921515059789,0.3902889217940455,1.4922077440192008,False
Q6ZNE5,0.3081081081081081,0.5555555555555556,0.40032041901904414,0.21480025401313974,1.8636868976633323,False
Q6ZNJ1;Q6ZNJ1-3,0.9891891891891892,1.0,0.6904382221096732,0.039597059813370805,17.436603257005757,True
Q6ZRY4,0.8108108108108109,1.0,0.5573069576317993,0.1110304222142986,5.0194077129252666,False
Q6ZS11,0.6270270270270271,1.0,0.3403369004599064,0.09785012976738194,3.4781446000019174,False
Q6ZS17;Q6ZS17-2;Q6ZS17-3;Q6ZS17-4,0.7567567567567568,1.0,0.7766190485030222,0.8174432897963904,0.9500586257139175,False
Q6ZS30,0.2918918918918919,0.8888888888888888,0.3363037025742308,0.2909832215450434,1.1557494648266924,False
Q6ZS81,0.8756756756756757,0.7777777777777778,0.5101656733861244,0.15521707917460503,3.286788258734302,False
Q6ZSR9,0.6972972972972973,1.0,0.5007088441812275,0.1584380312417597,3.1602819112110696,False
Q6ZSS7,0.5567567567567567,1.0,0.358412732684684,0.37133730074694604,0.9651945332821016,False
Q6ZSY5,0.2864864864864865,0.2222222222222222,1.1713836544957807,0.9155757620082436,1.2793956580135353,False
Q6ZSZ5;Q6ZSZ5-5;Q6ZSZ5-6,0.6,0.8888888888888888,0.3179353480310443,0.15695168554200478,2.0256892873313914,False
Q6ZT12;Q6ZT12-4,0.34054054054054056,0.5555555555555556,0.39729635422706977,0.08080065772245959,4.916994062000514,False
Q6ZT21,0.5027027027027027,0.8888888888888888,0.30840185311275015,0.1606826289762271,1.9193229229425792,False
Q6ZTN6,0.2918918918918919,0.8888888888888888,0.454847881050231,0.7168209754832162,0.6345348372982716,False
Q6ZU35,0.8756756756756757,1.0,0.4090659018912959,0.07966814872251327,5.1346229133061145,False
Q6ZUT6-4,0.745945945945946,1.0,0.712655939993196,0.09126942435575103,7.808265966654916,False
Q6ZUX7,0.7135135135135136,1.0,0.503346221047587,0.1731867435254859,2.906378460621123,False
Q6ZV70,0.518918918918919,1.0,0.44078943059823317,0.12551098526612492,3.511958970472691,False
Q6ZVF9,0.5027027027027027,0.8888888888888888,0.5301226824972947,0.1301850540297682,4.072070226863956,False
Q6ZVK8,0.2810810810810811,0.5555555555555556,0.3630037746631176,0.6932726702490228,0.5236089496110197,False
Q6ZVM7,0.9459459459459459,1.0,0.6510589401583218,0.08767685233761391,7.425665073505535,False
Q6ZWH5,0.9783783783783784,1.0,0.42806783161864814,0.08643076564910857,4.952725206166945,False
Q6ZWT7,0.8378378378378378,1.0,0.5599649416090706,0.14067999677632947,3.98041622434334,False
Q6ZXV5;Q6ZXV5-2,0.2918918918918919,0.7777777777777778,0.6715833719637985,0.45025593767732097,1.4915591683881209,False
Q709C8;Q709C8-3,1.0,1.0,0.49174744492595046,0.03521683873080583,13.96341814450812,True
Q70CQ4,0.44324324324324327,0.8888888888888888,0.3746698209974717,0.3744232636122078,1.0006584991084295,False
Q70IA6,0.772972972972973,1.0,0.518008317505485,0.18974976021681478,2.729955057195279,False
Q70IA8,0.9513513513513514,1.0,0.6427938481711575,0.07742369352497569,8.302288600631048,False
Q70J99,1.0,1.0,0.8592327494099976,0.05422668651295126,15.845201037772837,True
Q70UQ0,0.8540540540540541,1.0,0.36140328436423275,0.1310640449920495,2.7574555965074627,False
Q70UQ0-4,0.6486486486486487,1.0,0.4152719760500263,0.21000315255684754,1.9774559143230614,False
Q712K3,0.3837837837837838,0.8888888888888888,0.45838692041374607,0.3792633689566616,1.2086242910164253,False
Q71RC9,0.8,1.0,0.5340180078132217,0.23241055998870053,2.2977355583119157,False
Q71RG4;Q71RG4-2,0.25405405405405407,0.7777777777777778,0.524391473365803,0.09619596599030444,5.45128340848156,False
Q71UI9-3,0.3675675675675676,0.6666666666666666,0.8173811667464079,0.4038151411051585,2.0241469017466875,False
Q765P7,0.3621621621621622,0.8888888888888888,0.4957602851338745,0.2480571705780079,1.9985726837836764,False
Q76I76,0.20540540540540542,0.6666666666666666,0.6571723627252215,0.4760338108919919,1.3805161475690397,False
Q76LX8;Q76LX8-2,1.0,1.0,0.4727230079086606,0.166743598303686,2.835029426723189,False
Q7KZF4,0.9891891891891892,1.0,0.7302291840017308,0.026055186912632422,28.026250068760447,True
Q7KZI7-12;Q7KZI7-3;Q7KZI7-6,0.2864864864864865,0.4444444444444444,0.4416714609353125,0.33203773569919015,1.3301845346139967,False
Q7KZI7-15;Q7KZI7-16,0.8432432432432433,1.0,0.3515581722524379,0.09160175934422732,3.837897599011485,False
Q7KZN9;Q7KZN9-2,0.31351351351351353,0.8888888888888888,0.4340047743527222,0.4085417413998167,1.06232663733615,False
Q7L0J3;Q7L0J3-2,0.6270270270270271,1.0,0.4160368269115713,0.10527688383889178,3.9518345503866197,False
Q7L0Y3,0.2918918918918919,0.4444444444444444,0.48406099098181166,0.19457025124152683,2.487846872238089,False
Q7L1Q6;Q7L1Q6-3;Q7L1Q6-4,0.9135135135135135,1.0,0.6243674530850463,0.06988338366283209,8.934419319153832,False
Q7L1T6,0.41081081081081083,0.7777777777777778,0.44963441467291787,0.06584609575364198,6.828566060396199,False
Q7L1V2,0.6378378378378379,1.0,0.4460875246754199,0.10117544431918013,4.4090493269111715,False
Q7L1W4,0.8918918918918919,1.0,0.42427504204510136,0.05914704665299553,7.173224464346332,False
Q7L211,0.5081081081081081,1.0,0.41619671370094125,0.28073708215173276,1.482514210488215,False
Q7L266,0.41621621621621624,0.8888888888888888,0.4152230087479616,0.17440901117655372,2.3807428638399455,False
Q7L273,0.31351351351351353,0.8888888888888888,0.4418407063615861,0.24685750081305535,1.7898613771359175,False
Q7L2H7,0.7135135135135136,1.0,0.499618841330987,0.09537127857417005,5.238671944011261,False
Q7L4E1,0.5783783783783784,1.0,0.3004790972785436,0.06606188676256508,4.548448613926274,False
Q7L523,0.6486486486486487,1.0,0.43465566851151394,0.1533319447298851,2.8347365532813042,False
Q7L576,1.0,1.0,0.6554979043712574,0.026131257165722843,25.084820841727193,True
Q7L590-2,0.3837837837837838,0.6666666666666666,0.7494128157013105,0.15795487679769593,4.744474060532723,False
Q7L591,0.9891891891891892,1.0,0.6130740315762964,0.04770600703852068,12.851086679320359,True
Q7L591-3,0.7945945945945946,1.0,0.7441551966123221,0.15403131788066737,4.8311941159189535,False
Q7L5D6,0.6810810810810811,1.0,0.4790490278965098,0.10320566001438891,4.641693370593443,False
Q7L5N1,0.9567567567567568,1.0,0.6122165784320686,0.028061169956130172,21.81721501238851,True
Q7L5N7,0.5081081081081081,0.7777777777777778,0.4498052504856931,0.06813023469728385,6.60213857304715,False
Q7L5Y1,0.3675675675675676,1.0,0.5356245043306265,0.2018700121975865,2.6533138751008125,False
Q7L5Y9,0.5783783783783784,1.0,0.343521126468346,0.1377865589490863,2.493139600033708,False
Q7L775,0.22702702702702704,0.8888888888888888,0.4312458391150358,0.437929391828515,0.9847382869517551,False
Q7L7X3,0.918918918918919,1.0,0.47023791797607295,0.0940232705521975,5.00129292689322,False
Q7L8A9,0.07567567567567568,0.1111111111111111,0.40212334687334916,,,False
Q7L8J4;Q7L8J4-2,0.25405405405405407,0.7777777777777778,0.31731752113394585,0.3841803080594488,0.8259598799760541,False
Q7L8L6,0.9027027027027027,1.0,0.6029785852215639,0.1527226284706451,3.948194129840181,False
Q7L9L4;Q7L9L4-2;Q9H8S9,0.8972972972972973,1.0,0.6319617319168547,0.15293092146957576,4.132334558924225,False
Q7LBR1,0.8756756756756757,1.0,0.49640739822016045,0.07071703645318905,7.019629542150794,False
Q7LDG7,1.0,1.0,0.7511876117945118,0.03731780583938615,20.12946889288141,True
Q7LG56;Q7LG56-2;Q7LG56-6,0.1945945945945946,0.3333333333333333,0.4692230271176099,0.9128782903477948,0.5140039281017867,False
Q7LGA3,0.43783783783783786,1.0,0.4562783620744568,0.11158065063712286,4.0892247846657845,False
Q7RTN6-4,0.23243243243243245,0.7777777777777778,0.3315369613626462,0.24236243249460188,1.3679387434355386,False
Q7RTP6,0.7513513513513513,1.0,0.29887120591587113,0.1259551927169884,2.3728375104582757,False
Q7RTR2;Q7RTR2-2,0.14594594594594595,0.1111111111111111,0.8478919002287455,,,False
Q7RTS9,0.3621621621621622,1.0,0.42251342533977443,0.2738800103237846,1.5426953753955004,False
Q7RTY7,0.34054054054054056,0.4444444444444444,0.5523156152430477,0.14541875838679275,3.7981043255366584,False
Q7Z2K6,0.654054054054054,1.0,0.3658174122795259,0.044521495947670076,8.216646913875095,False
Q7Z2W4,0.9891891891891892,1.0,0.45799656833245095,0.13151653537927643,3.4824257422205425,False
Q7Z2Z2,0.6594594594594595,1.0,0.31881531643131034,0.1669851264398492,1.9092437945133567,False
Q7Z304,0.23783783783783785,0.2222222222222222,0.8944478745230251,0.3177467001409333,2.8149714037196985,False
Q7Z392,0.7189189189189189,1.0,0.3127543345973045,0.13741822749803845,2.275930495477893,False
Q7Z3B1,0.08648648648648649,0.1111111111111111,0.5727280129569516,,,False
Q7Z3B4;Q7Z3B4-3,0.4756756756756757,0.8888888888888888,0.34306327925018376,0.331100421903451,1.0361306013382885,False
Q7Z3C6,0.9837837837837838,1.0,0.5231660163109657,0.10774752144742372,4.85548075058273,False
Q7Z3D4,0.2972972972972973,0.7777777777777778,0.3911782172080578,0.16715457462221117,2.340218436092259,False
Q7Z3D6;Q7Z3D6-2;Q7Z3D6-4,0.31351351351351353,0.7777777777777778,0.4907550579933462,0.41859745254103586,1.1723794662731173,False
Q7Z3E5;Q7Z3E5-2,0.043243243243243246,0.0,0.4816758242196588,,,False
Q7Z3J2,0.772972972972973,1.0,0.38029942173942466,0.13807023193099965,2.754391127042349,False
Q7Z3U7;Q7Z3U7-5,0.7783783783783784,1.0,0.3485829192237695,0.11251222255619986,3.098178236143654,False
Q7Z3V4,0.5081081081081081,1.0,0.3786037710068788,0.2948527547275006,1.2840435265961136,False
Q7Z3Y8,0.08648648648648649,0.0,1.3611753592107307,,,False
Q7Z401;Q7Z401-2,0.8216216216216217,1.0,0.35473606279959213,0.05919790587333651,5.992375195815327,False
Q7Z403,0.6,1.0,0.4593880840992757,0.36891403893029384,1.2452442456007398,False
Q7Z406;Q7Z406-2;Q7Z406-6,0.4540540540540541,0.5555555555555556,0.8188360905643339,0.237886486934201,3.442129484180506,False
Q7Z407;Q7Z407-3;Q7Z407-4,0.2972972972972973,0.0,0.8242659966555532,,,False
Q7Z417,0.21081081081081082,0.5555555555555556,0.43426068413988617,0.4697814631542858,0.9243887173071921,False
Q7Z422;Q7Z422-2;Q7Z422-3;Q7Z422-4;Q7Z422-5,0.44324324324324327,1.0,0.3915479168009419,0.5303767491153515,0.7382448749007742,False
Q7Z434,0.9783783783783784,1.0,0.8600228746702179,0.04002788812082869,21.485592047078324,True
Q7Z460-4,0.8540540540540541,1.0,0.3281267290324452,0.08659826089511569,3.789068344338451,False
Q7Z478,0.9297297297297298,1.0,0.5505782987890324,0.042751073212860646,12.878701221081954,True
Q7Z4G1;Q7Z4G1-2,0.32432432432432434,1.0,0.6378614424499496,0.23034416684608416,2.769166900050776,False
Q7Z4H3;Q7Z4H3-2,0.25405405405405407,0.5555555555555556,0.39437179874752104,0.9168805495728964,0.43012342112746127,False
Q7Z4H7;Q7Z4H7-3,0.1837837837837838,0.2222222222222222,0.4821777520633832,0.6228230583407388,0.7741809581487744,False
Q7Z4H8,0.4,0.7777777777777778,0.3367354218459324,0.3649705818888034,0.9226371618864518,False
Q7Z4L5,0.3621621621621622,0.3333333333333333,0.7536089425688601,0.07962370928698803,9.46462993645052,False
Q7Z4W1,0.9405405405405406,1.0,0.455654160985107,0.0862367636129413,5.283757667788084,False
Q7Z569,0.3675675675675676,1.0,0.44580167875846755,0.2845845517922978,1.5664999240149655,False
Q7Z589;Q7Z589-4;Q7Z589-5;Q7Z589-6;Q7Z589-7,0.572972972972973,0.7777777777777778,0.286376817150944,0.13128439410998105,2.1813469840980275,False
Q7Z5G4-3,0.42162162162162165,0.8888888888888888,0.3593528899252858,0.4399383327955668,0.8168255938094671,False
Q7Z5R6,0.7405405405405405,0.7777777777777778,0.6113726882908033,0.09799445111760718,6.238850070776658,False
Q7Z5Y7,0.1891891891891892,0.2222222222222222,0.4529438686475107,0.24535219722838075,1.8460966470412234,False
Q7Z698;Q7Z698-2,0.22162162162162163,0.3333333333333333,0.5327389417506811,0.23927408715992904,2.2264798836933912,False
Q7Z6B0;Q7Z6B0-2,0.5567567567567567,1.0,0.2901398553626908,0.051454530329843706,5.6387620973854125,False
Q7Z6G8,0.8162162162162162,1.0,0.6500631765194438,0.14573265398199453,4.460655582377303,False
Q7Z6I6,0.16756756756756758,0.3333333333333333,1.091396917241557,0.445350452406327,2.450647375217647,False
Q7Z6K5-2,0.3837837837837838,0.8888888888888888,0.41672486740301906,0.36295969911604775,1.148129856890203,False
Q7Z6L1;Q7Z6L1-2,0.3783783783783784,1.0,0.42573708438363234,0.5064303960026404,0.8406625821515908,False
Q7Z6Z7;Q7Z6Z7-2;Q7Z6Z7-3,0.9783783783783784,1.0,0.5422919006478377,0.0555881871104873,9.755524129073974,False
Q7Z739,0.2810810810810811,0.8888888888888888,0.3699111388234799,0.2853151233303919,1.2965002853884011,False
Q7Z745;Q7Z745-2,0.9297297297297298,1.0,0.3885535527909889,0.12853864004273774,3.022854082335078,False
Q7Z794,0.5783783783783784,0.5555555555555556,0.7662316786017254,0.18736293579544672,4.089558456952543,False
Q7Z7A4,0.6378378378378379,1.0,0.5034643629438449,0.20757596555576008,2.425446325618087,False
Q7Z7B0,0.22702702702702704,0.2222222222222222,0.39940413777793093,0.14597644153197908,2.7360862724581034,False
Q7Z7E8,0.5783783783783784,1.0,0.4892260818497256,0.18413016916753655,2.6569577601625296,False
Q7Z7F0;Q7Z7F0-2;Q7Z7F0-3,0.8756756756756757,1.0,0.44069076438262744,0.12769086323280376,3.45123177356212,False
Q7Z7G0,0.43783783783783786,0.4444444444444444,0.7428028718568473,0.49844396844767935,1.490243475450577,False
Q7Z7G8;Q7Z7G8-2;Q7Z7G8-6,0.31351351351351353,0.7777777777777778,0.4100755927714612,0.15579250158480207,2.632190821765873,False
Q7Z7H5;Q7Z7H5-3,0.8810810810810811,1.0,0.6683186952026983,0.0718333206266184,9.303742182218533,False
Q7Z7H8,0.2972972972972973,0.1111111111111111,0.5923976594983706,,,False
Q7Z7K0,0.6594594594594595,1.0,0.5204132886438613,0.14814142859246182,3.5129490351785533,False
Q7Z7L7,0.32432432432432434,0.7777777777777778,0.46506602001474207,0.4160986324828855,1.1176821640572698,False
Q7Z7N9,0.17297297297297298,0.7777777777777778,0.5143699948467031,0.5389651441518577,0.9543659741784253,False
Q86SF2,0.4918918918918919,1.0,0.4071425353427429,0.19081342058531092,2.133720647603575,False
Q86SQ4;Q86SQ4-3,0.9891891891891892,1.0,0.5495078668293196,0.29581312071127286,1.8576183014061247,False
Q86SR1;Q86SR1-2,0.5135135135135135,1.0,0.4973009387171494,0.2248457807159383,2.2117423646273386,False
Q86SX6,0.34054054054054056,0.8888888888888888,0.5077697339361258,0.2950547525996017,1.7209339265420505,False
Q86SZ2,0.7189189189189189,1.0,0.41291487182756725,0.062281891226621866,6.629774139727316,False
Q86T03;Q86T03-2,0.5297297297297298,1.0,0.5311102374323999,0.28887842124750307,1.8385251315720785,False
Q86TB9-2,0.4918918918918919,1.0,0.44579523318669523,0.25047940081736364,1.7797680437272587,False
Q86TH1,1.0,1.0,0.5288725262222691,0.3024327963123774,1.7487274286086558,False
Q86TI0,0.6756756756756757,1.0,0.7816595846566212,0.09405693823236838,8.310493615319746,False
Q86TI2,0.7297297297297297,1.0,0.3311693030402765,0.05390090102967626,6.144040205523546,False
Q86TL0,0.372972972972973,0.7777777777777778,0.507155179768418,0.41202459726362406,1.2308856877394794,False
Q86TM6;Q86TM6-2;Q86TM6-3,0.2,0.3333333333333333,0.44321959554907586,0.009377436846776277,47.26447138926277,False
Q86TP1,0.9837837837837838,1.0,0.793248904221663,0.12157866981138277,6.524572981858659,False
Q86TU7,0.745945945945946,1.0,0.7010121882635971,0.2256731849338376,3.106315836633929,False
Q86TV6,0.9081081081081082,1.0,0.4283385447451815,0.029255387144468514,14.641356227144305,True
Q86TX2,0.5945945945945946,1.0,0.3064334031339744,0.11050909026420896,2.7729248553340073,False
Q86U17,0.9783783783783784,1.0,0.5351113438375759,0.31791279165676833,1.6832016763116093,False
Q86U28,0.12432432432432433,0.3333333333333333,0.3797296354383555,0.09995391722521774,3.7990470606844022,False
Q86UD1,1.0,1.0,0.4343052179786966,0.1835006772395147,2.366777194025386,False
Q86UE4,0.918918918918919,1.0,0.583519463582185,0.09355440291314387,6.237220755114282,False
Q86UF1,0.25405405405405407,0.6666666666666666,0.5476646989722731,0.2344174779631949,2.3362792899694114,False
Q86UK7;Q86UK7-2;Q86UK7-3,0.3837837837837838,0.8888888888888888,0.5828031962295839,0.38823950636892945,1.5011434608506014,False
Q86UL3,0.2810810810810811,0.8888888888888888,0.3282387171647958,0.5561800161662624,0.59016632677193,False
Q86UL8;Q86UL8-2,0.7891891891891892,0.8888888888888888,0.5236114284451894,0.2606210080560043,2.0090914095945465,False
Q86UP2,0.918918918918919,1.0,0.4533729941491762,0.06582365455276573,6.887691016695862,False
Q86UR5;Q86UR5-3;Q86UR5-4,0.04864864864864865,0.1111111111111111,0.4660686247549837,,,False
Q86UT6,0.7243243243243244,1.0,0.613640532670173,0.15226965014979932,4.029959562306,False
Q86UU1-2,0.2756756756756757,0.7777777777777778,0.461675357513764,0.22948956637028672,2.0117487902209903,False
Q86UX2,0.9297297297297298,1.0,0.5940720221369542,0.09918798952930885,5.989354406275299,False
Q86UX7;Q86UX7-2,1.0,1.0,0.7516032547550893,0.03153454966875202,23.834278993996936,True
Q86UY8;Q86UY8-2,0.3837837837837838,1.0,0.44319722176756216,0.31985983432148046,1.3855982346383615,False
Q86V21,0.3945945945945946,0.8888888888888888,0.36628958928188915,0.5192569364943829,0.705411066349523,False
Q86V48,0.5081081081081081,1.0,0.46043638824284905,0.13632727366590558,3.377434139636878,False
Q86V81,0.11351351351351352,0.0,0.7551968716758228,,,False
Q86V85,0.24324324324324326,0.7777777777777778,0.4326406440422872,0.28450002371966576,1.520705124680738,False
Q86V87,0.14054054054054055,0.3333333333333333,0.46052740131869463,0.243957046782187,1.8877396959550379,False
Q86V88,0.4486486486486487,1.0,0.43356489098019324,0.39711974666204775,1.0917736894840453,False
Q86V97,0.14054054054054055,0.2222222222222222,0.5911096914641929,0.10479921593714003,5.640401850131669,False
Q86VB7;Q86VB7-2;Q86VB7-3;Q86VB7-4,0.6972972972972973,0.6666666666666666,0.8501243825123233,0.4071601915174812,2.087935903910252,False
Q86VH2;Q86VH2-3,0.12432432432432433,0.1111111111111111,0.3548961848661385,,,False
Q86VN1,0.9027027027027027,1.0,0.47454301567334767,0.08672577339701704,5.4717645872232685,False
Q86VP3,0.4810810810810811,1.0,0.34498561923171067,0.2708373605121963,1.2737741151342203,False
Q86VP6,1.0,1.0,0.601572603263838,0.04022692620200807,14.954476020437482,True
Q86VQ1,0.2918918918918919,0.8888888888888888,0.4592512698865505,0.3941976787892134,1.1650278390708708,False
Q86VR2,0.5945945945945946,1.0,0.5927476335788135,0.24945566468446856,2.376164254792803,False
Q86VS8,0.7945945945945946,1.0,0.3578950934639096,0.11522854919920356,3.105958514197654,False
Q86VU5,0.24864864864864866,0.6666666666666666,0.4781670134778606,0.8247030295757689,0.5798050890195371,False
Q86VW0,0.7405405405405405,1.0,0.3787058497885205,0.11795738205823803,3.2105311526967046,False
Q86VX2;Q86VX2-2,0.7027027027027027,1.0,0.47141055910588925,0.170780316554886,2.7603330911638495,False
Q86VZ5,0.2702702702702703,0.6666666666666666,0.4402335165749838,0.3720670399413484,1.1832101995500084,False
Q86W34,0.41621621621621624,1.0,0.7094423473045168,0.5158713746044512,1.375231079352848,False
Q86W56;Q86W56-2;Q86W56-3,0.14054054054054055,0.2222222222222222,0.5515785800381208,0.7648358350225166,0.7211725115127253,False
Q86W92;Q86W92-2;Q86W92-4,0.2972972972972973,1.0,0.3741713408115306,0.35221151127633554,1.0623484151770552,False
Q86WI1,0.9891891891891892,1.0,0.7710087013509579,0.04052503299093679,19.025492256191125,True
Q86WI3;Q86WI3-4,0.25405405405405407,0.5555555555555556,0.4321852436343363,0.15989700773704385,2.702897632362701,False
Q86WN1,0.1945945945945946,0.4444444444444444,0.4042557139050311,0.1768756510521321,2.2855362595153434,False
Q86WR0,0.4594594594594595,1.0,0.3299820950398651,0.474371898963982,0.6956189769262026,False
Q86WR7,0.9351351351351351,1.0,0.6766308982956133,0.009824707324913362,68.87033637936692,True
Q86WV6,0.745945945945946,1.0,0.7064245154256952,0.1891836106451219,3.734068257904403,False
Q86X10-3,0.918918918918919,1.0,0.3541735274809863,0.159772096186229,2.2167420715827912,False
Q86X19,0.5027027027027027,1.0,0.4252811635815803,0.14157381618018583,3.003953520899023,False
Q86X29;Q86X29-4;Q86X29-5,0.9945945945945946,1.0,0.45283569218577835,0.1486951713956568,3.0453960806894442,False
Q86X52,0.32972972972972975,1.0,0.5329291522121107,0.34741335425990627,1.5339915569665081,False
Q86X55;Q86X55-1,0.9891891891891892,1.0,0.5023053745370181,0.10420758801063279,4.820237989634358,False
Q86X76;Q86X76-2;Q86X76-4,0.7297297297297297,1.0,0.45940259771442804,0.10170018819717619,4.517224656691282,False
Q86X83;Q86X83-2,0.7081081081081081,1.0,0.4349226072668255,0.16625378293706383,2.616016307018214,False
Q86XA9,0.6,1.0,0.4021964449520361,0.18779603371829978,2.1416663440046024,False
Q86XH1;Q86XH1-5,1.0,1.0,0.6176188759552321,0.37878625923378806,1.6305208040137376,False
Q86XL3,0.5297297297297298,1.0,0.3796271785566887,0.0771292382104658,4.921961986980658,False
Q86XP1;Q86XP1-2,0.4594594594594595,1.0,0.43808883941633425,0.26382570752554635,1.6605236977291682,False
Q86XP3,0.043243243243243246,0.0,0.33359910400547754,,,False
Q86XP6,0.4972972972972973,0.8888888888888888,0.7942900426512871,0.30105743313841504,2.6383339363891474,False
Q86XR8;Q86XR8-2;Q86XR8-3;Q86XR8-4;Q86XR8-5,0.8864864864864865,0.7777777777777778,0.6810268772361621,0.5072340159148929,1.3426285617059823,False
Q86XS8;Q86XS8-2,0.6432432432432432,0.6666666666666666,0.7869941009833035,0.08144168646935412,9.663283449802371,False
Q86XX4-2,0.6594594594594595,0.5555555555555556,0.6004749396473965,0.025775670828315,23.296190568501707,False
Q86Y07,0.3891891891891892,0.8888888888888888,0.5538358723614305,0.14517793766723308,3.8148762908514042,False
Q86Y37,0.14054054054054055,0.2222222222222222,0.33717904304080726,0.48387339780415406,0.6968331893651223,False
Q86Y39,0.44324324324324327,0.8888888888888888,0.41487888326379085,0.1571960175323346,2.639245508738489,False
Q86Y46,0.4594594594594595,0.4444444444444444,0.8181427482012165,0.6697064464782221,1.2216438299251482,False
Q86Y56,0.06486486486486487,0.2222222222222222,0.3469236148814101,0.8855768444701937,0.3917487421308549,False
Q86Y82,0.9567567567567568,1.0,0.6121526035840805,0.08993191725724081,6.806844802753201,False
Q86YB8,0.6648648648648648,1.0,0.4925642511791164,0.29364205631373785,1.677430874046335,False
Q86YC3,0.2648648648648649,1.0,0.3793757506721658,0.3685013034847966,1.0295099286882654,False
Q86YL5;Q86YL5-2,0.8324324324324325,1.0,0.6234955221887892,0.07512768647828416,8.299144448817975,False
Q86YQ8,0.16216216216216217,0.3333333333333333,0.5518983085763818,0.15458725735008905,3.5701410196217824,False
Q86YS6,0.13513513513513514,0.3333333333333333,0.3591309180572715,0.4612672168065437,0.7785745549913894,False
Q86YS7-3,0.8648648648648649,1.0,0.37342976881644496,0.10647059349185639,3.507351246661431,False
Q86YT6,0.40540540540540543,1.0,0.5622760169915875,0.27655977611463634,2.033108447262119,False
Q86YV0,0.772972972972973,1.0,0.5246851723493826,0.30136766525291314,1.7410134956218923,False
Q86YV9,0.22162162162162163,0.6666666666666666,0.4700507439096633,0.5059610572735398,0.9290255389270756,False
Q86YW5,0.972972972972973,1.0,0.739368782494255,0.08799876174208165,8.402036208887736,False
Q86YW5-2,0.7675675675675676,1.0,0.540534992379051,0.26045500914436914,2.075348806516655,False
Q86YZ3,0.9459459459459459,1.0,0.8853418478994026,0.6376644202493438,1.3884134346922012,False
Q8IU68,0.7135135135135136,1.0,0.4099076674639113,0.20894894414748677,1.9617599367938305,False
Q8IUD2,0.7945945945945946,1.0,0.2799023281165294,0.14459834245856662,1.9357229367738633,False
Q8IUE6,0.4594594594594595,0.8888888888888888,0.8679864219124465,0.19621075632362128,4.423745355126344,False
Q8IUF1;Q9BRT8;Q9BRT8-3,0.3027027027027027,0.5555555555555556,0.39693261024605064,0.25451714121805935,1.5595515820522903,False
Q8IUG5;Q8IUG5-3,0.8054054054054054,1.0,0.3612435747810032,0.3455148665469281,1.0455225223483657,False
Q8IUH4;Q8IUH4-2;Q8IUH4-3,0.032432432432432434,0.1111111111111111,0.5851472698495632,,,False
Q8IUH5,0.14054054054054055,0.4444444444444444,0.2736561126086672,0.37575957670366744,0.7282744860671339,False
Q8IUI8,0.8594594594594595,1.0,0.4608315006486077,0.08209114861268674,5.613656386059978,False
Q8IUR0,0.8648648648648649,1.0,0.32471880301003697,0.048509919166249915,6.6938640301003725,False
Q8IUR7;Q8IUR7-7,0.8108108108108109,1.0,0.33067780538995883,0.12069272825497279,2.7398320526102964,False
Q8IUW3,0.4810810810810811,1.0,0.5409981260019201,0.39641300192745454,1.364733556597433,False
Q8IUX4,0.32972972972972975,1.0,0.6166198504207028,0.42746349626677294,1.4425087891853121,False
Q8IUX7,0.9783783783783784,1.0,0.6799366481656559,0.13089600003800328,5.194479953308341,False
Q8IUZ5,0.2648648648648649,0.5555555555555556,0.6208821425002462,0.6194464956261676,1.002317628534854,False
Q8IV03,0.24864864864864866,0.8888888888888888,0.5766213228853214,0.4044067414091437,1.425844981901392,False
Q8IV04,0.25405405405405407,0.0,0.706082972018887,,,False
Q8IV33,0.9351351351351351,1.0,0.7558113635671759,0.5300557331492648,1.4259092323680949,False
Q8IV38,0.7027027027027027,1.0,0.35984971547392597,0.0797791760305877,4.510571973517975,False
Q8IV61;Q8IV61-2,0.3027027027027027,0.8888888888888888,0.42752728992410294,0.3077653950294863,1.3891337259770304,False
Q8IVB4,0.8432432432432433,1.0,0.6668571533088521,0.14395268341256617,4.632474626385739,False
Q8IVD9,0.3027027027027027,0.8888888888888888,0.46850817018747826,0.023487147973415112,19.947427023399282,False
Q8IVF2;Q8IVF2-3,0.9945945945945946,1.0,0.5627422176629926,0.2392077460606714,2.3525250621284712,False
Q8IVG5,0.654054054054054,1.0,1.1797228221202136,0.6448471642787901,1.8294611304364488,False
Q8IVP5,0.1783783783783784,0.3333333333333333,0.4417725938101995,0.8045570842445837,0.5490879422496037,False
Q8IVT5,0.8486486486486486,1.0,0.313659724690158,0.09424787939700963,3.3280295185093585,False
Q8IVU3,0.4702702702702703,0.4444444444444444,0.7407550664455318,0.20839920862777284,3.5545003808945044,False
Q8IVV7,0.1945945945945946,0.8888888888888888,0.4449716880430321,0.3864838645170128,1.1513331574634074,False
Q8IVW4,0.9945945945945946,1.0,0.3565551240942142,0.1998393461042589,1.7842088209605858,False
Q8IW19,0.2702702702702703,0.6666666666666666,0.444174066574762,0.19681377695223734,2.2568240569995965,False
Q8IW41,0.4918918918918919,1.0,0.5628715622449452,0.2155929560212435,2.610806830764371,False
Q8IW45,0.9513513513513514,1.0,0.41744643620318733,0.09933157011701965,4.202555498834919,False
Q8IW75,0.010810810810810811,0.0,0.5369072898899399,,,False
Q8IWA4,0.6918918918918919,1.0,0.4874962393004445,0.12408227978193231,3.928814333176276,False
Q8IWA5-3,0.972972972972973,1.0,0.4322168498587171,0.1130877688083256,3.8219593012864976,False
Q8IWB7,0.9243243243243243,1.0,0.6320330415728108,0.05536044106480276,11.416690861132732,False
Q8IWB9,0.654054054054054,1.0,0.31869218622656525,0.041248545382934765,7.726143631683403,False
Q8IWC1;Q8IWC1-2,0.43243243243243246,0.7777777777777778,0.9422063531898992,0.5668211025384107,1.6622640705689862,False
Q8IWE2;Q8IWE2-2,0.5351351351351351,0.6666666666666666,0.5681339366519413,0.34702158027841623,1.6371717753003319,False
Q8IWE4,0.25405405405405407,0.5555555555555556,0.5162465975176236,0.5452520998474633,0.9468035018334563,False
Q8IWF6,0.6810810810810811,1.0,0.5043689449928248,0.23439754854438455,2.1517671499764837,False
Q8IWJ2,0.6,1.0,0.5297100512695092,0.0988102343923174,5.360882448333659,False
Q8IWR0,0.4,0.8888888888888888,0.45738676142752954,0.2506138608990147,1.825065699825096,False
Q8IWT0,0.1945945945945946,0.1111111111111111,0.4979999541202771,,,False
Q8IWT6,0.6648648648648648,1.0,0.3916341327007409,0.1749874321667324,2.2380700593833622,False
Q8IWU5,0.4,0.4444444444444444,0.893653538857853,0.38274204548027413,2.334871617609909,False
Q8IWV2,0.2756756756756757,0.1111111111111111,0.7850709835382919,,,False
Q8IWV7,0.7837837837837838,1.0,0.31354910666022207,0.07596397062875226,4.127602915763649,False
Q8IWV8;Q8IWV8-4,0.4702702702702703,1.0,0.4137174353244326,0.120932344730182,3.4210651934972205,False
Q8IWW6;Q8IWW6-2;Q8IWW6-3;Q8IWW6-4,0.23783783783783785,0.7777777777777778,0.40645469547316004,0.4586070565590248,0.8862809450051441,False
Q8IWZ3;Q8IWZ3-4;Q8IWZ3-6,0.2594594594594595,0.7777777777777778,0.40136643841377495,0.5405142452254363,0.742564034082717,False
Q8IX04;Q8IX04-2;Q8IX04-3;Q8IX04-6,0.22702702702702704,0.3333333333333333,0.38802924143081263,0.4775409130952166,0.8125570622122668,False
Q8IX07,0.3945945945945946,0.8888888888888888,0.27206263312970336,0.20973074002169234,1.2971996050820402,False
Q8IX19,0.43243243243243246,0.8888888888888888,0.4883344468659905,0.11961423073900868,4.082578166903134,False
Q8IXB1,0.6864864864864865,1.0,0.43415549937681774,0.16654870540537736,2.6067779891779344,False
Q8IXI1,0.7783783783783784,1.0,0.46871631249955925,0.08009448850529033,5.852042022449522,False
Q8IXI2-5;Q8IXI2-7,0.7297297297297297,1.0,0.484640474475869,0.08353989507739179,5.801305759683988,False
Q8IXJ6,0.7189189189189189,1.0,0.4632260072631329,0.19291927142785248,2.4011391077452267,False
Q8IXK2,0.41081081081081083,0.8888888888888888,0.4593090089295746,0.19765113552338498,2.3238369347755743,False
Q8IXL7;Q8IXL7-2,0.3567567567567568,0.8888888888888888,0.5605273136449478,0.11229637070112819,4.9914998155796715,False
Q8IXM3,0.15135135135135136,0.2222222222222222,0.5195670200285178,0.08278370384235512,6.276199250735731,False
Q8IXQ6;Q8IXQ6-2,0.6918918918918919,1.0,0.35578511002073654,0.06091638665955479,5.840548488358696,False
Q8IXS8,0.5081081081081081,1.0,0.37661871991158336,0.2030534133012445,1.8547766018236893,False
Q8IY17;Q8IY17-3,0.9459459459459459,1.0,0.354405525471277,0.08008514845142933,4.425358912660562,False
Q8IY21,0.6108108108108108,1.0,0.3993976506776846,0.21562338037857032,1.8522928727694628,False
Q8IY22,0.9513513513513514,1.0,0.6887334819728625,0.030882266203136055,22.301908721417682,True
Q8IY26,0.4810810810810811,1.0,0.4271920635620656,0.08297460316238237,5.148467691084286,False
Q8IY33,0.9243243243243243,1.0,0.36407917016051883,0.06435585462866378,5.6572812568688935,False
Q8IY47,0.21081081081081082,0.6666666666666666,0.4881359460459542,0.6505231613581239,0.7503744294466822,False
Q8IY63;Q8IY63-2,0.3621621621621622,0.8888888888888888,0.2872714875577955,0.5498534644423829,0.5224509912820557,False
Q8IY92;Q8IY92-2,0.6324324324324324,1.0,0.6951514015678981,0.35966749314049906,1.932761272079562,False
Q8IY95;Q8IY95-2,0.2918918918918919,0.5555555555555556,0.629787124019594,0.7041402299434711,0.8944058260527932,False
Q8IYB5-2;Q8IYB5-3,0.8702702702702703,1.0,0.6235960265637157,0.2287731050581403,2.7258275241979835,False
Q8IYB7,0.40540540540540543,0.8888888888888888,0.32289926111207734,0.21913347085427137,1.473527799533703,False
Q8IYD1,0.4756756756756757,1.0,0.5900582354280459,0.3392870061196156,1.7391123879940777,False
Q8IYE1,0.3945945945945946,0.4444444444444444,0.4106574707828301,0.15235463817118866,2.695405113439391,False
Q8IYH5;Q8IYH5-2,0.3081081081081081,0.2222222222222222,0.34877718314903206,0.043120888126604306,8.088358062686721,False
Q8IYI6,0.8432432432432433,1.0,0.3335773291768529,0.0506849499798836,6.581388149919192,False
Q8IYJ2,0.44324324324324327,0.8888888888888888,0.790648085038014,0.36389238945063873,2.1727524618792935,False
Q8IYS2-2,0.24864864864864866,0.4444444444444444,0.35715590288429944,0.03892499397214433,9.175490255435593,False
Q8IYT4;Q8IYT4-2,0.0918918918918919,0.0,1.214820375191028,,,False
Q8IYU2,0.2864864864864865,0.8888888888888888,0.5022112703707489,0.20198698835757867,2.4863545639963776,False
Q8IYU8,0.5567567567567567,1.0,0.46479227118735267,0.10538217960712082,4.410539551565187,False
Q8IYW2,0.8594594594594595,0.7777777777777778,0.48094888379268497,0.2065700232104355,2.3282607820726064,False
Q8IZ07,0.572972972972973,1.0,0.3779917492232272,0.3291337786634809,1.1484441091344215,False
Q8IZ21;Q8IZ21-2;Q8IZ21-3,0.1945945945945946,0.4444444444444444,0.3835817257218048,0.048515938797002,7.906303273379262,False
Q8IZ52,0.11891891891891893,0.0,0.2995691040638073,,,False
Q8IZ81,0.8,1.0,0.4396078249477773,0.1354551147231131,3.2454132562390843,False
Q8IZ83,0.9945945945945946,1.0,0.5456159429238223,0.020004347379435572,27.274868436083768,True
Q8IZD0;Q8IZD0-2,0.6648648648648648,1.0,0.32846236712224375,0.16978865372892216,1.9345366130687023,False
Q8IZE3-2,0.31351351351351353,0.7777777777777778,0.7205674114878802,0.5032489920498779,1.4318308091443994,False
Q8IZF2;Q8IZF2-2,0.5621621621621622,0.4444444444444444,0.808452057651599,0.3823236713637552,2.1145749484143535,False
Q8IZH2;Q8IZH2-2,0.745945945945946,1.0,0.3647483579895754,0.11217475692409984,3.2516081870038995,False
Q8IZP0;Q8IZP0-2;Q8IZP0-3;Q8IZP0-4;Q8IZP0-5;Q8IZP0-6;Q8IZP0-9,0.9837837837837838,1.0,0.6783869352017593,0.04105214010794356,16.52500779296746,True
Q8IZQ1,0.21081081081081082,0.4444444444444444,0.3607786598226408,0.26200367216836185,1.3769984856960584,False
Q8IZY2,0.24324324324324326,0.7777777777777778,0.7076311771854584,0.4471823899440093,1.5824218330110436,False
Q8N0U8,0.6378378378378379,1.0,0.46535782684216453,0.24770216697412373,1.8786990542992636,False
Q8N0X7,0.4810810810810811,1.0,0.3537695667087579,0.43805945047513006,0.8075834600190699,False
Q8N0Z6,0.6594594594594595,1.0,0.4000425061208306,0.13463787309975217,2.9712479624840937,False
Q8N122,0.6702702702702703,1.0,0.3067068075631614,0.07972701299406104,3.846962228297808,False
Q8N128,0.9837837837837838,1.0,0.5731241300724355,0.12352519111861504,4.639734817508544,False
Q8N129,0.10810810810810811,0.1111111111111111,0.6841315207838665,,,False
Q8N131;Q8N131-2,0.7675675675675676,1.0,0.6493364192736237,0.09009349934411937,7.207361507775728,False
Q8N138;Q8N138-4,0.7135135135135136,1.0,0.45013816008187657,0.12331674988504204,3.650259680874682,False
Q8N183,0.2918918918918919,0.5555555555555556,0.501922073832267,0.02868077027406457,17.500299644537257,False
Q8N1A6,0.31891891891891894,0.7777777777777778,0.47892842725844886,0.07955644494519909,6.019982763035093,False
Q8N1B4,0.745945945945946,1.0,0.3944023318416212,0.14751626673390916,2.673619259583398,False
Q8N1F7,0.9135135135135135,1.0,0.6585592266902953,0.07665409189743322,8.591312092920996,False
Q8N1F8,0.23783783783783785,0.8888888888888888,0.34557735290701874,0.6172168306222146,0.559896191681363,False
Q8N1G4,0.9837837837837838,1.0,0.5753311679730269,0.029044832362664863,19.80838315020112,True
Q8N1N4,0.9135135135135135,0.8888888888888888,0.7808095885041144,0.6768684725429504,1.1535617629975645,False
Q8N1Q1,0.7837837837837838,1.0,0.6540721837945274,0.08439635158108949,7.750005439110521,False
Q8N1S5;Q8N1S5-2,0.41081081081081083,1.0,0.5541205343583844,0.34220488058730325,1.6192654336413452,False
Q8N257,0.7405405405405405,1.0,0.8433110020936532,0.23823165906073918,3.539877971796536,False
Q8N2A8,0.372972972972973,0.5555555555555556,0.476956240054351,0.1404368232056168,3.3962334747207175,False
Q8N2F6;Q8N2F6-2;Q8N2F6-3;Q8N2F6-4,0.5783783783783784,1.0,0.43699991033601826,0.13135875965393495,3.3267664180698406,False
Q8N2G8;Q8N2G8-3,0.7837837837837838,1.0,0.4738602855300247,0.08822045647444554,5.371319810244757,False
Q8N2H4,0.3675675675675676,0.8888888888888888,0.5627146660912006,0.2315500270236326,2.430207732317684,False
Q8N2K0;Q8N2K0-2,0.6918918918918919,1.0,0.43013982879335444,0.20522192869093558,2.0959740098785713,False
Q8N2S1-2,0.7081081081081081,0.8888888888888888,0.47649528322113,0.06767181801130207,7.041266175848108,False
Q8N2U9,0.372972972972973,0.8888888888888888,0.38175113237694447,0.20251647376243298,1.8850374257689633,False
Q8N335,0.8,1.0,0.3512537069890538,0.1290199760069637,2.7224753705588607,False
Q8N386,0.6864864864864865,0.6666666666666666,0.6844986634845007,0.4510016270287176,1.5177299203865515,False
Q8N392,1.0,1.0,0.7914805983145996,0.058613229932173994,13.50344622247374,True
Q8N3C0,1.0,1.0,0.4158549124081077,0.1556649276285853,2.671474677971988,False
Q8N3D4,0.972972972972973,1.0,0.27895905193143467,0.03033702511191727,9.195333125193327,False
Q8N3F0;Q8N3F0-2,0.5027027027027027,1.0,0.4555715435393104,0.23224138438163777,1.9616294690643012,False
Q8N3F8,0.42702702702702705,1.0,0.3834811152692943,0.2995476050715258,1.280200905554651,False
Q8N3P4;Q8N3P4-3,0.7189189189189189,1.0,0.3385350457421765,0.14997206123969775,2.2573207499035557,False
Q8N3R9;Q8N3R9-2,0.9675675675675676,1.0,0.5125353134267812,0.20833305555545856,2.4601727846800747,False
Q8N3S3-7,0.21081081081081082,0.5555555555555556,0.5896954086406243,0.4258564457844116,1.3847281507138571,False
Q8N474,0.41081081081081083,0.3333333333333333,0.8558206024549095,0.603655540447674,1.4177300548260166,False
Q8N490-3,0.9351351351351351,1.0,0.7578978773573368,0.06891305386818836,10.997885521181317,False
Q8N4A0,0.23783783783783785,0.6666666666666666,0.39925028640178706,0.176879415508699,2.257189087003466,False
Q8N4C8,0.8216216216216217,1.0,0.3565985715365594,0.08544597944630716,4.17338034916716,False
Q8N4H5,0.41621621621621624,1.0,0.35852712912766904,0.2364799170456049,1.5160996908609685,False
Q8N4L2,0.8,1.0,0.6560772679396791,0.10501977757007985,6.247178227947376,False
Q8N4Q0,0.20540540540540542,0.4444444444444444,0.5153192364599795,0.14582625207720135,3.533789212296056,False
Q8N4T8-2,0.07567567567567568,0.1111111111111111,0.40899657366414743,,,False
Q8N4V1,0.34054054054054056,0.8888888888888888,0.4485461330613969,0.3683509361083974,1.2177141119831438,False
Q8N511,0.3621621621621622,0.8888888888888888,0.5593814179922898,0.34739962789753775,1.610195789148266,False
Q8N556;Q8N556-2,0.5513513513513514,1.0,1.018555467687352,0.33846472616635737,3.0093400846347755,False
Q8N573;Q8N573-8,0.6486486486486487,1.0,0.3925364345614675,0.16171442426152183,2.4273433637970614,False
Q8N5C1,0.40540540540540543,1.0,0.3549013544689643,0.47150734783151727,0.7526952784536043,False
Q8N5C8;Q8N5C8-2,0.2864864864864865,0.8888888888888888,0.49931825297797516,0.3490606034819308,1.4304629282055958,False
Q8N5G0;Q8N5G0-2,0.6108108108108108,1.0,0.6451328317562961,0.12582552578573925,5.127201557296523,False
Q8N5G2,0.12432432432432433,0.1111111111111111,0.4204233663152106,,,False
Q8N5H3;Q8N5H3-1,0.42162162162162165,1.0,0.482978499620649,0.29513839196132174,1.6364475540137249,False
Q8N5I2,0.5621621621621622,1.0,0.38886348129427795,0.12520334048756965,3.1058554810115857,False
Q8N5I4,0.1945945945945946,0.5555555555555556,0.8564584723104556,0.4440641846893989,1.9286817127787648,False
Q8N5J2,0.9027027027027027,1.0,0.6421450637413315,0.044042089374549676,14.580258858300303,True
Q8N5K1,0.9891891891891892,1.0,0.5759885453966298,0.03383423013410791,17.02384074097735,True
Q8N5M4,0.5027027027027027,0.8888888888888888,0.42126429194185633,0.2698871531871596,1.5608904942938158,False
Q8N5M9,0.6918918918918919,1.0,0.548981374096793,0.11209586789557413,4.897427393204281,False
Q8N5N7,0.032432432432432434,0.0,0.5219676988794326,,,False
Q8N5W9,0.4594594594594595,1.0,0.5059614761549405,0.2515834790769276,2.011107716656668,False
Q8N653,0.3837837837837838,1.0,0.42856006336578467,0.25564033960252175,1.6764179864262594,False
Q8N668;Q8N668-2,0.31891891891891894,0.7777777777777778,0.4056319554024501,0.9043589078512628,0.4485298390726563,False
Q8N697,0.40540540540540543,0.8888888888888888,0.49945475519413485,0.24076291341976397,2.074467151522412,False
Q8N699,1.0,1.0,0.8285585125351513,0.08654897743975454,9.573290604292797,False
Q8N6H7,0.8216216216216217,1.0,0.31885695677480896,0.0595455940004026,5.354837114777175,False
Q8N6M0,0.40540540540540543,1.0,0.35120158803980317,0.3588477366417617,0.9786924987363325,False
Q8N6M3,0.23243243243243245,0.3333333333333333,0.7487570598199653,0.18056753456499663,4.146687064337386,False
Q8N6R0;Q8N6R0-3,0.15135135135135136,0.3333333333333333,0.2844026840581799,0.6872603896450578,0.4138208579212057,False
Q8N6T3,0.7783783783783784,1.0,0.4326215842391532,0.19128997229750588,2.2616009560935773,False
Q8N6Y2;Q8N6Y2-2,0.24864864864864866,0.4444444444444444,1.0515501716119537,0.3187881099504617,3.2985865494649724,False
Q8N755;Q8N755-2,0.12972972972972974,0.1111111111111111,0.408815971063726,,,False
Q8N766;Q8N766-2;Q8N766-3,0.8756756756756757,1.0,0.5914204854666361,0.11661079002026753,5.071747523225289,False
Q8N7R7;Q8N7R7-3,0.1837837837837838,0.6666666666666666,0.4639522206886495,0.15147414721793595,3.0629135678257393,False
Q8N8J7,0.4756756756756757,0.8888888888888888,0.6123999107219715,0.20928899412533308,2.926097061536044,False
Q8N8S7,0.24324324324324326,0.5555555555555556,0.41246131447872614,0.6777549694581797,0.6085699597429167,False
Q8N8V2,0.14054054054054055,0.4444444444444444,0.4516152602278023,0.14579566220457707,3.097590514003814,False
Q8N960;Q8N960-2,0.05405405405405406,0.3333333333333333,0.2704788288822577,0.11990272214827513,2.2558189175036065,False
Q8N983;Q8N983-2;Q8N983-3;Q8N983-4;Q8N983-6;Q8N983-7,0.24324324324324326,0.6666666666666666,0.4845858137313268,0.4714878452439004,1.0277800766648626,False
Q8N9B5;Q8N9B5-2,0.25405405405405407,0.3333333333333333,0.6439269043869853,0.3154107438449927,2.041550317967103,False
Q8N9F7,0.5297297297297298,1.0,0.4202452189849417,0.30933350694787975,1.358550591985335,False
Q8N9M5,0.23243243243243245,0.6666666666666666,0.4719157000500189,0.49728487447805936,0.9489846248497555,False
Q8N9N2-2,0.2810810810810811,0.8888888888888888,0.4796781145679354,0.275792934578595,1.7392690472686405,False
Q8N9N7,0.9621621621621622,1.0,0.543755520947566,0.04422058416453112,12.296434595355407,False
Q8N9R8-2,0.32432432432432434,0.6666666666666666,0.2843442351124592,0.1974411786864536,1.4401465641775364,False
Q8N9U0,0.9675675675675676,1.0,0.9143713162690368,0.054749335442723535,16.701048677122554,True
Q8NA56,0.16756756756756758,0.4444444444444444,0.4507953981247699,0.4067810666987306,1.1082015241841063,False
Q8NAA5,0.4540540540540541,0.7777777777777778,0.45143044274368993,0.2594028327760469,1.7402679759223305,False
Q8NAT1,0.2594594594594595,0.6666666666666666,0.3582035484011117,0.2035044938073023,1.7601751278293314,False
Q8NB16,0.6108108108108108,1.0,0.4443737935680776,0.0847520657771188,5.243220793422227,False
Q8NB25;Q8NB25-2;Q8NB25-3;Q8NB25-4,0.35135135135135137,0.7777777777777778,0.5861785240934978,0.0768784185106064,7.624747431720733,False
Q8NB37,0.7081081081081081,1.0,0.5139533969361967,0.1795828560894126,2.861929073454006,False
Q8NB49-3,0.6432432432432432,1.0,0.39057506143684684,0.22669676814108364,1.722896469321408,False
Q8NB90,0.3783783783783784,0.8888888888888888,0.40365830220314614,0.17375732785397258,2.3231152734023666,False
Q8NBF2,0.9027027027027027,1.0,0.5888718290257522,0.05710975490095116,10.311230192583869,False
Q8NBF6,0.6,1.0,0.3920397781189955,0.10754517837367672,3.6453496479108827,False
Q8NBI2;Q8NBI2-2,0.11891891891891893,0.2222222222222222,0.4552658370731866,0.38084947836178706,1.1953957217730724,False
Q8NBI5-2,0.8432432432432433,1.0,0.4772593396318898,0.16338155069790083,2.9211336138825237,False
Q8NBI6,0.2972972972972973,0.8888888888888888,0.5907164644447231,0.3902458802158906,1.5137032686108791,False
Q8NBJ4,0.3837837837837838,0.7777777777777778,0.8582075144539196,0.3948829564956622,2.1733212343980894,False
Q8NBJ5,0.7621621621621621,1.0,0.3363970257499922,0.16452409106631372,2.044667279847805,False
Q8NBJ7,0.7351351351351352,1.0,0.4416723485025589,0.23227333387492521,1.901519822074759,False
Q8NBK3;Q8NBK3-4;Q8NBK3-5,0.16216216216216217,0.3333333333333333,0.798397334342174,0.05149686233902706,15.503805437425768,False
Q8NBL1,0.5567567567567567,0.8888888888888888,0.4066103379422046,0.17145242002747096,2.3715637135775363,False
Q8NBM4,0.6864864864864865,1.0,0.37030293876546594,0.14101668200007822,2.6259512953599384,False
Q8NBM8,0.972972972972973,1.0,0.7595638178351738,0.04304637863345917,17.64524315280679,True
Q8NBN3,0.25405405405405407,0.7777777777777778,0.4874629204690262,0.23808898981434545,2.0473979953845616,False
Q8NBN7,0.5783783783783784,1.0,0.4649061789355944,0.17909040689451317,2.5959301059013775,False
Q8NBP0,0.20540540540540542,0.3333333333333333,0.5157306841041267,0.43469538809202923,1.1864185777718477,False
Q8NBP7,1.0,1.0,0.5849026665159176,0.15471968699617022,3.780402338394051,False
Q8NBQ5,0.9297297297297298,1.0,0.5748853679728176,0.039623650146362266,14.508642334800047,True
Q8NBR6;Q8NBR6-2,0.33513513513513515,0.8888888888888888,0.3240882644667744,0.2877182221320185,1.1264085467554004,False
Q8NBS9,1.0,1.0,0.5737095444353564,0.06855407181004125,8.368715807648409,False
Q8NBU5,0.6702702702702703,1.0,0.45776155175214495,0.07267439102894002,6.298801342137941,False
Q8NBX0,0.9945945945945946,1.0,0.8671651969446517,0.03805434340598879,22.787548524833618,True
Q8NBZ7;Q8NBZ7-2,0.5891891891891892,1.0,0.4669695390771622,0.3693990501617552,1.2641330259855355,False
Q8NC44,0.24324324324324326,0.6666666666666666,0.48635872378070566,0.33696390890286665,1.4433555372866465,False
Q8NC51-3,0.827027027027027,1.0,0.5663197410549152,0.07262729856938854,7.797615389946661,False
Q8NC56,0.5945945945945946,1.0,0.3750819244516057,0.12037936723257481,3.115832331357429,False
Q8NC96,0.24324324324324326,0.4444444444444444,0.5514141695380363,0.2312686033692879,2.3843018961702405,False
Q8NCA5,0.518918918918919,1.0,0.5114529607305265,0.4357568936812548,1.1737116914199444,False
Q8NCC3,0.24324324324324326,0.4444444444444444,0.4529632583328489,0.3198979085027931,1.4159619250180062,False
Q8NCE2;Q8NCE2-2,0.5783783783783784,1.0,0.37063985057688065,0.09234404675446406,4.013684299133916,False
Q8NCG7,0.7675675675675676,1.0,0.3441351063888245,0.1213821152874246,2.835138484561222,False
Q8NCH0,0.8,0.8888888888888888,0.615384845203315,0.43659481185313176,1.409510210603069,False
Q8NCJ5,0.2702702702702703,0.7777777777777778,0.39928640086615896,0.44789138282444796,0.8914804262324023,False
Q8NCM8;Q8NCM8-2,0.5243243243243243,0.5555555555555556,0.6743049354973127,0.4831996550676809,1.3954996209648867,False
Q8NCN5,0.4864864864864865,0.8888888888888888,0.5333246997976531,0.16865839412193662,3.162159242498598,False
Q8NCW5,0.918918918918919,1.0,0.4981520786626561,0.049672176202756546,10.028795127261029,False
Q8ND04;Q8ND04-2,0.42702702702702705,1.0,0.47568053278496336,0.2739128616238631,1.736612621856974,False
Q8ND24,0.5567567567567567,1.0,0.4018909253398384,0.11593414185498219,3.466545047985512,False
Q8ND56;Q8ND56-2;Q8ND56-3,0.5891891891891892,1.0,0.47625414721296444,0.17632004359918518,2.7010777532224095,False
Q8ND76,0.7513513513513513,1.0,0.5627998411656545,0.11773268013404525,4.780319623445889,False
Q8ND90,0.5675675675675675,1.0,0.38763138126616425,0.1268404441325064,3.0560550612801185,False
Q8NDA2,0.5513513513513514,0.5555555555555556,0.7326781826842295,0.33962670591991184,2.1573043871791517,False
Q8NDA8,0.6594594594594595,1.0,0.3890303039085756,0.2872840348342418,1.3541661099721038,False
Q8NDB2,0.7891891891891892,1.0,0.34873518510430035,0.07730782277982584,4.510994781181522,False
Q8NDH3;Q8NDH3-2,0.32972972972972975,0.5555555555555556,0.39929533952635765,0.2677170259613604,1.4914828001413252,False
Q8NDI1-2;Q8NDI1-3,0.6594594594594595,1.0,0.3704784592019186,0.14127139571741054,2.6224591136835507,False
Q8NDX1;Q8NDX1-2,0.4810810810810811,0.8888888888888888,0.3677732723978231,0.14861608635287293,2.474653191476089,False
Q8NDZ4,0.7513513513513513,1.0,0.4317668277137159,0.08258047878100072,5.228436963398333,False
Q8NE00,0.2,0.5555555555555556,0.36546323590744656,0.37203249619152423,0.9823422406608917,False
Q8NE01,0.9675675675675676,1.0,0.5905099529848243,0.16564697015291507,3.564870232396656,False
Q8NE71,0.9837837837837838,1.0,0.5720417500194355,0.04007461247684674,14.274417509337983,True
Q8NE86;Q8NE86-3,0.8972972972972973,1.0,0.5684930650681057,0.05028382008223531,11.305685688525239,False
Q8NEB9,0.6702702702702703,1.0,0.3822978220365929,0.12491069313906245,3.0605692149268813,False
Q8NEN9,0.7189189189189189,1.0,0.3784086705520462,0.11496643269105888,3.291470924986573,False
Q8NEP3;Q8NEP3-2;Q8NEP3-3,1.0,1.0,1.154405851075051,0.8227900291593997,1.4030382116497515,False
Q8NES3;Q8NES3-3,0.3891891891891892,0.2222222222222222,0.6285049622110659,0.8698282431753457,0.7225621461964505,False
Q8NET6,0.17297297297297298,0.2222222222222222,0.5819203855803501,0.3440991934882609,1.6911413818823802,False
Q8NEU8,0.972972972972973,1.0,0.7052739751466817,0.03641540833893586,19.36746029544293,True
Q8NEW0,0.5891891891891892,1.0,0.4494234691353505,0.2579610688204532,1.7422143240077805,False
Q8NEZ2,0.9351351351351351,1.0,0.6222306928701204,0.05434564940791553,11.44950331165776,False
Q8NEZ5,0.2918918918918919,0.6666666666666666,0.2665890850602919,0.5932677798088992,0.4493570932609291,False
Q8NF37,0.6108108108108108,1.0,0.49165306884881765,0.15471237501828128,3.177852248669329,False
Q8NF50;Q8NF50-2,0.9945945945945946,1.0,0.5131844415161737,0.017102784348171696,30.00590027149782,True
Q8NF91-4,0.372972972972973,0.8888888888888888,0.7745741367080612,0.1923515751160565,4.026866617758223,False
Q8NFA0,0.1837837837837838,0.3333333333333333,0.41821979821693844,0.07393964939776332,5.656231827217585,False
Q8NFF5-2,0.4540540540540541,1.0,0.3624162243599116,0.2156419189194665,1.680639024990588,False
Q8NFG4,0.23783783783783785,0.5555555555555556,0.3638470294905334,0.03639305411561011,9.997705285593716,False
Q8NFH3,0.21081081081081082,0.5555555555555556,0.7162723681330849,0.10273231142908834,6.9722208930098555,False
Q8NFH8;Q8NFH8-4,0.9513513513513514,1.0,0.3008918755388006,0.08811164670798455,3.414893340218714,False
Q8NFP9,0.1891891891891892,0.3333333333333333,0.3731794116961158,0.04414893309319545,8.452739070916142,False
Q8NFQ8,0.8486486486486486,1.0,0.5432525795429921,0.046249301853135805,11.746179029211842,False
Q8NFU3,0.5945945945945946,1.0,0.48945832739533657,0.1490758384564046,3.2832840818699984,False
Q8NFV4,0.6864864864864865,1.0,0.39666621014789705,0.07476944675602404,5.305191189152919,False
Q8NFW8,0.4486486486486487,0.1111111111111111,0.7410596143747163,,,False
Q8NFY4-8,0.12972972972972974,0.3333333333333333,0.4004598718005852,0.6452784283215749,0.6206001227132542,False
Q8NG06,0.9459459459459459,1.0,0.6606200450113437,0.03694444566983357,17.88144423427533,True
Q8NG11,0.8378378378378378,1.0,0.4443071633313025,0.0697869353281586,6.366623799168714,False
Q8NGY2,0.3027027027027027,0.3333333333333333,0.6256268359010715,0.16303056172890606,3.837481937536286,False
Q8NHG7,0.9297297297297298,1.0,0.41716415020193676,0.17369768423999865,2.401667886519084,False
Q8NHG8,0.5837837837837838,1.0,0.49006976395773716,0.17474689209582728,2.8044548207987234,False
Q8NHH9;Q8NHH9-5,0.43783783783783786,0.8888888888888888,0.3853225902886468,0.24404152915899768,1.5789222089228994,False
Q8NHM5;Q8NHM5-2;Q8NHM5-3;Q8NHM5-4,0.0972972972972973,0.3333333333333333,0.45755656479768625,0.48730740266600137,0.9389485205733552,False
Q8NHP6,0.7621621621621621,1.0,0.38150066286542383,0.06602048662698401,5.778519401423137,False
Q8NHP8,0.2702702702702703,0.7777777777777778,0.5901630035473859,0.4967751673009104,1.1879881330499515,False
Q8NHQ9,0.9837837837837838,1.0,0.6601711041857694,0.24551736693352488,2.6888977852410507,False
Q8NHU6,0.4,0.8888888888888888,0.35620604841187564,0.29697149199624917,1.199462096571797,False
Q8NHV4;Q8NHV4-3,0.43243243243243246,1.0,0.3484636334963138,0.2624677556087178,1.3276435906885153,False
Q8NI08;Q8NI08-2,0.6054054054054054,1.0,0.26029487018473674,0.08337247192441133,3.1220721201685135,False
Q8NI22;Q8NI22-2;Q8NI22-3,0.31351351351351353,0.5555555555555556,0.43950376279797876,0.6202643125093275,0.7085749638245866,False
Q8NI99,1.0,1.0,0.6583761182768129,0.10894367206051214,6.043270855705337,False
Q8TAA9;Q8TAA9-2,0.2594594594594595,0.6666666666666666,0.5835499607664714,0.7279617576721522,0.8016217261639192,False
Q8TAC1,0.08648648648648649,0.0,0.7061577896230871,,,False
Q8TAD4,0.43243243243243246,0.8888888888888888,0.632464483977893,0.1508824223163323,4.191770481069694,False
Q8TAD7,0.10270270270270271,0.3333333333333333,0.2680575989350036,0.258028568317922,1.0388679078540042,False
Q8TAE8,0.21081081081081082,0.4444444444444444,0.46910346961670335,0.37984721911674324,1.234979344346675,False
Q8TAF3,0.4594594594594595,0.8888888888888888,0.46234573558127323,0.4017383272569557,1.1508628980912554,False
Q8TAG9;Q8TAG9-2,0.6810810810810811,1.0,0.31264745166876473,0.20843297815286554,1.499990329934584,False
Q8TAQ2,0.05945945945945946,0.1111111111111111,0.5186414637826449,,,False
Q8TAT6;Q8TAT6-2,0.8648648648648649,1.0,0.464255894932859,0.06355939807781752,7.304284007920556,False
Q8TAV4,0.08648648648648649,0.0,0.6844873252232802,,,False
Q8TB03,0.4972972972972973,1.0,0.4294114877354476,0.07924236193143308,5.418963762173182,False
Q8TB24,0.8594594594594595,1.0,0.5000759334561291,0.030886696737082886,16.190657670936133,True
Q8TB36;Q8TB36-2,0.44324324324324327,1.0,0.5804769594886485,0.20199588510833166,2.8737068538665285,False
Q8TB40,0.44324324324324327,1.0,0.40992753043167074,0.05022341510989037,8.162079968770279,False
Q8TB52,0.06486486486486487,0.2222222222222222,0.6202914517156692,0.07752035551284742,8.001659017325697,False
Q8TB61-3,0.7621621621621621,1.0,0.5503096395485834,0.0930845480694682,5.911933301087652,False
Q8TB72-3,0.44324324324324327,1.0,0.45920554662729884,0.05716705657680876,8.032695299089214,False
Q8TB73,0.41081081081081083,0.2222222222222222,0.700898550952683,0.3600192221171765,1.9468364684276762,False
Q8TB96,0.5027027027027027,1.0,0.47233402703852434,0.19821545865063683,2.38293234167489,False
Q8TBA6,0.6108108108108108,1.0,0.4076233313875566,0.11368445092449342,3.5855680180774288,False
Q8TBC4;Q8TBC4-2,0.8216216216216217,1.0,0.30111177618737095,0.15149481926247788,1.9876044451768926,False
Q8TBE9,0.1837837837837838,0.1111111111111111,0.6946331110986632,,,False
Q8TBF2;Q8TBF2-3,0.7243243243243244,1.0,0.47256518430980954,0.1434696231287127,3.293834429925638,False
Q8TBM8,0.1783783783783784,0.4444444444444444,0.3384547725714011,0.29201914124362993,1.159015710853797,False
Q8TBQ9,0.6324324324324324,1.0,0.42060315002699333,0.22575864037122884,1.8630655700945473,False
Q8TBR7;Q8TBR7-1,0.21081081081081082,0.3333333333333333,0.4142790966640302,1.3665257573323384,0.30316230370422337,False
Q8TBX8,0.6270270270270271,1.0,0.42547067778143965,0.24704589510006159,1.722233342954799,False
Q8TBZ3;Q8TBZ3-2,0.3027027027027027,0.8888888888888888,0.37676721316927164,0.5438169415076732,0.6928199259933417,False
Q8TC05,0.7135135135135136,1.0,0.3821830240980564,0.21683877118543116,1.7625216284371485,False
Q8TC07-2,0.8864864864864865,1.0,0.4765424399786262,0.05670058747965179,8.404541489973868,False
Q8TC12,1.0,1.0,0.7383240918955991,0.03484196192087552,21.190657792815998,True
Q8TC26,0.7081081081081081,1.0,0.42470349503461513,0.08955930985997718,4.7421479207312345,False
Q8TC44;Q8TC44-2,0.35135135135135137,0.7777777777777778,0.919127335775439,0.08216446627439034,11.18643347242091,False
Q8TCA0;Q8TCA0-2;Q8TCA0-3,0.1783783783783784,0.1111111111111111,0.27629947971360913,,,False
Q8TCD1,0.23783783783783785,0.5555555555555556,0.4139998282018471,0.48707260236459327,0.849975601567406,False
Q8TCD5,0.5783783783783784,1.0,0.31980005977867876,0.12573646624906587,2.5434153616596857,False
Q8TCE6;Q8TCE6-2,0.42162162162162165,1.0,0.5653016945268714,0.21747644904579566,2.59936971109838,False
Q8TCF1;Q8TCF1-2,0.17297297297297298,0.1111111111111111,0.40222541634693876,,,False
Q8TCG2,0.21081081081081082,0.5555555555555556,0.5142727823368425,0.16885542694821076,3.0456396435192685,False
Q8TCJ2,0.9513513513513514,1.0,0.6688856045399794,0.06611936125217,10.11633494142424,False
Q8TCS8,0.6108108108108108,1.0,0.8700507063980822,0.25074697528981815,3.469835300674957,False
Q8TCT9-5,0.8432432432432433,1.0,0.5655355915555251,0.0700896829991251,8.068742322070204,False
Q8TCU4;Q8TCU4-2,0.8486486486486486,0.8888888888888888,0.8009323150053742,0.3192131495079762,2.5090830883373783,False
Q8TCW9,0.2810810810810811,0.6666666666666666,0.557926068299615,0.8982856544045994,0.6211009444088461,False
Q8TCZ2;Q8TCZ2-2;Q8TCZ2-3;Q8TCZ2-5,0.24864864864864866,0.7777777777777778,0.4724975249450898,0.22722447487470632,2.079430594814354,False
Q8TD06,0.7297297297297297,0.8888888888888888,0.7194586528311664,0.31926051085094365,2.253515948194004,False
Q8TD08;Q8TD08-2;Q8TD08-3,0.6864864864864865,1.0,0.7520405484467041,0.15324504439429987,4.907437962637813,False
Q8TD16,0.8324324324324325,1.0,0.34182454681609453,0.05339048333062557,6.402349735238657,False
Q8TD19,0.9783783783783784,1.0,0.4140945794586308,0.051625477366918915,8.021128337768717,False
Q8TD22,0.20540540540540542,0.7777777777777778,0.35631875218805753,0.38558103966534496,0.924108593351258,False
Q8TD43;Q8TD43-3,0.6378378378378379,1.0,0.4416391482785347,0.1012728648574086,4.360883331387525,False
Q8TD55,0.9945945945945946,1.0,0.5993024844659409,0.07333938236445547,8.171632554631353,False
Q8TDB6,0.6216216216216216,1.0,0.49764318484526093,0.06616592450854952,7.521140051189926,False
Q8TDC3-2,0.7837837837837838,1.0,0.7052604771276609,0.22601912771660437,3.1203574859025056,False
Q8TDF6;Q8TDF6-2;Q8TDF6-5;Q8TDF6-9,0.07027027027027027,0.2222222222222222,1.0877089330832401,0.2493714204786075,4.3618026917264565,False
Q8TDH9,0.2810810810810811,0.7777777777777778,0.449813298527574,0.39331320444144957,1.1436516583936234,False
Q8TDL5,1.0,1.0,0.7179461041473196,0.36999902045500477,1.9404000131255168,False
Q8TDM6;Q8TDM6-4,0.7405405405405405,0.6666666666666666,0.5906163194894845,0.7675153042479002,0.769517319355916,False
Q8TDN4,0.35135135135135137,1.0,0.37226860048658317,0.20888355163042327,1.7821824532418729,False
Q8TDQ7;Q8TDQ7-2,0.6594594594594595,1.0,0.4572108903174126,0.19754035123106917,2.314518970266478,False
Q8TDW0,0.2702702702702703,1.0,0.3423322018036101,0.4721307886222519,0.7250791730880051,False
Q8TDW4;Q8TDW4-3;Q8TDW4-5;Q8TDW4-6;Q8TDW4-7,0.1945945945945946,0.7777777777777778,0.543122685250907,0.7420973729890559,0.7318752296121075,False
Q8TDX7,0.8756756756756757,1.0,0.5647488288661515,0.07661737311216044,7.37102834417742,False
Q8TDY4;Q8TDY4-3,0.14054054054054055,0.0,0.5014298081539152,,,False
Q8TDZ2;Q8TDZ2-4,0.9459459459459459,1.0,0.6917268973002422,0.053592319226931195,12.907202137888367,True
Q8TE02;Q8TE02-4,0.33513513513513515,0.7777777777777778,0.4977214911337846,0.3493029823910465,1.4248990596266446,False
Q8TE73,0.8702702702702703,1.0,0.7671104234083046,0.4094313450889615,1.8735996464599611,False
Q8TE77,0.6054054054054054,1.0,0.3650013696172518,0.27247356714205573,1.339584508859739,False
Q8TEA7;Q8TEA7-2,0.7351351351351352,1.0,0.42895184458788016,0.17333021049205044,2.4747667666829116,False
Q8TEA8,0.8486486486486486,1.0,0.5991988346255361,0.06533733759683535,9.170848655066083,False
Q8TEB1;Q8TEB1-2,0.42702702702702705,1.0,0.34918121324384366,0.20347190529487413,1.716115120354359,False
Q8TEB9,0.24864864864864866,0.5555555555555556,0.5156385119474125,0.29564861213245663,1.7440924488980718,False
Q8TEJ3,0.7567567567567568,0.5555555555555556,0.5156330078899245,0.15284495494028683,3.3735690398899396,False
Q8TEM1,0.0972972972972973,0.3333333333333333,0.48382571146460407,0.14620910432247847,3.309135321679279,False
Q8TEP8,0.3081081081081081,0.3333333333333333,0.8580701369310013,1.1376700667745165,0.7542346080738264,False
Q8TEQ0,0.6918918918918919,1.0,0.3941278100797794,0.2143155163745032,1.8390073511572782,False
Q8TEQ6,0.5675675675675675,1.0,0.4226262568598784,0.0882813574861796,4.78726504546603,False
Q8TEQ8,0.20540540540540542,0.6666666666666666,0.4695184768337066,0.39425711501008287,1.1908941118835585,False
Q8TER0;Q8TER0-5,1.0,1.0,0.5065818868924996,0.26445162727620186,1.9155937594719696,False
Q8TEU7;Q8TEU7-3;Q8TEU7-4;Q8TEU7-5,0.2756756756756757,0.7777777777777778,0.5747064014023042,0.31652652368870626,1.8156658554387362,False
Q8TEV9,0.3675675675675676,0.8888888888888888,0.4451940123097371,0.32823709002295676,1.3563184229990597,False
Q8TEW0-9,0.2702702702702703,0.6666666666666666,0.5711188776628102,0.4811638860789538,1.186952916015596,False
Q8TEW0;Q8TEW0-2,0.7891891891891892,1.0,0.3529884388608986,0.07049156698776038,5.007527197149537,False
Q8TEX9;Q8TEX9-2,0.2648648648648649,0.6666666666666666,0.4447145047042458,0.23053357183785916,1.9290661275878125,False
Q8TF05;Q8TF05-2,0.35135135135135137,0.8888888888888888,0.4266096717192518,0.3495484546287706,1.220459327083343,False
Q8TF17;Q8TF17-5,0.4702702702702703,1.0,0.4673600216092577,0.2918420909759991,1.6014140388258562,False
Q8TF42,0.9891891891891892,1.0,0.7371278239375751,0.01859806323404456,39.6346552144328,True
Q8TF46;Q8TF46-2;Q8TF46-4,0.1891891891891892,0.4444444444444444,0.4208952534712207,0.3834403161199118,1.097681270791556,False
Q8TF62,0.7513513513513513,0.8888888888888888,0.7006405837953604,0.22933249253829757,3.055130025582207,False
Q8TF64,0.7783783783783784,1.0,0.30464671696790546,0.055856782808142214,5.4540684524261085,False
Q8TF66;Q8TF66-2,0.032432432432432434,0.0,1.2140759943469526,,,False
Q8TF72,1.0,1.0,0.4846972222271084,0.2361124366333982,2.0528237696334366,False
Q8TF74,0.3945945945945946,1.0,0.5095689197146047,0.2446729597563877,2.0826531882475474,False
Q8WTS1,0.23243243243243245,0.6666666666666666,0.45935145573284686,0.704266408028813,0.6522410418786492,False
Q8WTW3,0.7189189189189189,1.0,0.49776696038351353,0.10797209158254617,4.610144650230877,False
Q8WU76,0.745945945945946,1.0,0.4072475704052021,0.11242379309185857,3.6224322201302233,False
Q8WU79,0.9243243243243243,1.0,0.5277880646130662,0.12468836246836368,4.232857454896628,False
Q8WU90,0.4,0.8888888888888888,0.45719927955247286,0.3435335157853192,1.3308724143183328,False
Q8WUA7;Q8WUA7-4,0.518918918918919,1.0,0.3668763849435228,0.22834788072229806,1.606655528323883,False
Q8WUA8,1.0,1.0,0.8665256198066462,0.17850524796604894,4.854342545556175,False
Q8WUD1,0.5567567567567567,1.0,0.35714936827552535,0.07008056605048907,5.096268315216226,False
Q8WUF8,0.21621621621621623,0.2222222222222222,0.7781548407681003,0.4576476545704704,1.7003361275792945,False
Q8WUH2,0.3675675675675676,0.8888888888888888,0.2831865332419037,0.2410156635906331,1.1749714894999443,False
Q8WUH6,0.6162162162162163,1.0,0.5409378512267171,0.30265084585557567,1.7873330229675006,False
Q8WUJ3,1.0,1.0,0.5967166454335899,0.19120021989524538,3.1208993680055315,False
Q8WUM0,0.20540540540540542,0.5555555555555556,0.45943386503728334,0.11488127410671645,3.9992058637032724,False
Q8WUM4,1.0,1.0,0.4948454320307558,0.01923527499147326,25.7259348904611,True
Q8WUW1;Q8WUW1-2,0.8918918918918919,1.0,0.5127747889259062,0.06686118958893417,7.669244177055037,False
Q8WUX2,0.12432432432432433,0.1111111111111111,0.4722131967954475,,,False
Q8WUX9,0.2594594594594595,0.5555555555555556,0.3471077488374332,0.3117508995205327,1.1134137844390464,False
Q8WUY1,0.772972972972973,1.0,0.5011728220445875,0.04755246982391448,10.539364703882196,False
Q8WUY3;Q8WUY3-2;Q8WUY3-3;Q8WUY3-4,0.23243243243243245,0.5555555555555556,0.5704950129815742,0.43555603089250283,1.3098085493445388,False
Q8WUY8,0.12432432432432433,0.1111111111111111,0.4415673795284878,,,False
Q8WV92,0.21081081081081082,0.4444444444444444,0.35577332838719933,0.23915487325999685,1.487627341803823,False
Q8WV99,0.31891891891891894,1.0,0.4934246439969723,0.3888290608459055,1.269001455095761,False
Q8WVC6,0.7945945945945946,1.0,0.49585501615691996,0.10500722162090526,4.722103951545778,False
Q8WVJ2,0.31891891891891894,0.6666666666666666,0.3343107441314004,0.29873676273411487,1.119081364716225,False
Q8WVM8,0.9891891891891892,1.0,0.5355524460946768,0.060454496560620186,8.858769430949716,False
Q8WVQ1;Q8WVQ1-3,0.6270270270270271,0.8888888888888888,0.4991142859089628,0.3119803008248976,1.5998262857919874,False
Q8WVR3,0.4756756756756757,1.0,0.4882962773967279,0.23013553895754235,2.121776930275917,False
Q8WVT3,0.7945945945945946,1.0,0.33305549948425117,0.057259435779180023,5.816604633840153,False
Q8WVV4;Q8WVV4-1,0.7675675675675676,1.0,0.7863920579017583,0.33727069608555915,2.3316346988600087,False
Q8WVX3-2,0.4594594594594595,0.6666666666666666,0.7111949142412133,0.40042576014733466,1.7760968075069212,False
Q8WVX9,0.3837837837837838,1.0,0.41018476253954894,0.1968096919085891,2.084169527230726,False
Q8WW12,0.5135135135135135,1.0,0.4198096224519805,0.38335503818172434,1.09509353116412,False
Q8WW22;Q8WW22-2;Q8WW22-3,0.32972972972972975,0.5555555555555556,0.4098392654733658,0.1867723707173905,2.1943249095097843,False
Q8WW43;Q8WW43-2,0.1891891891891892,0.2222222222222222,0.49454905771950486,0.3939349373022498,1.2554079643361462,False
Q8WW59,0.4486486486486487,0.8888888888888888,0.46238077302957237,0.11594458849878286,3.9879461302708945,False
Q8WWA0,1.0,1.0,0.7344915383616915,0.3057768798279277,2.4020506023052426,False
Q8WWA1;Q8WWA1-2,0.7837837837837838,1.0,0.5985048558776924,0.14313107709981843,4.1815157686565865,False
Q8WWC4,0.4540540540540541,0.5555555555555556,1.4892826120088056,0.5848942962516528,2.5462423237036265,False
Q8WWH5,0.1783783783783784,0.1111111111111111,0.4348632250768567,,,False
Q8WWI5,0.5837837837837838,1.0,0.48586433607837165,0.10857451141544949,4.474939189173603,False
Q8WWM7-9,0.8108108108108109,1.0,0.42645655446107256,0.14158880131579643,3.0119370352596855,False
Q8WWW8;Q8WWW8-2,0.04864864864864865,0.0,0.1813811442801576,,,False
Q8WWY8,0.1945945945945946,0.2222222222222222,0.42292664992300644,0.7891755814706292,0.5359094475970511,False
Q8WWZ7,0.032432432432432434,0.0,0.4801132082050037,,,False
Q8WWZ8,0.9891891891891892,1.0,1.169652809257899,0.47175290445612816,2.4793759576453733,False
Q8WXE0,0.5837837837837838,0.8888888888888888,0.8377628083796917,0.3805038972397714,2.201719389622394,False
Q8WXE9;Q8WXE9-3,0.918918918918919,1.0,0.7398450650185255,0.03639253593444458,20.32958259218978,True
Q8WXF7;Q8WXF7-2,0.9621621621621622,1.0,0.7122449795949466,0.05792736947305066,12.295482879233827,False
Q8WXG6-2;Q8WXG6-3,0.8810810810810811,1.0,0.46448300847558954,0.08928817037180359,5.20206659562451,False
Q8WXG9,0.6756756756756757,0.8888888888888888,0.48038448447956483,0.2523513856576489,1.9036332343792863,False
Q8WXI4-2,0.04864864864864865,0.0,0.45830546446012477,,,False
Q8WXQ8,0.9135135135135135,0.7777777777777778,0.6533392757519376,0.18330020018667703,3.564312941756541,False
Q8WXX5,0.5351351351351351,1.0,0.35536623386729005,0.20887495010570944,1.7013348593856894,False
Q8WY22,0.2648648648648649,0.6666666666666666,0.5926566627800138,0.7135847451078918,0.8305343784926428,False
Q8WYA0,0.1837837837837838,0.2222222222222222,0.5378159760434249,0.49474605411892725,1.0870546042074032,False
Q8WYL5,0.5891891891891892,1.0,0.387532927718393,0.07279917010699499,5.323315185445451,False
Q8WYN0,0.24864864864864866,0.5555555555555556,0.30742625193380047,0.1569008038127091,1.959366966027606,False
Q8WZ42-12,1.0,1.0,0.6365569788885317,0.2036958328941587,3.125036824976629,False
Q8WZ75,0.31351351351351353,0.1111111111111111,0.6776994826149592,,,False
Q8WZ82,0.23243243243243245,0.7777777777777778,0.4616196488214577,0.11974107486566865,3.8551486976321616,False
Q8WZA0-2,0.8648648648648649,1.0,0.7017855124707006,0.0974433745857386,7.20198284854362,False
Q8WZA1,0.654054054054054,1.0,0.7641727567348742,0.44997316528391273,1.6982629536423925,False
Q8WZA9,0.7243243243243244,1.0,0.3902848718657985,0.2872039648008631,1.3589118525449606,False
Q92187,0.14054054054054055,0.2222222222222222,0.8796343574985439,0.3782833780738324,2.325331771058836,False
Q92496;Q92496-2,1.0,1.0,0.789605592118793,0.1308897138063454,6.032602327231261,False
Q92499,0.9891891891891892,1.0,0.4811322721846736,0.04695352746574777,10.24698884520776,False
Q92506,0.3567567567567568,0.8888888888888888,0.5686439677068815,0.08476509883501215,6.708468172893861,False
Q92508,0.7945945945945946,1.0,0.3792031094504953,0.17516309452250844,2.1648573318723123,False
Q92520,0.9945945945945946,1.0,0.4755068006032497,0.06684068665196463,7.114032252229611,False
Q92521,0.2918918918918919,0.7777777777777778,0.49465078666736506,0.32862749047115436,1.5052020935868224,False
Q92522,0.5135135135135135,0.5555555555555556,0.6554254380122764,0.8086309221916945,0.8105371932053086,False
Q92526-2,0.4810810810810811,0.2222222222222222,0.6701031819765948,0.14887197372949146,4.501204391863636,False
Q92530,0.9243243243243243,1.0,0.3885836106854992,0.18753585337340972,2.0720497104720326,False
Q92538;Q92538-2;Q92538-3,0.8054054054054054,1.0,0.31357625319054705,0.07970796200551256,3.9340643682353877,False
Q92539,0.6702702702702703,1.0,0.44644747175502175,0.1891030926428563,2.3608681672815948,False
Q92540,0.34054054054054056,0.7777777777777778,0.4075717962669394,0.21522508991464484,1.8937002020934293,False
Q92542;Q92542-2,0.2648648648648649,0.3333333333333333,0.44925897758727196,0.06955688406006466,6.458871521607006,False
Q92544,0.7675675675675676,1.0,0.46546372928322377,0.1340443754505607,3.472459979903445,False
Q92546,0.16756756756756758,0.5555555555555556,0.5380673106038429,0.31122959099215386,1.7288436773912275,False
Q92551,0.2864864864864865,1.0,0.4650331459018915,0.25389755416373916,1.8315778875206905,False
Q92552;Q92552-2,0.1783783783783784,0.2222222222222222,0.4240431934037634,0.07426494136021944,5.709870440036532,False
Q92556,0.9837837837837838,1.0,0.5404150856690331,0.03376227391387232,16.00647773451616,True
Q92558,0.6756756756756757,1.0,0.5623226331972067,0.14442778403240375,3.893451921072501,False
Q92562,0.372972972972973,1.0,0.494305308983364,0.13997352602121538,3.5314199980105068,False
Q92564;Q92564-3,0.24324324324324326,0.4444444444444444,0.28777742360777303,0.30110249135626965,0.9557457406331116,False
Q92572,0.9243243243243243,1.0,0.708133592472743,0.04755594615278724,14.890537351473544,True
Q92574,0.372972972972973,1.0,0.3232417704076749,0.703970550880781,0.4591694496357087,False
Q92575,0.6324324324324324,1.0,0.5278040742269425,0.08471240901789301,6.23054025196544,False
Q92581;Q92581-3,0.08108108108108109,0.0,0.31170041509144397,,,False
Q92597;Q92597-2;Q92597-3,0.43783783783783786,0.6666666666666666,0.6722339310844472,0.27577177489027793,2.437645880735658,False
Q92598;Q92598-2,0.8972972972972973,1.0,0.5326001663222932,0.05400333536726443,9.862356884073925,False
Q92600,0.6270270270270271,1.0,0.37161468270712206,0.11056966727366913,3.360909839651998,False
Q92604,0.6864864864864865,1.0,0.6286437246196535,0.1186350275415009,5.298972298883155,False
Q92608,0.9459459459459459,1.0,0.3080947681519355,0.11791493077882187,2.612856286451477,False
Q92609;Q92609-2,0.8594594594594595,1.0,0.3878550065979347,0.11048847409097995,3.510366215018607,False
Q92614;Q92614-4,0.9891891891891892,1.0,0.6690343588755052,0.057362816630034175,11.663206205345405,False
Q92615,0.06486486486486487,0.1111111111111111,0.36672413456490993,,,False
Q92616,0.8378378378378378,1.0,0.3403782204843342,0.10651896056977073,3.1954707280623893,False
Q92619,1.0,1.0,0.6838934032569259,0.03398907920841765,20.120974712594,True
Q92621,0.41621621621621624,0.4444444444444444,1.041227435187288,0.5453362613804362,1.909331010836467,False
Q92622;Q92622-3,0.16756756756756758,0.3333333333333333,0.5115770995403395,0.33454845777805886,1.5291569506493505,False
Q92625,0.8054054054054054,1.0,0.32985271041128783,0.09733185859575144,3.3889490570735488,False
Q92643,0.0918918918918919,0.0,0.47994811062508624,,,False
Q92665,0.8756756756756757,1.0,0.7153550930081787,0.2587936114392182,2.7641914691398446,False
Q92685,0.22162162162162163,0.6666666666666666,0.5692602245933003,0.7039109814849374,0.8087105323920587,False
Q92686,0.9081081081081082,1.0,0.7788728982368633,0.1975415812583865,3.9428301286000607,False
Q92688;Q92688-2,0.4486486486486487,0.8888888888888888,0.4990897666871472,0.1387817011355228,3.5962217108131367,False
Q92692,0.9567567567567568,1.0,0.5083393227688227,0.11471075134205932,4.431488041194943,False
Q92696,0.8810810810810811,1.0,0.40599368972756267,0.0729077531034168,5.568594181632186,False
Q92734;Q92734-2,1.0,1.0,0.3440898347983623,0.026618567498355006,12.926684909682935,True
Q92736-2,0.31351351351351353,0.1111111111111111,0.4456602148277158,,,False
Q92743,0.7351351351351352,0.8888888888888888,0.6953577626537868,0.15294994539267837,4.546309322756209,False
Q92747,0.918918918918919,1.0,0.5523543449950195,0.0884839539668274,6.242423854635801,False
Q92765,0.6324324324324324,0.4444444444444444,0.6986803188922188,0.6250383002008464,1.11782000985813,False
Q92766-2,0.04864864864864865,0.0,0.2867905307149332,,,False
Q92783;Q92783-2,0.9783783783783784,1.0,0.309600185497926,0.1194859686260834,2.5911007715624046,False
Q92784-2;Q92784-3;Q92784-5,0.08648648648648649,0.4444444444444444,1.3218894720477463,0.7025070602718806,1.8816742874244645,False
Q92796-3,0.518918918918919,1.0,0.5048469292124649,0.15053983311460684,3.3535770484621303,False
Q92804;Q92804-2,0.9567567567567568,1.0,0.3959741350040744,0.23511350978765044,1.6841828245501924,False
Q92805,0.13513513513513514,0.0,0.3986694067232648,,,False
Q92820,0.9891891891891892,1.0,0.38230328531795266,0.25722509823793516,1.4862596532641588,False
Q92835;Q92835-2,0.9675675675675676,1.0,0.4586422615413053,0.1073524743783878,4.272302657176938,False
Q92838;Q92838-3,0.43243243243243246,0.2222222222222222,0.7443400905539992,0.7867918055810401,0.9460445384332763,False
Q92839,0.9405405405405406,0.8888888888888888,0.6352282480601854,0.1348281441900685,4.711392060434342,False
Q92841,0.9135135135135135,1.0,0.5054817698234846,0.10820190805361918,4.671653013484701,False
Q92843-2,0.7891891891891892,1.0,0.6389211076559507,0.23507687015017353,2.7179241719859144,False
Q92844,0.4972972972972973,0.8888888888888888,0.44717670001806376,0.3202780741598872,1.3962139031560026,False
Q92845;Q92845-2;Q92845-3;Q92845-4,0.16756756756756758,0.3333333333333333,0.3674053126535419,0.26269026615110214,1.3986255297415802,False
Q92851;Q92851-2;Q92851-4;Q92851-5;Q92851-6,0.2972972972972973,0.7777777777777778,0.39502174257267164,0.3598026076502183,1.0978846016499457,False
Q92854,0.7297297297297297,1.0,0.29470050160731454,0.10702847651283065,2.7534774969163056,False
Q92859;Q92859-2;Q92859-3;Q92859-4,0.31891891891891894,0.2222222222222222,1.0174491748618202,0.08473690472631823,12.007155302025247,False
Q92878;Q92878-2,0.1945945945945946,0.2222222222222222,0.47516041436769374,0.8144935116682346,0.5833814604544567,False
Q92879;Q92879-2;Q92879-3;Q92879-4;Q92879-5;Q92879-6,0.2,0.5555555555555556,0.565819363162765,0.21404262852846045,2.6434891360322186,False
Q92882,0.9405405405405406,1.0,0.5998745483001979,0.08655801703576849,6.9303175932543715,False
Q92888-3,0.9297297297297298,1.0,0.30708860980357144,0.06527075585658437,4.704842249388369,False
Q92890;Q92890-1,0.8810810810810811,1.0,0.37380184221292545,0.10348497890185726,3.6121362363848997,False
Q92896-2;Q92896-3,0.5027027027027027,1.0,0.4374963737926034,0.18774952268980094,2.3302129748443265,False
Q92900-2,0.8918918918918919,1.0,0.37820174308472154,0.09032417984660945,4.187159448632605,False
Q92902;Q92902-2,0.5945945945945946,1.0,0.36477119641580114,0.0905700646162888,4.027502883664697,False
Q92905,0.9081081081081082,1.0,0.5317406464514667,0.07726009880071771,6.8824743264051715,False
Q92918;Q92918-2,0.3891891891891892,0.6666666666666666,0.4496641651275395,0.5779243281763344,0.7780675483007862,False
Q92930,1.0,1.0,0.6378345909089411,0.0465541920250967,13.700905614796056,True
Q92934,0.5297297297297298,1.0,0.5348298350291198,0.15234274750703491,3.5107009935239772,False
Q92945,0.9945945945945946,1.0,0.45618154863340443,0.2387450967221696,1.9107472986733969,False
Q92947,0.4594594594594595,0.8888888888888888,0.37285272422169946,0.1519732912904681,2.453409550162747,False
Q92954-6,1.0,1.0,1.0565620223695191,0.30701903158173494,3.44135676842639,False
Q92963;Q92963-3,0.7351351351351352,1.0,0.2936202795766407,0.22365750657701788,1.3128120941271904,False
Q92968,0.24864864864864866,0.6666666666666666,0.4562821819618028,0.2948359403165295,1.5475799235057577,False
Q92973;Q92973-2,0.9675675675675676,1.0,0.6800803577808345,0.08633864278272974,7.876894237175461,False
Q92974;Q92974-2;Q92974-3,0.9891891891891892,1.0,0.4497534142483417,0.06301035895750218,7.1377694348905605,False
Q92990,0.8108108108108109,1.0,0.8853740071626977,0.5952651991758096,1.4873606056402526,False
Q92994,0.6486486486486487,1.0,0.5377622033661034,0.2695196453533715,1.995261616870395,False
Q92997;Q92997-2,0.25405405405405407,0.5555555555555556,0.3579100420285748,0.11983443558519546,2.9867044500253113,False
Q93008;Q93008-3,0.972972972972973,1.0,0.4877119876465583,0.03149550608740448,15.485129411576644,True
Q93009;Q93009-3,0.8648648648648649,1.0,0.34836319639335045,0.2160270186181581,1.6125908630397072,False
Q93015-2,0.2756756756756757,0.5555555555555556,0.5621096707471889,0.4137221319309283,1.3586647350087477,False
Q93034,0.9243243243243243,1.0,0.3930313166907986,0.0326144973579634,12.050816309601446,False
Q93045;Q93045-2,0.25405405405405407,0.5555555555555556,0.3955096718744109,0.3549420723437162,1.1142935782811627,False
Q93050;Q93050-1;Q93050-3,0.9351351351351351,1.0,0.44742680639539323,0.027721722496421464,16.13993526026929,True
Q93052,0.9783783783783784,1.0,0.61964390660434,0.07011643739604168,8.83735582719896,False
Q93070,0.5621621621621622,0.6666666666666666,0.6184097282464727,0.36219517674845925,1.7073936041836133,False
Q93084,0.12972972972972974,0.2222222222222222,0.29591517393183775,0.27658855596530163,1.0698749733122026,False
Q93084-1,1.0,1.0,0.7498892720580308,0.012261334541328495,61.15886240037143,True
Q93084-3,0.20540540540540542,0.3333333333333333,0.675054436576807,0.6124208544638226,1.1022721248900325,False
Q93096,0.8648648648648649,1.0,0.663908045315817,0.23494769023462503,2.825769619836742,False
Q93099,0.5351351351351351,0.8888888888888888,0.3721935330797237,0.13795661882668675,2.697902690318222,False
Q93100-4,0.8,1.0,0.34715041990556283,0.07832441859157768,4.4322118969791156,False
Q969E2;Q969E2-2,0.8864864864864865,1.0,0.8272753592812814,0.2155260845146305,3.838400169261756,False
Q969F9,0.23783783783783785,0.6666666666666666,0.38222100786605395,0.4827824724712757,0.7917044003472912,False
Q969H8,0.5081081081081081,0.8888888888888888,0.4643357488675566,0.5431671594910723,0.8548671265446574,False
Q969J3,0.8162162162162162,1.0,0.5975406491347091,0.08509410789719496,7.022115442547655,False
Q969K3;Q969K3-2,0.1891891891891892,0.6666666666666666,0.35844590442747126,0.10911081603541728,3.285154647831797,False
Q969M1,0.02702702702702703,0.0,0.5172325494722276,,,False
Q969M3;Q969M3-3,0.6810810810810811,1.0,0.536538309608237,0.2814952583419945,1.9060296531047969,False
Q969M7;Q969M7-6,0.42162162162162165,0.8888888888888888,0.41192862903422967,0.47737828562379914,0.8628977090902968,False
Q969N2;Q969N2-5,0.14054054054054055,0.4444444444444444,0.38296711355192237,0.756918047695506,0.505955849140993,False
Q969P0;Q969P0-3,0.5459459459459459,0.8888888888888888,0.47517506358594197,0.14578330933730133,3.259461359095103,False
Q969Q5,0.15135135135135136,0.3333333333333333,0.2264891798291231,0.010293172086011992,22.003827191125346,False
Q969R2;Q969R2-2,0.3027027027027027,0.6666666666666666,0.5712599542054493,0.36471451692973744,1.5663208555953998,False
Q969S0;Q969S0-2;Q969S0-3,0.10270270270270271,0.3333333333333333,0.5072703559416158,0.07377095954841728,6.876287892238743,False
Q969S8;Q969S8-2,0.15135135135135136,0.1111111111111111,0.6370093201968361,,,False
Q969T3,0.20540540540540542,0.5555555555555556,0.508266724078763,0.5081474501986118,1.000234722972839,False
Q969T9,0.9783783783783784,1.0,0.6712282304128312,0.025790335835647937,26.026347027441403,True
Q969U6,0.12972972972972974,0.5555555555555556,0.2890258208084102,0.26649440900489374,1.0845474090343963,False
Q969U7;Q969U7-2,0.3945945945945946,0.7777777777777778,0.5291902723821149,0.34368348783311475,1.5397605387404536,False
Q969V3;Q969V3-2,0.9243243243243243,1.0,0.4665084004986504,0.04303838519730441,10.839356503734923,False
Q969V6,0.4594594594594595,1.0,0.4708524931739433,0.15005366357568306,3.1378940170724845,False
Q969X0,0.8,1.0,0.4867203148382524,0.13700339326789468,3.552615035501535,False
Q969X1,0.5621621621621622,1.0,0.527749401533046,0.053321424651267435,9.897511272150556,False
Q969X5;Q969X5-2,0.8162162162162162,1.0,0.47948259160705575,0.15939601732087816,3.0081215306767373,False
Q969Z0,0.25405405405405407,1.0,0.4654732080560553,0.5565306781316153,0.83638373650621,False
Q96A00,0.9891891891891892,1.0,0.9343607271379017,0.0549848554399599,16.99305599081126,True
Q96A25,0.17297297297297298,0.2222222222222222,0.5179192310480474,0.20163147801359482,2.5686427345095746,False
Q96A26,0.7513513513513513,1.0,0.5973235967327302,0.12796434507768595,4.667890859521069,False
Q96A33,0.7405405405405405,1.0,0.38368440913318125,0.11912994151333045,3.220721879480211,False
Q96A35,0.3081081081081081,0.7777777777777778,0.34527232732923174,0.33615352879111704,1.0271268862501843,False
Q96A49,0.40540540540540543,1.0,0.41128972766685656,0.2423992606030616,1.6967449762165727,False
Q96A65,0.8594594594594595,1.0,0.3893922025334735,0.07792646631610012,4.996918517438568,False
Q96A73,0.2972972972972973,0.6666666666666666,0.531346436918323,0.5489274169669054,0.9679721225335655,False
Q96AA3,0.7405405405405405,1.0,0.3679541773442878,0.19679854723379187,1.8696996625039475,False
Q96AC1;Q96AC1-3,0.7783783783783784,1.0,0.45722098374253584,0.06103980046641411,7.490538636247874,False
Q96AE4;Q96AE4-2,0.8594594594594595,1.0,0.37659049857206206,0.29642078434612884,1.2704591528653386,False
Q96AG3,0.5351351351351351,1.0,0.552448823649355,0.19171659595502177,2.881591032311902,False
Q96AG4,1.0,1.0,0.8344448350378677,0.04624810344288832,18.042790361518755,True
Q96AJ9;Q96AJ9-1,0.4486486486486487,1.0,0.4478769588201992,0.18756275431944047,2.3878779155557415,False
Q96AP7,0.9405405405405406,1.0,0.6489467998371818,0.055772207703149945,11.63566633924965,False
Q96AQ6;Q96AQ6-2,0.9459459459459459,1.0,0.48202546881358543,0.3236097130272668,1.489527197142475,False
Q96AT9;Q96AT9-2,0.9351351351351351,1.0,0.28637372973720865,0.1716576283499478,1.668284319723888,False
Q96AX1,0.8648648648648649,1.0,0.4325828566068335,0.09606988188204113,4.502793676148972,False
Q96AX2,0.9513513513513514,1.0,0.6604491614198675,0.07170729954980715,9.210347699136632,False
Q96AX9;Q96AX9-3;Q96AX9-5;Q96AX9-6,0.22162162162162163,0.4444444444444444,0.6047122878726405,0.7136659953996078,0.8473323540293382,False
Q96AY3,0.23243243243243245,0.5555555555555556,0.6136375473442186,0.35356740622973604,1.7355602822322878,False
Q96B23-2,0.1837837837837838,0.2222222222222222,0.42393165213299344,0.5298970995627794,0.8000263682944886,False
Q96B26,0.08108108108108109,0.1111111111111111,0.6253509694246357,,,False
Q96B36;Q96B36-3,0.12972972972972974,0.1111111111111111,0.6794840615702498,,,False
Q96B45,0.44324324324324327,1.0,0.42672805570281636,0.19428681086906074,2.196382007579552,False
Q96B49,0.6054054054054054,1.0,0.5984236008722537,0.20782084988557514,2.8795166664063876,False
Q96B70,0.08108108108108109,0.3333333333333333,0.5898521621584987,0.03719899461190046,15.856669469496818,False
Q96B96;Q96B96-2,0.3567567567567568,0.7777777777777778,0.5470721982862452,0.5785757421305462,0.9455498363476277,False
Q96B97,0.7945945945945946,1.0,0.33981435932864734,0.07040219283155658,4.826758168480391,False
Q96BF3;Q96BF3-2,0.20540540540540542,0.7777777777777778,0.49258075149772385,0.1232857413968258,3.995439747669037,False
Q96BI1,0.5513513513513514,1.0,0.48412835136512467,0.33460586043131535,1.44686154253566,False
Q96BJ3,0.5135135135135135,1.0,0.34062027404111284,0.2561836542544125,1.3295940954251808,False
Q96BM9,0.5351351351351351,1.0,0.4054742409875054,0.22319176768899496,1.8167078704825292,False
Q96BN8,0.6486486486486487,1.0,0.3079346334186095,0.06599542046888018,4.666000022892718,False
Q96BQ5,0.2918918918918919,0.8888888888888888,0.4670183115235327,0.18510655310130897,2.522970168797499,False
Q96BR1;Q96BR1-2,0.2,0.7777777777777778,0.43921518369226575,0.17728008598610856,2.4775212695163185,False
Q96BS2,0.8594594594594595,1.0,0.6476465629022883,0.08998009954095565,7.197664441430222,False
Q96BW1,0.3081081081081081,0.6666666666666666,0.6245397385700144,0.6240774944441041,1.0007406838574144,False
Q96BX8,0.6,1.0,0.4167856717108993,0.34350198917230124,1.2133428185239383,False
Q96BY6-3,0.9351351351351351,1.0,0.34696508191032827,0.05746637398127774,6.037706190116811,False
Q96BY7,0.4972972972972973,1.0,0.38651900809026873,0.11134432747077305,3.4713848192376635,False
Q96BZ4,0.3945945945945946,0.2222222222222222,0.5752981659430585,0.8005837484166021,0.7185983566127662,False
Q96BZ9-3,0.7027027027027027,1.0,0.4103175548356628,0.2048948102548387,2.0025766115077723,False
Q96C01,0.6054054054054054,1.0,0.478648645184621,0.23328380683667227,2.0517868414233087,False
Q96C11;Q96C11-3,0.1945945945945946,0.3333333333333333,0.3788053480479894,0.15068807630019165,2.513837573275249,False
Q96C19,0.9513513513513514,1.0,0.43979062620530485,0.1067592486869291,4.119461607443383,False
Q96C23,0.44324324324324327,0.8888888888888888,0.45811636802640887,0.35699922906142323,1.2832418972747641,False
Q96C24,0.9945945945945946,1.0,0.8043171042999226,0.02263698473124265,35.53110601297693,True
Q96C36,0.21081081081081082,0.3333333333333333,0.4300750742311443,0.006685250767045403,64.33192848220101,False
Q96CD0,0.3783783783783784,0.8888888888888888,0.48825798807419574,0.34094169960889875,1.4320864494847259,False
Q96CD2,0.1945945945945946,0.5555555555555556,0.3734532028721018,0.2522619748540649,1.4804181370900107,False
Q96CG8;Q96CG8-3,0.7405405405405405,0.8888888888888888,0.6830809795664905,0.22805129194074603,2.995295373042542,False
Q96CM3,0.572972972972973,0.6666666666666666,0.8919344447544786,0.25456902304606377,3.5037037660041017,False
Q96CM8;Q96CM8-2;Q96CM8-3,0.2648648648648649,0.7777777777777778,0.46445918507084727,0.3207347667333931,1.4481098815736537,False
Q96CN4-2,0.7027027027027027,1.0,0.3252646901920162,0.023910585351847757,13.603376304080337,True
Q96CN7,0.9891891891891892,1.0,0.8067932184566047,0.03643011867606205,22.146324189351112,True
Q96CN9,0.35135135135135137,1.0,0.4198787159908548,0.10317197320352278,4.0696974474121825,False
Q96CS3,0.8432432432432433,1.0,0.5046311094946123,0.06158699085871966,8.193793891509236,False
Q96CT7,0.34054054054054056,0.7777777777777778,0.4826924682412912,0.3592512480227388,1.3436069349736517,False
Q96CU9;Q96CU9-2;Q96CU9-3,0.16216216216216217,0.2222222222222222,0.3396450003423306,0.7592932227678899,0.4473173079356688,False
Q96CV9,0.9081081081081082,1.0,0.2700173673772053,0.06337168436462726,4.260851989093149,False
Q96CW1;Q96CW1-2,1.0,1.0,0.5879149743229473,0.03577548637169059,16.433458603882706,True
Q96CW5,0.745945945945946,1.0,0.34243831454921203,0.051962204127132594,6.590142206273432,False
Q96D31,0.9081081081081082,1.0,0.5671719544002434,0.06700930851548748,8.464077110557799,False
Q96D46,0.5135135135135135,1.0,0.3750228295164231,0.17336419941621628,2.163208037064565,False
Q96D71;Q96D71-3;Q96D71-4,0.8162162162162162,1.0,0.26852429111084497,0.12540994721538468,2.141172188276814,False
Q96D96;Q96D96-4,0.6702702702702703,1.0,0.5399931836148779,0.2929287858481473,1.8434281972370155,False
Q96DA2,0.23243243243243245,0.4444444444444444,0.45303275773643215,0.5307077932844306,0.853638788555779,False
Q96DA6,0.2864864864864865,0.5555555555555556,0.5590083980709597,0.2998708839716038,1.864163638254039,False
Q96DB5,0.43243243243243246,1.0,0.5235696127927438,0.4182327055597206,1.2518619558746629,False
Q96DE0,0.3027027027027027,0.7777777777777778,0.4178334573339484,0.4565312844902252,0.9152351033303494,False
Q96DG6,0.21081081081081082,0.3333333333333333,0.34314419698606713,0.12922115997374206,2.6554799311180504,False
Q96DH6-2,0.4540540540540541,1.0,0.4977927457185629,0.5386102361043701,0.924217016963826,False
Q96DM3,0.6594594594594595,1.0,0.38666529762733415,0.12032983230004568,3.213378513344669,False
Q96DR5,0.7027027027027027,0.8888888888888888,0.6164718966818068,0.23616597300510733,2.6103332704431343,False
Q96DR8,0.21621621621621623,0.2222222222222222,0.5983184182309129,0.19024202151617953,3.1450381648726733,False
Q96DT0;Q96DT0-2;Q96DT0-5,0.5675675675675675,1.0,0.30071312474093226,0.09505680411188244,3.163509730318632,False
Q96DT6,0.3567567567567568,0.8888888888888888,0.4925294762646031,0.45150663658553825,1.090857667097199,False
Q96DU3;Q96DU3-2,0.43243243243243246,0.8888888888888888,0.4188735480503336,0.11970978348951711,3.499075312311579,False
Q96DV4,0.2810810810810811,0.6666666666666666,0.5309339971071516,0.2981320592457859,1.7808685132699509,False
Q96DX4,0.11891891891891893,0.1111111111111111,0.31015140374316896,,,False
Q96DZ1;Q96DZ1-3,0.6594594594594595,1.0,0.5556217457932702,0.07350939372349785,7.5585135130241365,False
Q96DZ9;Q96DZ9-2;Q96DZ9-3;Q96DZ9-4;Q96DZ9-5;Q96DZ9-6,0.9081081081081082,1.0,0.6585379579601165,0.22205919061649126,2.965596497635843,False
Q96E11;Q96E11-3,0.21621621621621623,0.2222222222222222,0.4680484879862812,0.18209532710864806,2.570348703715048,False
Q96E17,0.827027027027027,1.0,0.43535411323060735,0.0588782796784475,7.39413779764305,False
Q96E52,0.2,0.6666666666666666,0.556546476513013,0.26274904443856517,2.1181674616637562,False
Q96EB1,0.34594594594594597,1.0,0.3778354110501372,0.30016269522741723,1.2587687179576779,False
Q96EC8,0.35135135135135137,1.0,0.4882495659943977,0.36910646055898155,1.3227879166758114,False
Q96EE3;Q96EE3-1,0.3891891891891892,0.8888888888888888,0.5062741398231942,0.4514476033970949,1.1214460681893879,False
Q96EK5,0.16756756756756758,0.4444444444444444,0.7459857585314342,0.25933198785546097,2.87656669237121,False
Q96EK6,0.13513513513513514,0.2222222222222222,0.5855140145540982,0.057345533015954686,10.210281145894946,False
Q96EK7,0.5405405405405406,1.0,0.31037138377793294,0.2001348398006204,1.5508113634144514,False
Q96EM0,0.8,1.0,0.4814007302414893,0.08473193906857901,5.681455370115639,False
Q96EP0,0.7513513513513513,1.0,0.40117526277800764,0.1836018899723122,2.1850279582552568,False
Q96EP5;Q96EP5-2,0.9027027027027027,1.0,0.4108504885376689,0.1829910216680588,2.2451947903921843,False
Q96EQ0,0.43243243243243246,1.0,0.48906621304388853,0.3439150827620985,1.4220551454621653,False
Q96ER9,0.35135135135135137,0.8888888888888888,0.36278377207661094,0.16701174707956756,2.1722051198217445,False
Q96ET8-3,0.4918918918918919,1.0,0.470786926415677,0.20278661199434644,2.3215878098934963,False
Q96EU7,0.22162162162162163,0.4444444444444444,0.41691770598423084,0.32203616103239874,1.2946300957248291,False
Q96EV8;Q96EV8-2,0.41621621621621624,0.7777777777777778,0.5412660619554046,0.28535980212416767,1.8967845433250101,False
Q96EX1,0.23243243243243245,0.5555555555555556,0.5401356889474851,0.44465632125285026,1.2147262124276452,False
Q96EY1;Q96EY1-2,0.10270270270270271,0.1111111111111111,0.6018125844810385,,,False
Q96EY7,0.08108108108108109,0.1111111111111111,0.6455703335099123,,,False
Q96EY8,0.20540540540540542,0.7777777777777778,0.5975429488532136,0.2002844989855319,2.9834707722257563,False
Q96F07-2,0.6918918918918919,1.0,0.42919120137553346,0.38512710123536564,1.1144144361662012,False
Q96F24;Q96F24-2,0.6270270270270271,1.0,0.4098586348686668,0.33730016544870267,1.215115427896222,False
Q96F46;Q96F46-2,0.572972972972973,1.0,0.361930660814445,0.2216569105669972,1.6328417638260333,False
Q96F85,0.4756756756756757,0.6666666666666666,0.6345215041279992,0.34386825460186543,1.8452459499719025,False
Q96F86,0.3783783783783784,0.8888888888888888,0.3708741696738267,0.22066378561341615,1.6807205978219104,False
Q96FE7;Q96FE7-5,0.4486486486486487,0.6666666666666666,0.5828068110546489,0.19039468752496713,3.0610455503293568,False
Q96FH0,0.43243243243243246,1.0,0.3870792893777102,0.24943352307004218,1.5518334689480227,False
Q96FJ2,1.0,1.0,0.25142075080652404,0.05864574502153275,4.2871098442727735,False
Q96FN4,0.7513513513513513,1.0,0.4354365703546623,0.09922492861495158,4.388378771673403,False
Q96FS4,0.6108108108108108,1.0,0.2867889322936765,0.1786826663866563,1.6050182040214585,False
Q96FV2-2,0.3027027027027027,0.7777777777777778,0.4388456281742128,0.45225920712082157,0.9703409488730976,False
Q96FW1,0.8108108108108109,1.0,0.5776832902463367,0.06247374511255899,9.24681703018643,False
Q96FZ7,0.9837837837837838,1.0,0.6666424955548269,0.056590056665392297,11.780205478438985,False
Q96G03,0.9675675675675676,1.0,0.6473876259982223,0.10474777199749319,6.180442921628114,False
Q96G23,0.9621621621621622,1.0,0.6939856209202837,0.1116260121721595,6.217060050931119,False
Q96G46,0.15135135135135136,0.4444444444444444,0.4203464105257009,0.13231977124961425,3.1767468047744702,False
Q96G97;Q96G97-4,0.0918918918918919,0.2222222222222222,0.4273799746570681,0.6767736097964354,0.6314962174509411,False
Q96GA7,0.33513513513513515,0.8888888888888888,0.43318484747267405,0.21315849532531228,2.032219484433722,False
Q96GC5;Q96GC5-3,0.03783783783783784,0.1111111111111111,0.14158399835888602,,,False
Q96GC9,0.41081081081081083,0.8888888888888888,0.4424744751791394,0.13132084873177696,3.3694152866990237,False
Q96GD0,0.7081081081081081,0.8888888888888888,0.36716358787492176,0.07403342667153545,4.959429873534271,False
Q96GG9,0.6972972972972973,1.0,0.466441471712324,0.19784798321658137,2.357575064092097,False
Q96GK7,0.5945945945945946,1.0,0.5143932483368028,0.07174784321337668,7.169459391371631,False
Q96GQ5,0.6,1.0,0.39633962756974483,0.10668078518677682,3.7151922614352064,False
Q96GR2,0.3567567567567568,0.7777777777777778,0.4192833720091249,0.3040697567858519,1.3789052105711876,False
Q96GS4,0.6378378378378379,1.0,0.47886227599321707,0.1115237931718891,4.293812668792188,False
Q96GS6;Q96GS6-2,0.4972972972972973,1.0,0.4996864017405569,0.36464545031616247,1.370334941262282,False
Q96GX9,0.41081081081081083,0.6666666666666666,0.9643721405194405,0.9835491471509492,0.9805022385642255,False
Q96GZ6-5;Q96GZ6-6;Q96GZ6-9,0.2810810810810811,0.7777777777777778,0.5926594661325941,0.5243458724413621,1.1302834584606587,False
Q96H20,0.6864864864864865,1.0,0.4513552530124407,0.16463235841851542,2.7415950141772307,False
Q96H79,0.8540540540540541,1.0,0.6227656147958189,0.06588958515634147,9.451654814917006,False
Q96HA7,0.05405405405405406,0.2222222222222222,0.5302771654776102,0.9268266214937642,0.5721427861264535,False
Q96HC4,0.9945945945945946,1.0,0.801347307121631,0.036583289177652745,21.90473642843306,True
Q96HC4-6,0.08648648648648649,0.3333333333333333,0.5360848519919994,0.354050631914836,1.5141474231881904,False
Q96HD1,0.7675675675675676,1.0,0.5024234842184505,0.21753369943842493,2.3096351761381526,False
Q96HE7,0.4,0.6666666666666666,0.43929414635931163,0.185779057275953,2.3646053155862004,False
Q96HF1,0.4702702702702703,0.3333333333333333,0.6300734237708969,0.4746433293356951,1.3274671418067538,False
Q96HJ9,0.2594594594594595,0.4444444444444444,0.4991605714195346,0.6453903497461697,0.7734242875119733,False
Q96HN2-2,0.9675675675675676,1.0,0.6812394607335168,0.04108739639601744,16.580253812323544,True
Q96HR9;Q96HR9-2,0.32972972972972975,0.8888888888888888,0.8021388778290817,0.15265231717318084,5.254678688690142,False
Q96HS1,0.8486486486486486,1.0,0.5107940936276094,0.09290554930276862,5.497993364884906,False
Q96HV5,0.44324324324324327,1.0,0.5349243663161838,0.20057725897648915,2.6669243016172905,False
Q96HY6,0.42162162162162165,0.8888888888888888,0.5700636398425738,0.3748616530841069,1.5207307420016896,False
Q96I24,0.6378378378378379,1.0,0.33411750045978383,0.22691803515072628,1.4724149195010092,False
Q96I25,0.12432432432432433,0.1111111111111111,0.45105735437760863,,,False
Q96I99,0.5837837837837838,1.0,0.5603128809706677,0.13942640064137812,4.018700033803938,False
Q96IG2,0.8702702702702703,1.0,0.4902636213292553,0.07999318130219457,6.128817648558817,False
Q96II8,0.4810810810810811,1.0,0.42277586338448003,0.218465019113534,1.9352107953025093,False
Q96IJ6,0.9459459459459459,1.0,0.47716296485909204,0.09498408688648396,5.023609538188773,False
Q96IK0,0.04864864864864865,0.0,0.3971560936422023,,,False
Q96IU4,0.9081081081081082,1.0,0.5451952130146429,0.1374381104053377,3.9668415944218998,False
Q96IV0,0.7135135135135136,1.0,0.36504213840018984,0.1661891608253825,2.196546011708581,False
Q96IW7,0.44324324324324327,1.0,0.45997842033225034,0.41905081377678144,1.0976674074120043,False
Q96IX5,0.6648648648648648,1.0,0.5665235230210666,0.22091926908220394,2.564391623123936,False
Q96IY4,1.0,1.0,0.6511544696940916,0.17650861779973148,3.689080328264189,False
Q96IZ0,0.4540540540540541,1.0,0.37153193272803176,0.1436997156234323,2.5854743770101667,False
Q96J02;Q96J02-2,0.6324324324324324,1.0,0.3231483834116826,0.23332315108476465,1.3849820813292766,False
Q96JA3,0.05945945945945946,0.0,0.5735314869587231,,,False
Q96JB2,0.6054054054054054,1.0,0.4316045965600015,0.04949181451298834,8.720726867808287,False
Q96JB5,0.8648648648648649,1.0,0.5327488324851357,0.06991344675996203,7.620119693343883,False
Q96JC1;Q96JC1-2,0.7783783783783784,1.0,0.4506998794886714,0.14796377011341377,3.046015109936786,False
Q96JD6,0.7135135135135136,1.0,0.6608200263000734,0.16429270655140726,4.022211576953372,False
Q96JF6,0.8378378378378378,0.7777777777777778,0.6266448178022497,0.2752964793902919,2.276254382875148,False
Q96JG6,0.654054054054054,1.0,0.3562078185449167,0.22266756908531704,1.599729228680053,False
Q96JG9,0.8486486486486486,0.5555555555555556,0.9969283607702799,0.501783509735299,1.9867698747138582,False
Q96JH7,0.8378378378378378,1.0,0.29068812916090003,0.12892488702369853,2.254709202168754,False
Q96JH8;Q96JH8-1,0.34054054054054056,1.0,0.37777027077471637,0.43806529658927396,0.862360642844782,False
Q96JI7,0.7027027027027027,1.0,0.862308518726171,0.337940893183454,2.5516548488793265,False
Q96JJ3,0.34054054054054056,1.0,0.446485790024699,0.3021349663459354,1.4777693407173742,False
Q96JJ7,0.9351351351351351,1.0,0.5325131037116311,0.05148978794876946,10.342111026781913,False
Q96JQ0,0.4486486486486487,0.4444444444444444,0.5066463363186511,0.21287473212104047,2.3800210164472326,False
Q96K12,0.10810810810810811,0.1111111111111111,0.5064109654734636,,,False
Q96K17,0.6594594594594595,1.0,0.4232179098534381,0.06412664040881033,6.599720602161662,False
Q96K19,0.42702702702702705,1.0,0.3841316227200853,0.1207019181399751,3.182481510149798,False
Q96K21;Q96K21-2,0.3621621621621622,1.0,0.3600868861273021,0.4574330253215795,0.787190399893313,False
Q96K37,0.6756756756756757,1.0,0.6072240321507536,0.22483336654724972,2.700773650618903,False
Q96K49,0.6162162162162163,1.0,0.5164343929899369,0.10655359033577305,4.8467103864125285,False
Q96K76-4,0.9513513513513514,1.0,0.5989153148103963,0.07844495375627503,7.63484821051969,False
Q96KA5;Q96KA5-2,0.3783783783783784,0.8888888888888888,0.6655021091626425,0.41274047144686676,1.6123984808897387,False
Q96KC8,0.654054054054054,1.0,0.45489359018242936,0.12049574328304402,3.7751839010103962,False
Q96KG9;Q96KG9-2;Q96KG9-3;Q96KG9-4,0.8972972972972973,1.0,0.5057687779546205,0.09964227877822829,5.075845154849373,False
Q96KN2,1.0,1.0,0.9898026753471765,0.24841244478154856,3.984513240540743,False
Q96KP1,0.8864864864864865,1.0,0.43066238580212346,0.05396267765607554,7.980745294866518,False
Q96KP4,0.9837837837837838,1.0,0.6874013990664274,0.03031979713634314,22.671701791911612,True
Q96KR1,0.23243243243243245,0.1111111111111111,0.5797037553548314,,,False
Q96KR7;Q96KR7-2;Q96KR7-4,0.10270270270270271,0.2222222222222222,0.31357725718947904,0.26178376015173743,1.1978483959727702,False
Q96L08,0.42162162162162165,0.8888888888888888,0.5947413516617912,0.21955573665368888,2.7088399543843056,False
Q96L58,0.372972972972973,0.5555555555555556,0.4322232178446992,0.7193012328488084,0.6008931976007738,False
Q96L92;Q96L92-3,0.6648648648648648,1.0,0.37472269475020603,0.15982587747172516,2.34456835575014,False
Q96L96,0.8216216216216217,0.8888888888888888,0.6166764508156897,0.29639034630607863,2.080622592811628,False
Q96LB3,0.10270270270270271,0.1111111111111111,0.35930738916240834,,,False
Q96LI5,0.15135135135135136,0.3333333333333333,0.27330273265572114,0.2681984742377548,1.0190316459945312,False
Q96LJ7,0.2702702702702703,0.8888888888888888,0.4367707380907895,0.23301549719943715,1.8744278528262819,False
Q96LT7,0.4540540540540541,1.0,0.4014617482794085,0.25019843355101834,1.6045733883363655,False
Q96LW7-2,0.654054054054054,1.0,0.490739201146118,0.15465567485319376,3.1731082717265315,False
Q96LZ7,0.8108108108108109,1.0,0.6678545384168943,0.5367412710792951,1.2442764780765838,False
Q96M27,1.0,1.0,0.2988338563072723,0.17486716651244194,1.7089191885888426,False
Q96M96,0.8648648648648649,1.0,0.4140381627947889,0.05328791097429075,7.7698328800043495,False
Q96ME1;Q96ME1-1;Q96ME1-2;Q96ME1-5,0.24324324324324326,0.4444444444444444,0.42418080969519245,0.30921896429446694,1.371781354558992,False
Q96MH2,0.3675675675675676,0.8888888888888888,0.956627395260714,0.4711667682145855,2.0303371540520727,False
Q96MH6,0.42162162162162165,1.0,0.4826813371994483,0.17393568602672005,2.7750563913911184,False
Q96MI6-3,0.14594594594594595,0.1111111111111111,0.9073506179979187,,,False
Q96MK2,0.9135135135135135,1.0,0.5996113271154258,0.056583528366367375,10.59692359997522,False
Q96MW1,0.34594594594594597,1.0,0.3509450165471737,0.3382971306688649,1.0373869144361407,False
Q96MW5,0.6162162162162163,1.0,0.46176820238824323,0.18306344761014515,2.5224489564494177,False
Q96MX0;Q96MX0-2,0.7837837837837838,1.0,0.6039331708308691,0.1607293586191041,3.7574539960808773,False
Q96MX6,0.41621621621621624,0.8888888888888888,0.46070849634274147,0.2939100856539101,1.5675150967266998,False
Q96MY7;Q96MY7-2,0.2594594594594595,0.3333333333333333,0.7386801681015562,0.6060919009197949,1.2187593448791307,False
Q96N21-2,0.032432432432432434,0.0,0.8097674388940383,,,False
Q96N66;Q96N66-2,0.4756756756756757,1.0,0.5303717246232846,0.25155809971481524,2.1083468400522705,False
Q96N67;Q96N67-2;Q96N67-3;Q96N67-4;Q96N67-5;Q96N67-6,0.8162162162162162,1.0,0.38288025479338117,0.04672736916378106,8.193918503123351,False
Q96NA2,0.5621621621621622,1.0,0.41170006515549495,0.07418527425133625,5.549619777109326,False
Q96NB2,0.518918918918919,1.0,0.43333637936865976,0.2632964343366222,1.645811803188504,False
Q96NT0,0.5297297297297298,0.8888888888888888,0.30050746179322196,0.10542467118896681,2.850447228377711,False
Q96NT1,0.372972972972973,0.8888888888888888,0.6235249597177042,0.6352575000490823,0.9815310479128988,False
Q96NW4,0.5243243243243243,1.0,0.393538396814348,0.32782278585380986,1.2004607787996882,False
Q96NW7;Q96NW7-2,0.7837837837837838,0.7777777777777778,0.5772694805270397,0.06215920716272727,9.286950507843507,False
Q96NZ9,0.6972972972972973,0.4444444444444444,0.7695801554495763,0.713353600541498,1.0788200338028677,False
Q96P48;Q96P48-3,0.9783783783783784,1.0,0.608562706088227,0.08106829321149078,7.506790657361072,False
Q96P53,0.43783783783783786,1.0,0.4738498287093318,0.3850442932487077,1.2306371942597858,False
Q96P63-2,0.7405405405405405,0.7777777777777778,0.8022961826878117,1.495561552695552,0.5364514628246353,False
Q96P70,0.8432432432432433,1.0,0.3891095673180356,0.11110259195191041,3.5022546322452817,False
Q96PB7;Q96PB7-3;Q96PB7-5,0.07567567567567568,0.0,0.30385099249436465,,,False
Q96PC5,0.4864864864864865,1.0,0.45081169182904635,0.22057638035341576,2.0437895077738557,False
Q96PD5,1.0,1.0,0.5740063373473241,0.2206296425306391,2.6016736951727197,False
Q96PE3;Q96PE3-2;Q96PE3-3,0.4486486486486487,1.0,0.4125558190452061,0.27794591350100006,1.484302517164807,False
Q96PK6,0.22702702702702704,0.3333333333333333,1.22920071642129,1.299762439084894,0.9457118312225705,False
Q96PL1,0.9297297297297298,1.0,0.94341514154788,0.2834254570033625,3.328618224779602,False
Q96PL5,0.6378378378378379,0.8888888888888888,0.6399367663119646,0.12789823391936395,5.003483994278027,False
Q96PM5;Q96PM5-6;Q96PM5-7,0.17297297297297298,0.2222222222222222,0.3514989532738628,0.07628978036519918,4.60741860300603,False
Q96PM9;Q96PM9-3,0.9675675675675676,1.0,0.5497435704516498,0.2784853017126814,1.9740487812848047,False
Q96PP9,0.5135135135135135,1.0,0.4292681008841708,0.2453353078818985,1.7497200243628013,False
Q96PQ7;Q96PQ7-5;Q96PQ7-6,0.20540540540540542,0.5555555555555556,0.5606664706095952,0.1774302212192893,3.1599265714528815,False
Q96PU5;Q96PU5-2;Q96PU5-3;Q96PU5-5;Q96PU5-6;Q96PU5-7,0.16216216216216217,0.2222222222222222,0.607636480799461,0.07943280804260766,7.649691554068258,False
Q96PU8;Q96PU8-3;Q96PU8-5;Q96PU8-6;Q96PU8-8;Q96PU8-9,0.2648648648648649,0.6666666666666666,0.5039890394594604,0.6013320946764225,0.8381209716249347,False
Q96PY6;Q96PY6-2;Q96PY6-3;Q96PY6-6,0.4,1.0,0.3817871792268095,0.42874112879453996,0.890484149025433,False
Q96Q05;Q96Q05-2;Q96Q05-3,0.8324324324324325,1.0,0.36207860813968384,0.054599824630386706,6.631497639246527,False
Q96Q06,0.9513513513513514,1.0,0.6842457831097821,0.16168534107846888,4.231959301602394,False
Q96Q11;Q96Q11-2,0.4756756756756757,1.0,0.3247279523235225,0.24879991435988202,1.305177106507411,False
Q96Q15;Q96Q15-2,0.24324324324324326,0.6666666666666666,0.39954338331260253,0.17091709588033233,2.3376443488856316,False
Q96Q42,0.654054054054054,1.0,0.3784096520810163,0.17678584368867512,2.140497475280919,False
Q96QA5,0.24324324324324326,0.3333333333333333,0.9259472923995631,0.6658542650916655,1.3906155459890186,False
Q96QF0;Q96QF0-2,0.6162162162162163,1.0,0.37029050296314736,0.38483306615550106,0.9622107233725143,False
Q96QG7,0.5837837837837838,1.0,0.3835854548030646,0.18689389873300932,2.0524236339627255,False
Q96QH2,0.24864864864864866,0.1111111111111111,0.9528206962513952,,,False
Q96QK1,0.9675675675675676,1.0,0.6431962149260215,0.03665535787457408,17.547126865515434,True
Q96QR1,0.5297297297297298,0.6666666666666666,0.7973214414812508,0.7644107761024665,1.0430536387079565,False
Q96QR8,0.5891891891891892,1.0,0.41688272768844037,0.28831101016801597,1.4459479970796052,False
Q96QS1;Q96QS1-2,0.8324324324324325,1.0,0.558466695098172,0.10434225639778738,5.3522581778288485,False
Q96QT4,0.2,0.5555555555555556,0.5923145306928088,0.4418928748388318,1.3404029899980605,False
Q96QU8,0.8864864864864865,0.8888888888888888,0.6459001932193198,0.4013814720878912,1.6091928455479028,False
Q96RD7,0.7135135135135136,1.0,0.4161819318368014,0.13688751054525916,3.0403206996682073,False
Q96RF0-2,0.4972972972972973,1.0,0.44230240065352344,0.33861256746930835,1.3062196833365125,False
Q96RG2,0.5459459459459459,0.8888888888888888,0.3630433793034378,0.12497592858108231,2.9049064361854393,False
Q96RI0,0.8702702702702703,1.0,0.58738609049621,0.0840935970992831,6.984908610850915,False
Q96RL7,0.9945945945945946,1.0,0.5642667590635826,0.03888011810529157,14.51298984060406,True
Q96RL7-4,0.14054054054054055,0.5555555555555556,0.36866195763194476,0.3107036015518325,1.1865390545543562,False
Q96RP9;Q96RP9-2,0.21621621621621623,0.5555555555555556,0.419629925202349,0.3660926013237411,1.146239841190519,False
Q96RQ1,0.3891891891891892,1.0,0.4329633782722855,0.4972919144090078,0.8706423043029532,False
Q96RR4-7,0.8432432432432433,0.8888888888888888,0.3821217838229565,0.23179638710196127,1.6485234675157854,False
Q96RS6,0.5891891891891892,1.0,0.47589419365369956,0.3423931652241823,1.3899056464579465,False
Q96RT1;Q96RT1-2;Q96RT1-3;Q96RT1-4;Q96RT1-5;Q96RT1-6;Q96RT1-7;Q96RT1-8,1.0,1.0,0.6966409817289954,0.007848101663173068,88.76553995190427,True
Q96RT7;Q96RT7-3,0.2,0.5555555555555556,0.2882488286148064,0.6798002067523274,0.4240199190169186,False
Q96RT8;Q96RT8-2,0.2,0.5555555555555556,0.3855452292140171,0.2956821313495315,1.3039179183887064,False
Q96S06,0.15135135135135136,0.4444444444444444,0.6023987324562423,0.5381318335532441,1.1194259378387796,False
Q96S15,0.21621621621621623,0.4444444444444444,0.37425999166184365,0.14558465479736427,2.570737913159646,False
Q96S19,0.654054054054054,1.0,0.46534148246650453,0.12714133377607872,3.6600330407581203,False
Q96S38;Q96S38-2,0.5783783783783784,0.8888888888888888,0.7115476582860474,0.11508268956618117,6.182925172919722,False
Q96S44,0.4486486486486487,1.0,0.4984253299696455,0.35240896041489833,1.4143378459583975,False
Q96S52-2,0.20540540540540542,0.4444444444444444,0.40005600147415077,0.19623876014710806,2.0386186764238294,False
Q96S53;Q96S53-2;Q96S53-3,0.2810810810810811,0.4444444444444444,0.3079555761347903,0.17841435186338472,1.7260695281431047,False
Q96S59,0.4810810810810811,1.0,0.40498685676958956,0.14371172283303757,2.8180502521711337,False
Q96S66,0.6864864864864865,1.0,0.34086957881611823,0.10767777286337754,3.1656447728410617,False
Q96S82,0.3783783783783784,1.0,0.4459604776705941,0.15414292886317504,2.8931620863805625,False
Q96S97,0.7675675675675676,1.0,0.6749594090209596,0.2678513776087925,2.519902697707101,False
Q96S99,0.9297297297297298,1.0,0.6143598569280151,0.08213924893897762,7.4794920195147085,False
Q96SB3,0.9405405405405406,1.0,0.7107165453385207,0.0846981726137539,8.391167405459576,False
Q96SL4,0.5405405405405406,1.0,0.4182301919785818,0.10573425901662681,3.955484209832262,False
Q96SM3,0.5297297297297298,1.0,0.42921031429213663,0.16184840486861773,2.6519279855773243,False
Q96SU4;Q96SU4-2;Q96SU4-6;Q96SU4-7,0.3837837837837838,0.8888888888888888,0.5392266002907196,0.2075901493709562,2.5975538912838334,False
Q96SW2;Q96SW2-2,0.5621621621621622,1.0,0.5320775066263863,0.16237373224209684,3.276869351214189,False
Q96SZ5,0.572972972972973,1.0,0.5224302540274035,0.3413625826760036,1.5304262404273408,False
Q96T17-2,0.16756756756756758,0.3333333333333333,0.9036111602180572,0.008473134329200604,106.64426233678135,False
Q96T51,0.9783783783783784,1.0,0.5561744352418057,0.049354261342985595,11.269025614155021,False
Q96T60,0.21621621621621623,0.4444444444444444,0.33758036466903896,0.14699215504344654,2.2965876278857205,False
Q96T66;Q96T66-2,0.5351351351351351,1.0,0.5822080942764902,0.19994445319897736,2.911849190920531,False
Q96T76;Q96T76-8,0.7891891891891892,1.0,0.42731323806523136,0.071104215173591,6.009675193263941,False
Q96TA1,0.4810810810810811,0.7777777777777778,0.6461446098667363,0.18342541284994773,3.5226558840858044,False
Q96TA2,0.0918918918918919,0.1111111111111111,0.4025212999536123,,,False
Q96TC7,0.9405405405405406,1.0,0.4307048572719854,0.18685245883406765,2.305053195229656,False
Q99062-2,0.2594594594594595,0.7777777777777778,0.4621622568648247,0.044545833405802426,10.374982832953904,False
Q99417,0.3675675675675676,0.7777777777777778,0.32741158537067516,0.34283505102637335,0.9550119930575252,False
Q99418;Q99418-2,0.8972972972972973,1.0,0.36115550299252064,0.055265932239610294,6.5348667498577475,False
Q99426,0.8864864864864865,1.0,0.6140359284938732,0.07552782592224538,8.129929876784919,False
Q99436,0.8108108108108109,1.0,0.5545557656319522,0.2193507908770318,2.52816852592447,False
Q99439,1.0,1.0,0.8163267090183801,0.029583749008086357,27.593754557451362,True
Q99442,0.33513513513513515,1.0,0.40881153285080973,0.12268776755948352,3.3321295267077295,False
Q99447;Q99447-3,0.6594594594594595,1.0,0.4136554862967472,0.15144076926564765,2.731467149187148,False
Q99459,0.9621621621621622,1.0,0.9677241644034691,0.34818613074856053,2.7793300161697205,False
Q99460,0.9891891891891892,1.0,0.5710147698404544,0.04942088329369021,11.554119064346194,False
Q99470,0.4594594594594595,1.0,0.43334445815010625,0.14291881220779779,3.0321022925942187,False
Q99471,0.8972972972972973,1.0,0.6621260465134311,0.051205875508177456,12.930665474271427,True
Q99487,0.9621621621621622,1.0,0.7181021916032346,0.19502966328549398,3.6820152355595335,False
Q99489;Q99489-2;Q99489-3;Q99489-4,0.12432432432432433,0.0,0.19972572212421724,,,False
Q99490-2,0.8054054054054054,1.0,0.37293031750090755,0.16702584709459956,2.2327701010831484,False
Q99497,0.9945945945945946,1.0,0.9529557096179087,0.09891072675603851,9.634503161303792,False
Q99501,0.9513513513513514,1.0,0.5799891498331675,0.07453008108848636,7.781947119372799,False
Q99518,0.9891891891891892,1.0,0.36041083404048635,0.05303053187308038,6.7962892565940844,False
Q99519,0.23783783783783785,0.4444444444444444,0.426462954772199,0.21219466946562804,2.009772233422097,False
Q99523,0.8864864864864865,1.0,0.4896550637683159,0.083535213852036,5.861660504462593,False
Q99536,1.0,1.0,0.2887116780235157,0.07678186088507921,3.760154738312942,False
Q99542,0.9945945945945946,1.0,0.6500864967261952,0.23455769201355814,2.7715420080472923,False
Q99543;Q99543-2,0.4,1.0,0.4497524515454776,0.2467847395505025,1.8224483911147165,False
Q99567,0.2918918918918919,0.7777777777777778,0.38041762813204816,0.2058133348681892,1.8483623929211501,False
Q99569;Q99569-2,0.44324324324324327,0.5555555555555556,0.8668242347812063,0.34206622271783793,2.534083102078829,False
Q99570,0.7513513513513513,1.0,0.3563407144619788,0.09170562178217168,3.8857019617444473,False
Q99574,0.12972972972972974,0.3333333333333333,0.28971255082627767,0.4364389932040105,0.6638099604699012,False
Q99576-3,0.7945945945945946,1.0,0.36077120752959146,0.04898914216770933,7.364309550359711,False
Q99598,0.6378378378378379,1.0,0.3547004490221086,0.1911698927857124,1.8554200342608453,False
Q99611,0.43243243243243246,1.0,0.4333710393543386,0.19295306794009726,2.2459919605366405,False
Q99613;Q99613-2,0.9621621621621622,1.0,0.36489979899167757,0.09817001246885937,3.717018973664976,False
Q99614,0.7891891891891892,1.0,0.6093382633767295,0.048388272790555575,12.592684719584787,False
Q99615,0.6918918918918919,1.0,0.4443458155432527,0.07210417838211747,6.162552927077729,False
Q99623,0.9891891891891892,1.0,0.8415650970299122,0.05190697655154608,16.212947718004695,True
Q99627,0.8,1.0,0.600765006076128,0.31579144953263416,1.9024106161368517,False
Q99653,0.7297297297297297,1.0,0.4354163774903732,0.2469293573370912,1.7633236573647755,False
Q99683,0.9297297297297298,1.0,0.6002692572360226,0.10179142153917731,5.897051521232485,False
Q99685,0.9621621621621622,1.0,0.7843230230108782,0.11066848396660944,7.087139851373782,False
Q99698,0.5945945945945946,1.0,0.33620544587081724,0.15184360295972077,2.214156140380848,False
Q99700;Q99700-4,0.6702702702702703,1.0,0.7552623076073335,0.32751569739493114,2.3060339202508784,False
Q99704,0.8540540540540541,1.0,0.5180720642622667,0.13345678994908639,3.881946092513619,False
Q99707,0.14594594594594595,0.0,0.7021101539570918,,,False
Q99714,0.8810810810810811,1.0,0.5334344106658406,0.16575695648928956,3.2181720873977837,False
Q99715;Q99715-4,0.9675675675675676,1.0,0.5949700446713813,0.2946254934863841,2.0194112791494647,False
Q99717,0.1891891891891892,0.4444444444444444,0.4362583753057727,0.4262583625330487,1.0234599802647828,False
Q99719,0.9891891891891892,1.0,0.728197424537921,0.053086437673503184,13.717202668910353,True
Q99719-2,0.9027027027027027,1.0,0.7964868018025655,0.036566271024977226,21.782007830618312,True
Q99728;Q99728-2,0.07567567567567568,0.2222222222222222,1.1681997900235643,3.7639735683583275,0.3103634414024537,False
Q99729-2;Q99729-3,0.3675675675675676,0.1111111111111111,0.6803017086889813,,,False
Q99733;Q99733-2,1.0,1.0,0.7420212166753775,0.044377596738790714,16.720626424250966,True
Q99735,0.918918918918919,1.0,0.780720435839207,0.1742061681909206,4.4815889353790235,False
Q99747,0.8972972972972973,1.0,0.4565113787215349,0.09345706097085049,4.884717901239394,False
Q99755;Q99755-2;Q99755-3;Q99755-4,0.2864864864864865,0.5555555555555556,0.3842895377803117,0.3997609728932705,0.9612982853203896,False
Q99758,0.6054054054054054,1.0,0.5286518397238078,0.34520127058757843,1.5314307471231845,False
Q99766,0.4756756756756757,0.7777777777777778,0.4158157134744904,0.2934080364284739,1.4171926527167795,False
Q99767;Q99767-2,0.3567567567567568,0.7777777777777778,0.5809059286267884,0.3867388104285414,1.502062665971104,False
Q99784,0.9243243243243243,0.8888888888888888,0.6474552320619686,0.440533677108518,1.4697065529963538,False
Q99798,0.9837837837837838,1.0,0.6837275259920661,0.08074103981340741,8.468153587966675,False
Q99805,0.8648648648648649,1.0,0.40567277352448183,0.2052031955496929,1.976932047465325,False
Q99816,0.9891891891891892,1.0,0.5051297345039956,0.045918886743795184,11.000478677158947,False
Q99828,0.654054054054054,1.0,0.4763917322172784,0.20762757620580707,2.2944530824030025,False
Q99829,0.9567567567567568,1.0,0.7163510988925328,0.04399653318155039,16.281989672607413,True
Q99832,1.0,1.0,0.48533838333185386,0.04371545648943709,11.102214692625378,False
Q99836;Q99836-5;Q99836-6,0.5837837837837838,1.0,0.47674976708243744,0.0871926027032135,5.467777681843035,False
Q99873;Q99873-2;Q99873-3,0.7027027027027027,1.0,0.35954423589060713,0.15760909998692263,2.2812403339682783,False
Q99933;Q99933-3;Q99933-4,0.32432432432432434,0.7777777777777778,0.5134744209914794,0.3578275645385478,1.4349772680415296,False
Q99941;Q99941-2,0.5405405405405406,0.5555555555555556,0.7034902132474841,0.2694512597381884,2.6108254751936526,False
Q99943,0.8864864864864865,1.0,0.7527755022747602,0.07371372421851952,10.212148555175512,False
Q99952,0.7621621621621621,1.0,0.47938110909466225,0.0763991838835878,6.274688873969028,False
Q99959-2,0.7567567567567568,1.0,0.358698171870091,0.08868360797017338,4.044695294656151,False
Q99961,0.9783783783783784,1.0,0.7099139201015419,0.027586952923483565,25.733683675416838,True
Q99969,0.9891891891891892,1.0,0.5859856369056953,0.4229674237129615,1.385415528604309,False
Q99972,0.2810810810810811,0.2222222222222222,0.7007418183005241,0.28676768724298274,2.44358708973642,False
Q99996;Q99996-1;Q99996-3;Q99996-5;Q99996-6,0.5675675675675675,0.8888888888888888,0.6710089330075704,0.3261971328294804,2.0570656988525413,False
Q99999,0.34054054054054056,0.8888888888888888,0.62751299139879,0.3765784107507617,1.6663541336524181,False
Q9BPW8,0.31891891891891894,0.6666666666666666,0.4086389679455458,0.7237260404535357,0.5646321192055835,False
Q9BPX3,0.20540540540540542,0.5555555555555556,0.597045373885031,0.18694758249661803,3.193651214483246,False
Q9BPX5,0.4810810810810811,1.0,0.296167543016697,0.37197894047228885,0.7961943830493825,False
Q9BPX6;Q9BPX6-3,0.8324324324324325,1.0,0.4750581336589832,0.08593914110481471,5.527843629244373,False
Q9BPX7,0.5351351351351351,1.0,0.4282700303982452,0.26878654108698896,1.5933462615586904,False
Q9BPZ3,0.745945945945946,1.0,0.48923821528214795,0.12552195554780532,3.8976306029252425,False
Q9BPZ7;Q9BPZ7-3,0.6594594594594595,1.0,0.3450643984304591,0.1494963592491736,2.3081792771643475,False
Q9BQ24;Q9BQ24-2,0.15135135135135136,0.1111111111111111,0.4142250356394763,,,False
Q9BQ48,0.16216216216216217,0.1111111111111111,0.39013655246798873,,,False
Q9BQ70,0.15675675675675677,0.4444444444444444,0.47017218578703357,0.15223136118156777,3.0885369620143828,False
Q9BQ89,0.15135135135135136,0.4444444444444444,0.5805183140990904,0.20779120242911464,2.7937579036683564,False
Q9BQA1,0.8594594594594595,1.0,0.44183581378348613,0.07906292164619622,5.588407366991645,False
Q9BQA9;Q9BQA9-2,0.8432432432432433,1.0,0.4602683066233446,0.10042398811574138,4.583250628255003,False
Q9BQB6,0.3027027027027027,0.2222222222222222,0.536695381867478,0.48908114354009946,1.0973544757475908,False
Q9BQC6,0.17297297297297298,0.4444444444444444,0.31956584813672784,0.19523691938523147,1.6368105435334026,False
Q9BQD3,0.3945945945945946,1.0,0.4917793292478372,0.28756437148362224,1.7101538925375728,False
Q9BQE3,1.0,1.0,0.83046192115469,0.1639214640648774,5.0662183008932065,False
Q9BQE4,0.4,1.0,0.3835690645862808,0.462597808917117,0.8291631676426819,False
Q9BQG2;Q9BQG2-2,0.3891891891891892,0.8888888888888888,0.44090472677109727,0.3984890398565719,1.1064412886482198,False
Q9BQI4,0.10270270270270271,0.7777777777777778,0.3420951003835331,0.5458740456314608,0.6266923718415691,False
Q9BQL6,0.3945945945945946,1.0,0.5335460834788712,0.22858840297340954,2.33409077861634,False
Q9BQP7,0.05405405405405406,0.1111111111111111,0.3627114049313729,,,False
Q9BQQ3,0.3837837837837838,1.0,0.34515906273942853,0.4513339932726872,0.7647530828259377,False
Q9BQS8;Q9BQS8-4,0.7081081081081081,1.0,0.3179309094383136,0.0382203187703567,8.318374091764449,False
Q9BR61,0.17297297297297298,0.3333333333333333,0.42754079449069415,0.6907824218258547,0.6189225159502924,False
Q9BR76,0.9945945945945946,1.0,0.7101051076437273,0.05129065326497795,13.844727302948938,True
Q9BRA2,0.6,1.0,0.31344875921446125,0.1912934765277008,1.6385752661516997,False
Q9BRB3-2,0.16216216216216217,0.3333333333333333,0.4067767178466344,0.7941117278826084,0.5122411665311247,False
Q9BRF8,0.8324324324324325,1.0,0.6260045424778298,0.11626277085931491,5.38439379907205,False
Q9BRG1,0.8918918918918919,1.0,0.4247948581931471,0.11277623118882651,3.766705570093872,False
Q9BRJ2,0.16756756756756758,0.4444444444444444,0.3769211788718998,0.016072936168987084,23.450673536498797,False
Q9BRJ7,0.5675675675675675,1.0,0.39149949853263877,0.13453826868066088,2.909948986053175,False
Q9BRK5,0.8972972972972973,1.0,0.4883474182886216,0.29726054078541075,1.6428262459535605,False
Q9BRP1,0.22702702702702704,0.4444444444444444,0.5213958055159589,0.43472111749714415,1.1993799807054097,False
Q9BRP4,0.6810810810810811,1.0,0.494360865285973,0.1113559376341211,4.439465697018149,False
Q9BRP8,0.572972972972973,0.8888888888888888,0.41020326333565027,0.16442371318634041,2.4947938188865093,False
Q9BRR6;Q9BRR6-2,0.745945945945946,1.0,0.4376251681966554,0.14553520511592843,3.0070055410170893,False
Q9BRR9;Q9BRR9-3,0.745945945945946,0.8888888888888888,0.4248736603299763,0.21422218427537576,1.983331753278245,False
Q9BRV8;Q9BRV8-2,0.4918918918918919,1.0,0.3477422374518664,0.2659567657345647,1.3075141611510148,False
Q9BRX2,0.4918918918918919,1.0,0.4539749762368892,0.1583134421496517,2.8675706249110062,False
Q9BRZ2,0.5783783783783784,1.0,0.3975364453263186,0.2500933814842128,1.5895520423894671,False
Q9BS18,0.06486486486486487,0.0,0.2053893843242749,,,False
Q9BS26,0.9945945945945946,1.0,0.6262082942668972,0.05197939142685826,12.04724174479906,False
Q9BS40,0.6594594594594595,1.0,0.5468510532692292,0.26415426993884594,2.0701957738401506,False
Q9BS91,0.0972972972972973,0.0,1.4297428744578449,,,False
Q9BSD7,0.3837837837837838,1.0,0.49279098652865727,0.9113360543600795,0.5407346545448424,False
Q9BSF0,0.9675675675675676,1.0,0.7198981407362677,0.05650823500636193,12.739703171674334,False
Q9BSF4,0.2594594594594595,0.3333333333333333,0.4363104617935232,0.11409908679196334,3.8239610330014933,False
Q9BSH5,0.5405405405405406,1.0,0.3893452058625648,0.2344377435120446,1.6607616164099515,False
Q9BSJ2;Q9BSJ2-4,0.8108108108108109,1.0,0.30343743550453706,0.061174276984980125,4.9602128616745045,False
Q9BSJ8,0.9891891891891892,1.0,0.7363009337057189,0.05774881303577928,12.750061776153407,True
Q9BSJ8-2,0.5945945945945946,1.0,0.7379589958904695,0.3184380950779211,2.3174331441402845,False
Q9BSL1,0.7513513513513513,1.0,0.46049673048413453,0.2639532896032346,1.7446144777219377,False
Q9BSQ5;Q9BSQ5-3,0.745945945945946,1.0,0.347442446883119,0.11080634092258279,3.1355827111542927,False
Q9BSR8,0.6648648648648648,1.0,0.36665691626534525,0.12610333231575055,2.907591017081704,False
Q9BSU1,0.44324324324324327,1.0,0.5230042355490667,0.16239267090309362,3.2206147767664026,False
Q9BSW2,0.41621621621621624,0.8888888888888888,0.5767440379524782,0.1983383461140562,2.907879637257923,False
Q9BT09,0.7297297297297297,1.0,0.3512576882247824,0.10314053311518911,3.405622189605049,False
Q9BT22,0.7027027027027027,1.0,0.4156472249490504,0.10668179033140213,3.8961403221473994,False
Q9BT23,0.4540540540540541,1.0,0.38386091007941303,0.25242540194335383,1.5206904975655118,False
Q9BT25;Q9BT25-2;Q9BT25-3,0.0972972972972973,0.2222222222222222,0.40332993746418033,0.49137778598506276,0.8208143488937472,False
Q9BT40;Q9BT40-2,0.6972972972972973,1.0,0.4743343168004266,0.11183268769004506,4.24146398157835,False
Q9BT78,0.9783783783783784,1.0,0.6451424021071084,0.05613357917993689,11.492985331277316,False
Q9BTC0,0.11891891891891893,0.2222222222222222,0.65756180249429,0.6402862752006087,1.0269809426857834,False
Q9BTE1,0.6972972972972973,1.0,0.5180105488678493,0.1951692166607284,2.6541611312009863,False
Q9BTU6,0.9297297297297298,1.0,0.3980286236789983,0.13547563873974333,2.9380088359917953,False
Q9BTV4,0.9297297297297298,1.0,0.6094763259050939,0.050578725719075734,12.050053006282646,False
Q9BTW9;Q9BTW9-4,0.7189189189189189,1.0,0.38548909132749287,0.23199171578334088,1.6616502448195372,False
Q9BTY2,0.9243243243243243,1.0,0.4038488788703436,0.12998279503249144,3.1069410283829844,False
Q9BTY7,0.25405405405405407,0.5555555555555556,0.43493276804567493,0.6324095787742596,0.6877390581095633,False
Q9BTZ2,0.6864864864864865,1.0,0.6508964852907884,0.1307272782556108,4.979041053834928,False
Q9BU02,0.5243243243243243,1.0,0.44071383002844655,0.27776269792619424,1.5866559236314406,False
Q9BU23-2,0.7243243243243244,1.0,0.4849622360544119,0.15065614152155327,3.2190007732610884,False
Q9BUB5;Q9BUB5-2,0.3837837837837838,1.0,0.3931040206194485,0.06729411480216818,5.841580972943905,False
Q9BUB7;Q9BUB7-3,0.15675675675675677,0.2222222222222222,0.4110580643277597,0.07717920640104747,5.326020873961472,False
Q9BUD6,0.9783783783783784,1.0,0.5586146926060778,0.16906354499388065,3.304169994934728,False
Q9BUF5,0.6864864864864865,1.0,0.5814194711821372,0.19875645409826603,2.925285992950352,False
Q9BUH6,0.7567567567567568,1.0,0.42122688092420546,0.09712612507612484,4.336906065119546,False
Q9BUJ2;Q9BUJ2-2;Q9BUJ2-4,0.41621621621621624,0.4444444444444444,0.8957351857588911,1.1916175494820855,0.751696873001078,False
Q9BUK6;Q9BUK6-2;Q9BUK6-3;Q9BUK6-7,0.3837837837837838,0.6666666666666666,0.5293042253852249,0.2002100801649851,2.6437441359048783,False
Q9BUL8,0.9891891891891892,1.0,0.6842706669638439,0.07382580868610589,9.268718882216925,False
Q9BUN1,1.0,1.0,0.4486576573689831,0.20018833466583175,2.241177829457014,False
Q9BUN5,0.13513513513513514,0.1111111111111111,0.5110765663294092,,,False
Q9BUN8;Q9BUN8-2,0.8594594594594595,1.0,0.7288768043934155,0.17374478810735816,4.195100252118281,False
Q9BUP3,0.9351351351351351,1.0,0.6763382300254577,0.0955034598792448,7.081819139124637,False
Q9BUQ8,0.9459459459459459,1.0,0.5481179336248836,0.24624803425828645,2.225877397461657,False
Q9BUR5;Q9BUR5-2,0.5405405405405406,1.0,0.5704252293603602,0.09989406025230707,5.7103017728943115,False
Q9BV10,0.14594594594594595,0.2222222222222222,0.21295001272967085,0.3028925001788263,0.7030547557431965,False
Q9BV19,0.15135135135135136,0.1111111111111111,0.33574646710022993,,,False
Q9BV20,0.5513513513513514,1.0,0.46026658749156724,0.2655525167584898,1.733241292946068,False
Q9BV35-2,0.20540540540540542,0.3333333333333333,0.5688842120207456,0.671722331342334,0.8469038254004714,False
Q9BV40,0.8648648648648649,1.0,0.4587269908810896,0.10716284920539465,4.2806531767540665,False
Q9BV44,0.24864864864864866,0.8888888888888888,0.47729575078860265,0.39529480957804,1.2074424941174793,False
Q9BV68,0.6108108108108108,1.0,0.30360389224559015,0.20626276613556271,1.471927764442234,False
Q9BV73;Q9BV73-2,0.3891891891891892,0.7777777777777778,0.7006362511387172,0.38146146136281445,1.8367156897989498,False
Q9BV79,0.2972972972972973,0.6666666666666666,0.3494000564094577,0.43031361766476195,0.8119660686212808,False
Q9BV81,0.4702702702702703,1.0,0.4845645731988082,0.24403883627254253,1.9856043431449844,False
Q9BVA0,0.9675675675675676,1.0,0.6367836719443254,0.14876208799904234,4.280550780844274,False
Q9BVC4,0.34594594594594597,1.0,0.4090804890467634,0.30346365925159624,1.3480378179569836,False
Q9BVC6,0.9945945945945946,1.0,0.8248478812631328,0.09034414273882163,9.130064841588107,False
Q9BVG4,0.654054054054054,1.0,0.5078393030092379,0.08316785677839533,6.106196825083512,False
Q9BVG8;Q9BVG8-2;Q9BVG8-6,0.5243243243243243,1.0,0.38599844088497015,0.16703011957716996,2.3109511138596424,False
Q9BVG9,0.5945945945945946,1.0,0.49030067244920517,0.19133599235239807,2.562511456528164,False
Q9BVJ6,0.518918918918919,1.0,0.5312325091124306,0.12208300323394639,4.35140433180887,False
Q9BVJ7,0.7135135135135136,1.0,0.3642281839870156,0.17010225057694406,2.1412308346988076,False
Q9BVK6,0.9027027027027027,1.0,0.7000923500571758,0.10020127670200552,6.986860578026583,False
Q9BVL2;Q9BVL2-2;Q9BVL2-3,0.10810810810810811,0.1111111111111111,0.45321132688455457,,,False
Q9BVL4,0.1891891891891892,0.4444444444444444,0.561485711015095,0.6087631958927053,0.9223384639600601,False
Q9BVM4,0.13513513513513514,0.3333333333333333,0.4980625265513954,0.6356027199445489,0.7836066632862226,False
Q9BVQ7,0.13513513513513514,0.2222222222222222,0.4728454566434923,0.07333340552890633,6.447886242745233,False
Q9BVT8,0.5243243243243243,1.0,0.41654994947232815,0.1369646691537323,3.0412948977723806,False
Q9BVV7,0.2972972972972973,1.0,0.4888609178609844,0.35886495637241644,1.3622420054681046,False
Q9BW04,0.8756756756756757,1.0,0.6641780221248847,0.035002256558083644,18.975291522211737,True
Q9BW27;Q9BW27-3,0.24864864864864866,0.6666666666666666,0.45211452572021127,0.3185016349318994,1.419504568059377,False
Q9BW60;Q9BW60-2,0.6054054054054054,1.0,0.48032450499152635,0.14113221617287763,3.403365425815751,False
Q9BW62,0.5027027027027027,1.0,0.3873908138368449,0.19112154405961057,2.026934303733012,False
Q9BW83,0.4918918918918919,1.0,0.5579532995081369,0.18502192143838414,3.015606449065799,False
Q9BW91;Q9BW91-2,0.2,0.3333333333333333,0.43009509385723277,0.5635813505285086,0.7631464267827588,False
Q9BW92,0.0972972972972973,0.0,0.5146771168608799,,,False
Q9BWD1,1.0,1.0,0.7061919712597167,0.1258001479414279,5.613602072936489,False
Q9BWF3,0.25405405405405407,0.4444444444444444,0.47028623262911395,0.3901608103798342,1.205365121554046,False
Q9BWH2,0.6756756756756757,1.0,0.4709292704510517,0.09698978777459466,4.85545211775797,False
Q9BWH6,0.10810810810810811,0.1111111111111111,0.504355849646867,,,False
Q9BWL3,0.24864864864864866,0.5555555555555556,0.37848292026677743,0.7763197612931592,0.48753482667543757,False
Q9BWM7,0.9405405405405406,1.0,0.6040851431134708,0.07369973993226786,8.196570892497615,False
Q9BWP8;Q9BWP8-10;Q9BWP8-2;Q9BWP8-4;Q9BWP8-6;Q9BWP8-9,1.0,1.0,0.539912792025202,0.18100915772201276,2.9827926875080006,False
Q9BWQ6,0.12432432432432433,0.3333333333333333,0.4702000984442982,0.0819389615990076,5.738419053262606,False
Q9BWS9,0.7189189189189189,1.0,0.33634738790950536,0.2484580777584231,1.3537389926864742,False
Q9BX10,0.9621621621621622,1.0,0.6323994785652491,0.08005078856782966,7.899978124880011,False
Q9BX59,0.5135135135135135,1.0,0.49929253188379974,0.199216171182389,2.506285152055658,False
Q9BX67,0.8918918918918919,1.0,0.5894640121861521,0.03236418278681441,18.213468143750177,True
Q9BX68,0.918918918918919,1.0,0.8332626286740688,0.21800645219037662,3.8221925099098106,False
Q9BX69,0.3621621621621622,0.8888888888888888,0.4854692600013415,0.4873629319282369,0.9961144522842492,False
Q9BX70,0.1783783783783784,0.5555555555555556,0.49405415833173194,0.3458617564158022,1.4284729351162195,False
Q9BX95,0.20540540540540542,0.3333333333333333,0.3628474192899711,0.4112729218797728,0.8822545808061784,False
Q9BXA5,0.5297297297297298,1.0,0.5352376361228579,0.2674566913175056,2.0012123588542483,False
Q9BXA6,0.9783783783783784,1.0,1.0060705359521975,0.27831246738462667,3.61489567968873,False
Q9BXB4,0.5405405405405406,1.0,0.3947852661577542,0.12699729963375184,3.1086115003726653,False
Q9BXD5,0.6702702702702703,1.0,0.4710295638537394,0.3306895441429365,1.4243860206542927,False
Q9BXJ8;Q9BXJ8-2,0.16216216216216217,0.3333333333333333,0.6304737243063423,0.08227661779231887,7.662854176842472,False
Q9BXJ9,0.8486486486486486,1.0,0.3289807200406134,0.09567264214576632,3.4386080771071437,False
Q9BXK5,0.5891891891891892,0.8888888888888888,0.41020031497690823,0.10704564979034625,3.832012938221255,False
Q9BXN1,1.0,1.0,0.6201646218073336,0.1849150822501695,3.353780634120044,False
Q9BXP2,0.33513513513513515,1.0,0.3084781444539937,0.21139844004517272,1.4592262099383349,False
Q9BXR6,0.9837837837837838,1.0,0.4578955313332518,0.30511627073301284,1.500724724490114,False
Q9BXS5;Q9BXS5-2,0.9783783783783784,1.0,0.6748542223721135,0.03719019089639275,18.146027382655106,True
Q9BXW6,0.33513513513513515,1.0,0.33915989063406826,0.2148205267081149,1.5788057865387237,False
Q9BXX0,0.21621621621621623,0.5555555555555556,0.9820102790389456,0.48516989572922675,2.024054434710857,False
Q9BY32,0.5945945945945946,0.7777777777777778,0.6350292397279649,0.1000332625352982,6.348180831389814,False
Q9BY43-2,0.7945945945945946,1.0,0.35695045024386474,0.1315343815071106,2.7137425679427274,False
Q9BY44,0.8378378378378378,1.0,0.4437092531339637,0.06845222483929092,6.4820282200569,False
Q9BY50,0.22702702702702704,0.6666666666666666,0.48077217812901996,0.26103189098827695,1.8418139496626167,False
Q9BY76,0.8054054054054054,1.0,0.6203492316031074,0.1263673944863548,4.909092524417704,False
Q9BYB0,0.5945945945945946,1.0,0.33879277362027604,0.2133250608518864,1.5881527105505107,False
Q9BYC5,0.6648648648648648,1.0,0.725231235410261,0.07370993672810755,9.838988711731062,False
Q9BYC9,0.11891891891891893,0.1111111111111111,0.6091344918113064,,,False
Q9BYD1,0.24324324324324326,0.4444444444444444,0.5724206381555845,0.4012384762081176,1.426634463287805,False
Q9BYD2,0.24324324324324326,0.3333333333333333,0.3249754375403473,0.9548093364468873,0.34035636763845634,False
Q9BYD3-2,0.14054054054054055,0.2222222222222222,0.340792577683545,0.08335242487837569,4.088574245810065,False
Q9BYE9,0.0918918918918919,0.1111111111111111,0.7307550776238596,,,False
Q9BYI3,0.6702702702702703,1.0,0.38978031033893856,0.0913464765202896,4.267053587473204,False
Q9BYJ0,0.4918918918918919,0.5555555555555556,0.7630012841350329,0.09552401510464215,7.987533640615925,False
Q9BYJ9,0.15675675675675677,0.2222222222222222,0.49160761634249184,0.6359503075853157,0.7730283490373819,False
Q9BYM8,0.7297297297297297,1.0,0.30921969249416215,0.05714938298278227,5.410726701761987,False
Q9BYN8,0.20540540540540542,0.3333333333333333,0.44258685595249947,0.31926897488259876,1.3862507502185173,False
Q9BYT3;Q9BYT3-2,0.06486486486486487,0.2222222222222222,0.3946424438021694,0.24064914902739432,1.639907913230332,False
Q9BYV8,0.572972972972973,1.0,0.4107667515827522,0.1884561870650714,2.1796405731212207,False
Q9BYX7,0.14594594594594595,0.2222222222222222,0.47629818740417207,0.40123418115384624,1.1870827805209943,False
Q9BYZ2,0.0,0.0,,,,False
Q9BZ23;Q9BZ23-3;Q9BZ23-4,0.3567567567567568,0.8888888888888888,0.3669872674009689,0.3475651278885765,1.0558805759092689,False
Q9BZ29;Q9BZ29-3,0.1783783783783784,0.3333333333333333,0.5178723199401798,0.027230685183543102,19.017968752881643,False
Q9BZ67;Q9BZ67-2,0.7081081081081081,1.0,0.4001285683234652,0.08878607990160603,4.506658800195856,False
Q9BZ72,0.8810810810810811,1.0,0.36179250941304275,0.09183108306205412,3.9397608886804085,False
Q9BZE9;Q9BZE9-2,0.7675675675675676,1.0,0.5574515778338576,0.03527426568754777,15.803350316960518,True
Q9BZF1,0.7243243243243244,1.0,0.4428937675337856,0.08804995789142467,5.03002815833169,False
Q9BZF3-3;Q9BZF3-5,0.3891891891891892,1.0,0.45083247094564616,0.28768397440781435,1.5671101314338636,False
Q9BZF9;Q9BZF9-2,0.8864864864864865,1.0,0.471287001504785,0.061289006699869475,7.689584590800501,False
Q9BZG1,0.6702702702702703,1.0,0.371612357359953,0.16980640412825032,2.1884472453658694,False
Q9BZH6,0.8594594594594595,1.0,0.42819341949767065,0.07916745629717958,5.40870503518913,False
Q9BZI7;Q9BZI7-2,0.3891891891891892,0.8888888888888888,0.4307991456783071,0.48656908179981784,0.8853812578571211,False
Q9BZK7,0.5837837837837838,1.0,0.44827624446043135,0.13618349606618807,3.2917075666978,False
Q9BZL4,0.23783783783783785,0.5555555555555556,0.3904040449206825,0.016925911394119808,23.065466658197906,False
Q9BZL4-3,0.8864864864864865,1.0,0.39572206068366356,0.13043552388479718,3.033851890173507,False
Q9BZL6;Q9BZL6-3,0.7891891891891892,1.0,0.42617672794428696,0.07049921768638434,6.045127051482095,False
Q9BZQ8,0.8486486486486486,1.0,0.5118368939862581,0.08068452826136685,6.343680814842595,False
Q9BZV1,0.8216216216216217,1.0,0.47745411763847834,0.1692964596065032,2.8202250581508195,False
Q9BZW5,0.6270270270270271,1.0,0.4357022145483853,0.2123398178825191,2.0519100887118853,False
Q9BZW8-2;Q9BZW8-3,0.43243243243243246,0.7777777777777778,0.3721369245243773,0.21865160481308976,1.7019629233569613,False
Q9BZZ5;Q9BZZ5-1;Q9BZZ5-2,0.12972972972972974,0.1111111111111111,0.6513551527595025,,,False
Q9C005,0.1891891891891892,0.7777777777777778,0.48848195007142614,0.4331200602032119,1.1278211169490497,False
Q9C026;Q9C026-4,0.016216216216216217,0.1111111111111111,0.21390767988552728,,,False
Q9C035,0.8864864864864865,1.0,0.7168714105228045,0.0727425069485168,9.854917579760718,False
Q9C037;Q9C037-2,0.7027027027027027,1.0,0.4363360847668529,0.22614017412556464,1.9294938922465705,False
Q9C075,0.654054054054054,1.0,0.5343532762146292,0.4019835970616672,1.3292912450172827,False
Q9C091-3,0.1891891891891892,0.2222222222222222,0.4667087506534209,0.28553227985009855,1.6345218512542192,False
Q9C098,0.5081081081081081,1.0,0.5044875507518762,0.1579935602780882,3.1930893250580326,False
Q9C0A6,0.0,0.1111111111111111,,,,False
Q9C0B0,0.3675675675675676,0.7777777777777778,0.4559382842332651,0.18517654385330928,2.4621816281140028,False
Q9C0B5;Q9C0B5-2,0.5459459459459459,1.0,0.4240622105167535,0.10111917796352898,4.193687281256396,False
Q9C0C9,0.9945945945945946,1.0,0.6638244236865543,0.015133091512570473,43.865750969333725,True
Q9C0D3,0.2,0.5555555555555556,0.5374312780781505,0.1876839620176245,2.8634906909503695,False
Q9C0D7;Q9C0D7-2,0.2702702702702703,0.8888888888888888,0.4345812036833365,0.4078180395299986,1.0656252582259036,False
Q9C0D9,0.2702702702702703,0.5555555555555556,0.4907921747710233,0.18835397437035972,2.605690569639802,False
Q9C0E2,0.6162162162162163,1.0,0.4275821913332578,0.28827573208593016,1.483240327721387,False
Q9C0E8;Q9C0E8-2,0.8324324324324325,1.0,0.4618329739563247,0.060894514907509745,7.584147351494375,False
Q9C0F1,0.4756756756756757,1.0,0.4113346895206673,0.2838020536269834,1.4493717866513645,False
Q9C0H2;Q9C0H2-2,0.7567567567567568,1.0,0.545216718084033,0.13967821690064142,3.903376848459249,False
Q9C0I1,0.8864864864864865,1.0,0.39790691089264385,0.04336716403149943,9.175303937412808,False
Q9C0I3,0.8972972972972973,1.0,0.7132160792553481,0.12827951137180804,5.559859650448368,False
Q9GZM5,0.5567567567567567,1.0,0.5288811985291577,0.0565946193023823,9.34507917976038,False
Q9GZN7,0.20540540540540542,0.5555555555555556,0.3532355422107205,0.11352859842485863,3.1114234396588376,False
Q9GZN8;Q9GZN8-2,0.8216216216216217,1.0,0.6547113057549847,0.17621116427778816,3.715492763687009,False
Q9GZP0;Q9GZP0-2,0.35135135135135137,0.7777777777777778,0.5653234259111706,0.6007917198189379,0.9409640766712689,False
Q9GZP4;Q9GZP4-2,0.4,1.0,0.5032085125850267,0.22687981232876275,2.2179519077521395,False
Q9GZP8,0.5621621621621622,1.0,0.46345050175082747,0.17224184650182295,2.6906963154620063,False
Q9GZP9,0.42162162162162165,1.0,0.4981832740371477,0.12296067208455064,4.051565964884977,False
Q9GZQ3,0.6,1.0,0.36627164333403783,0.10397907290829345,3.5225515393571443,False
Q9GZS3,0.8486486486486486,1.0,0.41205686099779193,0.18431021668646075,2.235670210831352,False
Q9GZT3;Q9GZT3-2,0.4756756756756757,1.0,0.7278920958925745,0.3226151683809917,2.256224031701361,False
Q9GZT6;Q9GZT6-2;Q9GZT6-3,0.32432432432432434,0.5555555555555556,0.4055458144073061,0.33026433474663897,1.2279431102314424,False
Q9GZT8;Q9GZT8-2;Q9GZT8-3,0.5243243243243243,0.8888888888888888,0.44911779214397995,0.3141517874831221,1.4296203619981278,False
Q9GZU7,0.41081081081081083,1.0,0.5243527486298731,0.35540475164748564,1.4753678621324722,False
Q9GZU7-2,0.9621621621621622,1.0,0.5996399491689592,0.11343617719523813,5.286143838723535,False
Q9GZX9,0.3783783783783784,0.5555555555555556,0.5330205220835262,0.20691431950189276,2.5760446322259027,False
Q9GZY6,0.6972972972972973,1.0,0.49235695751167263,0.21137085609062645,2.3293512010973347,False
Q9GZY8-2,0.6810810810810811,1.0,0.41969685830967496,0.17942598181225122,2.3391086066277724,False
Q9GZY8-5,0.2864864864864865,0.6666666666666666,0.43217304609790297,0.33605823320485406,1.2860064220907195,False
Q9GZZ1,0.6,1.0,0.44650203425759294,0.3376121268809502,1.3225296092964096,False
Q9GZZ8,0.12972972972972974,0.1111111111111111,0.8129833292650623,,,False
Q9GZZ9,0.9243243243243243,1.0,0.5380704174172628,0.11517228047010342,4.6718743018806155,False
Q9H000,0.4918918918918919,1.0,0.43667986736917896,0.24787087906017646,1.7617231561242201,False
Q9H008;Q9H008-2,0.35135135135135137,1.0,0.3758616238144761,0.3785933345589587,0.9927845778170793,False
Q9H019;Q9H019-3,0.4594594594594595,1.0,0.43242753903941455,0.19599838225968647,2.2062811644357003,False
Q9H061,0.572972972972973,1.0,0.4831657912081777,0.2995202574149385,1.6131322648365218,False
Q9H074,0.9945945945945946,1.0,0.44771168843959686,0.14025151954186654,3.1922056167523394,False
Q9H078-2,0.32432432432432434,0.8888888888888888,0.35606205734800955,0.2058498885465312,1.729717027597631,False
Q9H079,0.10810810810810811,0.2222222222222222,0.6062705230526575,0.34109731555342027,1.7774121794802213,False
Q9H082,0.8810810810810811,1.0,0.6812370477593959,0.09122356782241425,7.467774655400085,False
Q9H098;Q9H098-2,0.32432432432432434,0.7777777777777778,0.4413992349889595,0.8696834521311967,0.5075401100334744,False
Q9H0A8,0.5513513513513514,1.0,0.4876017929589036,0.15046021488766748,3.240735720887702,False
Q9H0B8,0.9891891891891892,1.0,0.9186308477270888,0.04436638899935197,20.705558158914098,True
Q9H0E2,0.9783783783783784,1.0,0.6330691262394925,0.033149376948205855,19.097466816001685,True
Q9H0F6,0.2972972972972973,0.7777777777777778,0.48492905475641557,0.1845205390141551,2.6280491990065955,False
Q9H0I9,0.41081081081081083,0.7777777777777778,0.49836649184515025,0.4117675369711513,1.2103103015623742,False
Q9H0J9,0.43243243243243246,1.0,0.3757342821168894,0.08784021219995708,4.277474663444324,False
Q9H0M0,0.16216216216216217,0.3333333333333333,0.42650725832211656,0.6484491885509343,0.6577342771840254,False
Q9H0P0,0.9405405405405406,1.0,0.7034663301793298,0.04857915418350345,14.480827054379088,True
Q9H0P0-1,0.3675675675675676,1.0,0.5344393763281614,0.8137211758275562,0.6567844025745494,False
Q9H0R3,0.22162162162162163,0.3333333333333333,0.5042706224019309,0.16802079182714813,3.001239411612229,False
Q9H0R4,0.8432432432432433,1.0,0.659417077956217,0.19119820887081396,3.4488663981249026,False
Q9H0U3,0.9675675675675676,1.0,0.6762478249010488,0.09212241607011862,7.3407521616272575,False
Q9H0U4,0.9945945945945946,1.0,0.6824677086636353,0.0909725026920647,7.501911989535331,False
Q9H0U6,0.0918918918918919,0.3333333333333333,0.41153228764623684,0.6747180541644067,0.6099322303682716,False
Q9H0V1;Q9H0V1-2,0.24324324324324326,1.0,0.42696498366907853,0.7136445006523715,0.5982880597815473,False
Q9H0V9;Q9H0V9-2,0.6378378378378379,1.0,0.409978197738905,0.17035120713428142,2.406664470629402,False
Q9H0W8,0.23243243243243245,0.7777777777777778,0.3168742640698934,0.33821208492852506,0.9369099396222313,False
Q9H0W9;Q9H0W9-2,0.7945945945945946,1.0,0.5002106598749698,0.16022088849114624,3.1220065285220993,False
Q9H0X4,0.6810810810810811,1.0,0.3520063308656951,0.10232857385454963,3.4399612699189843,False
Q9H0Z9,0.8756756756756757,1.0,0.47188490179390996,0.15048877625047297,3.1356817003316344,False
Q9H115,0.24864864864864866,0.8888888888888888,0.47008172214634136,0.5359616125697304,0.877080953414704,False
Q9H173,0.4486486486486487,0.8888888888888888,0.5632164492190199,0.47193783375637466,1.193412371150912,False
Q9H1A4,0.4540540540540541,1.0,0.37777790499468455,0.19835579747035226,1.9045468285400131,False
Q9H1B5,0.6648648648648648,1.0,0.5994386894653516,0.11637914838671293,5.150739610789159,False
Q9H1E1,0.02702702702702703,0.1111111111111111,0.7677648444159448,,,False
Q9H1E3;Q9H1E3-2,0.4972972972972973,0.6666666666666666,0.39279952098542115,0.29265860000846633,1.342176587238707,False
Q9H1E5,0.5513513513513514,1.0,0.37934504268400193,0.2379240405616958,1.5943955969663117,False
Q9H1H9;Q9H1H9-2;Q9H1H9-3;Q9H1H9-4,0.44324324324324327,1.0,0.4071792121478568,0.1909660016916792,2.1322078722958278,False
Q9H1I8,0.4702702702702703,1.0,0.3922239938944916,0.3423253709149954,1.145763730120625,False
Q9H1K0,0.2864864864864865,0.8888888888888888,0.4865864988542583,0.3514312078850992,1.3845853411326756,False
Q9H1P3;Q9H1P3-2,0.5621621621621622,1.0,0.45420058573218114,0.24926221360592393,1.8221798609646411,False
Q9H1R2-3,0.25405405405405407,0.4444444444444444,0.7211748632522301,0.4380139993701011,1.6464653282528339,False
Q9H1X3;Q9H1X3-2,0.0972972972972973,0.1111111111111111,0.3957917085440261,,,False
Q9H1Y0,0.6810810810810811,1.0,0.4106882412506483,0.17338894217965972,2.3685953445930084,False
Q9H1Z4,0.6486486486486487,1.0,0.47721692266585425,0.1184824109257896,4.027744868938857,False
Q9H223,0.972972972972973,1.0,0.6181604352242873,0.08109144900017817,7.6230039399459875,False
Q9H244,0.6324324324324324,1.0,0.5458674911029959,0.2639481925215268,2.068085732613898,False
Q9H251;Q9H251-2;Q9H251-3;Q9H251-8,0.9783783783783784,1.0,0.5070422754035846,0.18795654211490742,2.697656967394111,False
Q9H254,0.04864864864864865,0.0,0.3825160974408508,,,False
Q9H257-2,0.4972972972972973,1.0,0.7100805266860011,0.416643992060413,1.704286009680514,False
Q9H267,0.7675675675675676,1.0,0.4270117283369128,0.10030322065134634,4.2572085478810715,False
Q9H269,0.8756756756756757,1.0,0.44008185551348333,0.0481241513245525,9.144719302072296,False
Q9H270,0.8216216216216217,1.0,0.3159185989530542,0.07634833320284251,4.137858492780983,False
Q9H299,1.0,1.0,0.8311949041842013,0.11639080188133377,7.141414018537701,False
Q9H2C0,0.5891891891891892,1.0,0.47742552074650746,0.05513719799339967,8.658864398652591,False
Q9H2C2,0.1891891891891892,0.5555555555555556,0.7256181819519316,0.22386055820672546,3.2413846716215855,False
Q9H2D6-5,0.7189189189189189,1.0,0.3543799790535118,0.09418361442447498,3.762650023775484,False
Q9H2G2;Q9H2G2-2,0.918918918918919,1.0,0.335681779378449,0.05557232281788771,6.04044895655143,False
Q9H2H8,0.3891891891891892,1.0,0.38223610835208,0.4118251548520213,0.9281514347743683,False
Q9H2I8,0.42162162162162165,1.0,0.4447558732987087,0.17634232460551047,2.5221164249346106,False
Q9H2J4,0.44324324324324327,1.0,0.3438294084869673,0.23355015589570272,1.4721865937889262,False
Q9H2K8,0.9891891891891892,1.0,0.623298064581336,0.013427682404007157,46.41888643384417,True
Q9H2M9,0.9567567567567568,1.0,0.6152891083658947,0.08008922398015983,7.682545513467801,False
Q9H2P9;Q9H2P9-2;Q9H2P9-5;Q9H2P9-6,0.0918918918918919,0.0,0.4650197367593094,,,False
Q9H2U1;Q9H2U1-2,0.4594594594594595,0.8888888888888888,0.3827901692554203,0.4064133982127549,0.9418738922948402,False
Q9H2U2-2,0.772972972972973,1.0,0.34020251494571774,0.12351615092687496,2.7543160339179225,False
Q9H2U9,0.17297297297297298,0.3333333333333333,0.7621080752121259,0.06268135648330997,12.15844898658265,False
Q9H2W6,0.07027027027027027,0.0,0.3831473725671586,,,False
Q9H300,0.16216216216216217,0.1111111111111111,0.5400285829604963,,,False
Q9H305;Q9H305-2;Q9H305-3,0.7405405405405405,1.0,0.6029874778401876,0.156666848095389,3.8488517843484633,False
Q9H330,0.7675675675675676,1.0,0.4550703448540263,0.2001181122425688,2.274008782885293,False
Q9H336,0.43783783783783786,0.6666666666666666,0.4107075442515917,0.238149853620377,1.7245760936149073,False
Q9H3F6,0.5891891891891892,1.0,0.3196171620209185,0.17118961079239448,1.8670359757317603,False
Q9H3G5,0.918918918918919,1.0,0.3902649552124693,0.13483411955718871,2.8944080066243307,False
Q9H3H3;Q9H3H3-1;Q9H3H3-3,0.4648648648648649,1.0,0.4698925086298198,0.2044990570207954,2.297773473752677,False
Q9H3H5;Q9H3H5-2,0.4756756756756757,1.0,0.46691772572447654,0.1753472443422197,2.662817585049742,False
Q9H3K2,0.1837837837837838,0.6666666666666666,0.6302214101338928,0.16383447169713516,3.8466960194977875,False
Q9H3K6,0.7243243243243244,1.0,0.47525606477206406,0.1972172935845986,2.4098092826134314,False
Q9H3N1,1.0,1.0,0.7179399234982231,0.020991324272703338,34.20174516725544,True
Q9H3P7,0.7189189189189189,1.0,0.33705667685928553,0.10676526627348437,3.156988116302718,False
Q9H3S7,0.9675675675675676,1.0,0.25715802379377806,0.14485691651207588,1.775255403647504,False
Q9H3U1-2,0.9891891891891892,1.0,0.7198184269161132,0.03707391523030701,19.415765031681342,True
Q9H3U5,0.8324324324324325,1.0,0.6594504140201183,0.09537769452005307,6.914094719300113,False
Q9H3Z4;Q9H3Z4-2,0.5135135135135135,0.7777777777777778,0.42026114735855913,0.11190988282205616,3.7553532964269216,False
Q9H425,0.9081081081081082,1.0,0.5620306062893059,0.16088022585573292,3.4934722604958233,False
Q9H444,0.4972972972972973,0.8888888888888888,0.5507831665211436,0.714519980736303,0.7708436172121724,False
Q9H446;Q9H446-2,0.2810810810810811,0.7777777777777778,0.3299080249902042,0.36736713758154593,0.8980335779679619,False
Q9H469,0.15135135135135136,0.2222222222222222,0.4253942066655245,0.8619029253744985,0.4935523411533728,False
Q9H479,1.0,1.0,0.8144208206244183,0.041764699718775944,19.500219709667476,True
Q9H488,0.372972972972973,0.7777777777777778,0.3471022569351785,0.1643961337750941,2.1113772505747592,False
Q9H492;Q9H492-2,0.5513513513513514,1.0,0.5664137349474263,0.3253963427500395,1.740688694164365,False
Q9H497,0.9837837837837838,1.0,0.601321570096534,0.3853764522354144,1.5603485023760753,False
Q9H4A3;Q9H4A3-2;Q9H4A3-5;Q9H4A3-6;Q9H4A3-7,0.9945945945945946,1.0,0.3370242882870613,0.054887410878420084,6.1402839538851,False
Q9H4A4,0.8918918918918919,1.0,0.4232789840351998,0.30650837165560496,1.380970385079071,False
Q9H4A5,0.5675675675675675,1.0,0.48475762182750337,0.13170185486628583,3.680719776647548,False
Q9H4A6,0.6162162162162163,1.0,0.487968480034656,0.1328975145795983,3.671765281527441,False
Q9H4A9,0.2918918918918919,0.5555555555555556,0.4477422312002979,0.26328313158119343,1.7006111576966694,False
Q9H4B6,0.7297297297297297,1.0,0.35739037145773445,0.10032635218927943,3.5622781418731186,False
Q9H4B7,1.0,1.0,0.75282183068758,0.017543454599245223,42.91183509090444,True
Q9H4E7,0.6162162162162163,1.0,0.40052918955257866,0.0752656309001658,5.321541648722117,False
Q9H4G4,1.0,1.0,0.38412019192681335,0.15253534599236218,2.518237261192217,False
Q9H4I3,0.3081081081081081,1.0,0.4525742449581127,0.2700124446317034,1.6761236526539487,False
Q9H4I9,0.40540540540540543,1.0,0.621144975212621,0.3062117164253273,2.028482066146196,False
Q9H4L5-2,0.5513513513513514,1.0,0.46021592604114403,0.09029180290708716,5.096984568075569,False
Q9H4M9,1.0,1.0,0.7089389779644719,0.03485086125500558,20.3420791462549,True
Q9H4X1;Q9H4X1-2,0.8486486486486486,1.0,0.6818754982684165,0.030215741051314637,22.56689641039763,True
Q9H4Y5;Q9H4Y5-2;Q9H4Y5-3,0.03783783783783784,0.0,0.8157715029541439,,,False
Q9H553,0.6054054054054054,1.0,0.3207847429735322,0.030799570429374867,10.415234319878243,False
Q9H5I5-2,0.6324324324324324,0.7777777777777778,0.6232386794220872,0.2250747769391257,2.769029421678156,False
Q9H5K3,0.08648648648648649,0.0,0.48654960439758366,,,False
Q9H5N1;Q9H5N1-2,0.6648648648648648,1.0,0.26994108484935,0.18251280078356835,1.4790254913103762,False
Q9H5P4,0.5837837837837838,0.7777777777777778,1.1025675340687755,0.43524873337467973,2.533189529398678,False
Q9H5X1,0.5081081081081081,1.0,0.4383988679663329,0.3026731036188579,1.4484236052846904,False
Q9H611;Q9H611-3,0.9945945945945946,1.0,0.4811712915234301,0.21435425220557214,2.2447480587507656,False
Q9H6A0;Q9H6A0-2,0.2702702702702703,0.5555555555555556,0.4000669966784818,0.5611626517833823,0.7129252016453048,False
Q9H6A9,0.2,0.5555555555555556,0.37121270615139856,0.3824245760015632,0.9706821408618916,False
Q9H6D7,0.2864864864864865,0.6666666666666666,0.45149330529721254,0.2423318604396858,1.8631198740356518,False
Q9H6E4,0.2972972972972973,0.6666666666666666,0.2876754392318439,0.5791381618966591,0.4967302418644214,False
Q9H6F5,1.0,1.0,0.41420702062240977,0.07958708058940189,5.2044504906436675,False
Q9H6H4,0.6810810810810811,1.0,0.45953232875678296,0.16900116338342208,2.7191074875278645,False
Q9H6K4,0.34054054054054056,0.8888888888888888,0.37683586647702505,0.3537556544413034,1.0652433727799289,False
Q9H6Q3,0.8324324324324325,1.0,0.5897442532700019,0.08123393742750018,7.259826027715793,False
Q9H6Q4,0.2810810810810811,0.6666666666666666,0.4807516736623656,0.2585813806567341,1.8591890585523705,False
Q9H6R0,0.2864864864864865,0.3333333333333333,0.6161859465284625,0.03445584163302584,17.88335206236407,False
Q9H6R6;Q9H6R6-2,0.24864864864864866,0.6666666666666666,0.334691019086681,0.28257560577573226,1.1844299799619307,False
Q9H6S0,0.7189189189189189,1.0,0.3141419690898015,0.18952231041242662,1.6575461137329182,False
Q9H6S1;Q9H6S1-3;Q9H6S1-4;Q9H6S1-5,0.16756756756756758,0.1111111111111111,1.5884374510074988,,,False
Q9H6T3;Q9H6T3-2,0.5297297297297298,1.0,0.44167950558991365,0.46559361171471103,0.948637383496897,False
Q9H6U6;Q9H6U6-2,0.5621621621621622,1.0,0.4333676751439324,0.15001745031812241,2.888781766554132,False
Q9H6U8;Q9H6U8-3,0.4,1.0,0.5062406803613078,0.38156255545589346,1.326756709018389,False
Q9H6V9;Q9H6V9-2,0.5567567567567567,1.0,0.5649789902261411,0.2365095322787436,2.388821223325039,False
Q9H6X2;Q9H6X2-5,0.972972972972973,1.0,0.5718444332046095,0.2248803001506694,2.542883626629255,False
Q9H6Z4;Q9H6Z4-2;Q9H6Z4-3,0.3837837837837838,0.8888888888888888,0.39728975703854097,0.15625837805207077,2.5425181164119732,False
Q9H773,0.16756756756756758,0.3333333333333333,0.42623905712040155,0.2764598411876218,1.5417756708871537,False
Q9H7B4,0.5567567567567567,1.0,0.4640580036991615,0.3021748218698743,1.5357269041396142,False
Q9H7C9,0.5513513513513514,1.0,0.44351663988717505,0.10437864792470997,4.249112713235094,False
Q9H7D0,0.9243243243243243,1.0,0.39515064712770354,0.021925720812941307,18.022242027932425,True
Q9H7D7-2,0.7405405405405405,1.0,0.49446745395980507,0.18685822345328162,2.646217248680158,False
Q9H7E2-3,0.22702702702702704,0.4444444444444444,0.28336631278490554,0.6427406425918738,0.4408719380841098,False
Q9H7J1,0.745945945945946,1.0,0.5531557125528979,0.07333628151701177,7.5427292072967,False
Q9H7M9,0.9405405405405406,1.0,0.7529358886251742,0.06837293774880138,11.012191569000905,False
Q9H7P9,0.17297297297297298,0.3333333333333333,0.5772940698839895,0.47484349027904926,1.2157565212586856,False
Q9H7Z7,0.6270270270270271,1.0,0.5848946347691522,0.10869582363813812,5.381022151470501,False
Q9H813;Q9H813-2,0.5459459459459459,1.0,0.3728730125240993,0.14095896769995875,2.6452592453556147,False
Q9H832,0.6378378378378379,1.0,0.48196615843802526,0.2749727580255925,1.752777845699054,False
Q9H845,0.5513513513513514,1.0,0.34380925342602264,0.16367613675144277,2.10054599436281,False
Q9H853,0.9135135135135135,1.0,0.6407695282880468,0.0964849484852941,6.641134584693391,False
Q9H871,0.32432432432432434,1.0,0.45020017504871657,0.17493478160502463,2.573531523680626,False
Q9H8H3,0.9783783783783784,1.0,0.8213071881629403,0.05153347356367277,15.937353556192265,True
Q9H8L6,1.0,1.0,0.41490282278155277,0.13296134608206955,3.120477003334914,False
Q9H8M2,0.10270270270270271,0.2222222222222222,0.4709547431960175,0.21905284570820616,2.1499594843125776,False
Q9H8M7,0.43243243243243246,1.0,0.4237445073089763,0.2924167972892082,1.449111375397089,False
Q9H8W4,0.8972972972972973,1.0,0.4702332189237408,0.05952212776461785,7.900141284990568,False
Q9H8Y8;Q9H8Y8-2;Q9H8Y8-3,0.9675675675675676,1.0,0.3936975272388725,0.07983214833999064,4.9315662352237615,False
Q9H900;Q9H900-2,0.07027027027027027,0.0,0.34994527792217944,,,False
Q9H910;Q9H910-3,0.8216216216216217,1.0,0.6273348781945698,0.1113147045098497,5.635687404974066,False
Q9H920,0.21621621621621623,0.4444444444444444,0.7247508625651191,0.10719959908012822,6.760760942990014,False
Q9H936,0.2810810810810811,0.6666666666666666,0.3931542123761078,0.23528775692894133,1.6709505734921999,False
Q9H939,1.0,1.0,0.8421823541401459,0.05478767227589998,15.37174913909612,True
Q9H993,0.5891891891891892,1.0,0.5145461127053679,0.25003398761005435,2.0579046777746024,False
Q9H9A5;Q9H9A5-6,0.4594594594594595,1.0,0.40966395499789243,0.20093165035188854,2.0388224268324784,False
Q9H9A6,0.8594594594594595,1.0,0.3853175660033017,0.08882010989359124,4.338179343224434,False
Q9H9B4,0.8162162162162162,1.0,0.44773929988766525,0.2036916225264438,2.198123292132638,False
Q9H9C1,0.8054054054054054,1.0,0.48641398846267947,0.10647152084793277,4.568489156432705,False
Q9H9E3,0.8918918918918919,1.0,0.44679643438977656,0.035849171276764125,12.463229092254375,False
Q9H9G7,0.05405405405405406,0.0,0.44987113635512266,,,False
Q9H9H4,0.745945945945946,1.0,0.39964354377870226,0.121906856308863,3.278269622228352,False
Q9H9P8,0.8864864864864865,1.0,0.6354119846290036,0.27567854166981043,2.304901864251945,False
Q9H9Q2,0.4756756756756757,1.0,0.4317683268303565,0.3003722283620558,1.4374442310622721,False
Q9H9Q4;Q9H9Q4-2,0.1891891891891892,0.3333333333333333,0.3656239923354754,0.30598241825189376,1.1949183042095017,False
Q9H9S4,0.6702702702702703,0.7777777777777778,0.6480928525860197,0.04056942654413476,15.974907899695625,False
Q9H9T3-4,0.8594594594594595,1.0,0.5476558310669493,0.13146674436808503,4.1657366180271715,False
Q9H9T3;Q9H9T3-2,0.2702702702702703,0.6666666666666666,0.40925364674957887,0.20810618653767676,1.9665616556549854,False
Q9HA47,0.5297297297297298,1.0,0.4297025642469743,0.18934885232648746,2.269369784750813,False
Q9HA64,0.6648648648648648,1.0,0.44110169915035513,0.09798139467667788,4.501892431781733,False
Q9HA65;Q9HA65-3,0.5513513513513514,1.0,0.35705342138581564,0.14381434359433598,2.482738595205589,False
Q9HA77,0.43783783783783786,1.0,0.4768265264608029,0.060569238559155636,7.872420684224136,False
Q9HAB3,0.1891891891891892,0.5555555555555556,0.6450256081907053,0.6216920432088902,1.0375323526120392,False
Q9HAB8,0.9027027027027027,1.0,0.6700930690356284,0.2178899169366293,3.0753743838018766,False
Q9HAD4,0.4,0.8888888888888888,0.45610789554926345,0.2834042795633298,1.6093895838553882,False
Q9HAP2,0.4702702702702703,1.0,0.6357090529934002,0.27881272968103943,2.280057491351448,False
Q9HAS0,0.35135135135135137,1.0,0.4193369253952923,0.21779831339999234,1.9253451454656998,False
Q9HAT2,0.15675675675675677,0.4444444444444444,0.47571130825876473,0.8639271125157038,0.5506382440915901,False
Q9HAU0;Q9HAU0-2;Q9HAU0-4;Q9HAU0-6,0.1837837837837838,0.3333333333333333,0.5453324053782147,0.03871792188566303,14.084754005874148,False
Q9HAU5,0.5513513513513514,1.0,0.309851696177855,0.25100063246028803,1.234465798514982,False
Q9HAV0,0.9837837837837838,1.0,0.6794385619192882,0.027128236000299566,25.045438336343928,True
Q9HAV4,0.1891891891891892,0.1111111111111111,0.3416688903367717,,,False
Q9HAV7,0.4594594594594595,0.7777777777777778,0.7048387906951632,0.26570679256330365,2.6526939108161414,False
Q9HB07,0.42162162162162165,1.0,0.34304907421513775,0.16984434537694426,2.0197850770585934,False
Q9HB19,0.372972972972973,0.7777777777777778,0.37891309800682116,0.2901236645010101,1.306039955956443,False
Q9HB40,0.8864864864864865,1.0,0.4705687139056014,0.09372013241429933,5.020999242995142,False
Q9HB71,0.9621621621621622,1.0,0.7799543089740357,0.05499378727710358,14.182589481317034,True
Q9HB90,0.7297297297297297,1.0,0.561548890229,0.12928724671624536,4.343420596321196,False
Q9HBB8;Q9HBB8-2;Q9HBB8-4,0.5243243243243243,0.8888888888888888,0.6553330967920381,0.36929516715762567,1.7745509691772472,False
Q9HBE5,0.3783783783783784,0.8888888888888888,0.41323362676147557,0.1666217631164848,2.480069944240028,False
Q9HBF4;Q9HBF4-3,0.7027027027027027,1.0,0.4339772533171473,0.12219317596349377,3.551567015876579,False
Q9HBH0,0.9405405405405406,1.0,0.7332823480853596,0.055506935205734464,13.210643775727752,True
Q9HBH5,0.6702702702702703,1.0,0.5044524278254521,0.060828897978877805,8.292973316738664,False
Q9HBI0,0.7243243243243244,1.0,0.4522440490255635,0.0411337983782456,10.994463600637022,False
Q9HBI1,0.13513513513513514,0.1111111111111111,0.5948011026482902,,,False
Q9HBI1-3,1.0,1.0,0.6834048244455637,0.03324586654582973,20.556083972228066,True
Q9HBL0,1.0,1.0,0.47134841779215186,0.02304670863571623,20.45187559067276,True
Q9HBL7,0.8108108108108109,1.0,0.6726696864129362,0.08646403338591213,7.779762984345541,False
Q9HBM0,0.13513513513513514,0.3333333333333333,0.6300618193024263,0.02365435521585013,26.63618659451936,False
Q9HBR0,0.15675675675675677,0.3333333333333333,0.6187038577943422,0.10396773127650505,5.950921985100187,False
Q9HBW9,0.3027027027027027,0.1111111111111111,0.5415983080797346,,,False
Q9HC07,0.6108108108108108,1.0,0.5745167504967021,0.10279513612351643,5.588948778727966,False
Q9HC16,0.2918918918918919,1.0,0.40813081562603504,0.6236592792782609,0.6544131213735015,False
Q9HC35,0.9027027027027027,1.0,0.4466744740906936,0.05697471568177015,7.8398719282001315,False
Q9HC38;Q9HC38-2,0.9459459459459459,1.0,0.39384036686062807,0.11827258624379766,3.32993789489643,False
Q9HC56;Q9HC56-2,0.14054054054054055,0.1111111111111111,0.8754044304686195,,,False
Q9HC84,0.07567567567567568,0.2222222222222222,0.5726415663785263,0.5793963274949645,0.9883417260415809,False
Q9HCC0,0.4594594594594595,0.8888888888888888,0.4820563098754125,0.2500240530112059,1.9280397388558734,False
Q9HCE0,0.3567567567567568,0.7777777777777778,0.5567374013421924,0.3209547085205653,1.7346291752766707,False
Q9HCE1,0.24864864864864866,0.8888888888888888,0.5778761584177108,0.10408478546018074,5.551975304198387,False
Q9HCG7,0.7405405405405405,1.0,0.4639080766917232,0.08809227640258044,5.2661606174379,False
Q9HCH0,0.2702702702702703,0.6666666666666666,0.6094302717778133,0.2766796602803083,2.2026565709976307,False
Q9HCJ3;Q9HCJ3-2,0.12972972972972974,0.5555555555555556,0.7722396856343776,0.1453025613242236,5.31470112155302,False
Q9HCL0;Q9HCL0-2,0.8108108108108109,0.7777777777777778,0.6150347954226607,0.3107013579714337,1.9795046904146707,False
Q9HCM2,0.9459459459459459,1.0,0.5054293995485093,0.05052675924855343,10.003202403347878,False
Q9HCN6;Q9HCN6-2,0.9567567567567568,1.0,0.8240319305447592,0.06832839283300451,12.059875790708322,False
Q9HCN8,0.5567567567567567,1.0,0.3146012609192095,0.09571220810103753,3.2869501933034933,False
Q9HCP0;Q9HCP0-2,0.6918918918918919,1.0,0.346495757907733,0.11411435058407271,3.036390744321464,False
Q9HCU0,0.6432432432432432,1.0,0.5422607800383403,0.8167570787100633,0.6639192902922301,False
Q9HCU5,0.8918918918918919,1.0,0.6338826856370012,0.15235001089891576,4.160699969083576,False
Q9HD15,0.4702702702702703,0.8888888888888888,0.4084330276138797,0.49777461815047364,0.8205179868982659,False
Q9HD20,0.8972972972972973,1.0,0.5793370816649892,0.052943855730003264,10.942479985202118,False
Q9HD26;Q9HD26-2,0.6756756756756757,1.0,0.42986583455889615,0.015761121597714478,27.273809918529594,False
Q9HD33;Q9HD33-2,0.22702702702702704,0.6666666666666666,0.4342079768791107,0.3599084435108084,1.2064400952740388,False
Q9HD34,0.08108108108108109,0.2222222222222222,0.275891922687336,0.28655564357259067,0.9627865612684982,False
Q9HD40,0.6,1.0,0.363868774323997,0.16718814004448213,2.1764030285113884,False
Q9HD42,0.7837837837837838,1.0,0.4111507468691933,0.024324691978925728,16.902608560281195,True
Q9HD45,0.9351351351351351,1.0,0.6748961790494423,0.10599331992374772,6.367346352911363,False
Q9HDC9,1.0,1.0,0.7041359059220227,0.14826463745153262,4.749183069038989,False
Q9NNX6;Q9NNX6-2;Q9NNX6-6,0.9459459459459459,1.0,0.6362696566896862,0.20182760030036206,3.1525403648598243,False
Q9NP55;Q9NP55-2,0.41621621621621624,0.4444444444444444,0.7000621757094159,0.29346466633176505,2.3855075449457614,False
Q9NP58-4,1.0,1.0,0.44411791459036465,0.0789683036826645,5.6240022120148385,False
Q9NP59,0.23243243243243245,0.4444444444444444,0.8264695652693579,0.43845730950199346,1.8849487677787256,False
Q9NP61,0.5243243243243243,1.0,0.41647076514520265,0.17428368895773794,2.3896141264613275,False
Q9NP72,1.0,1.0,0.68148878411826,0.05356005791829688,12.723824629873182,False
Q9NP73,0.21081081081081082,0.4444444444444444,1.0104799177932726,0.10965572477003871,9.215022014695274,False
Q9NP78;Q9NP78-2;Q9NP78-3;Q9NP78-5;Q9NP78-6,0.8648648648648649,0.8888888888888888,0.5579966349679326,0.2588700943962312,2.1555082917915307,False
Q9NP79,0.9945945945945946,1.0,0.502397398665023,0.04022314968690388,12.49025505400928,False
Q9NP80,0.7837837837837838,1.0,0.5283745347199957,0.30784298624983464,1.7163767190433417,False
Q9NP81,0.31891891891891894,0.7777777777777778,0.518796550200614,0.08910738106523297,5.822150129413161,False
Q9NP90,0.2,0.6666666666666666,0.3091924630766112,0.40147973299284967,0.7701321826925642,False
Q9NP97,0.6,1.0,0.548533584887112,0.2744274373419522,1.9988292358814252,False
Q9NPA0,0.6324324324324324,1.0,0.49934565713325263,0.3645729576283401,1.3696727820451924,False
Q9NPA2,0.9513513513513514,1.0,0.5718279435492724,0.11116437003189361,5.143985823742014,False
Q9NPB8,0.5675675675675675,1.0,0.34785680007032305,0.1004731123271636,3.4621879626623007,False
Q9NPD3,0.2918918918918919,0.7777777777777778,0.4531930951154539,0.2505774089127364,1.808595184545461,False
Q9NPF2;Q9NPF2-2,0.41621621621621624,0.8888888888888888,0.4457663662963913,0.1782869407602501,2.500274918597835,False
Q9NPF4,0.6648648648648648,1.0,0.3950899566500645,0.17412382318777198,2.269017239668616,False
Q9NPG3;Q9NPG3-2,0.24324324324324326,0.4444444444444444,0.5407456326832936,0.8127047517885986,0.6653654128307014,False
Q9NPG4,0.9837837837837838,1.0,0.6801734884403361,0.25549109997764496,2.662219891416375,False
Q9NPH0,0.20540540540540542,0.6666666666666666,0.5540421841571641,0.30553114560618244,1.8133738315219181,False
Q9NPH2,0.43783783783783786,1.0,0.5035180038598028,0.5464320329246881,0.9214650194733369,False
Q9NPH3,1.0,1.0,0.5080122449512796,0.17702698034917574,2.8696882472335803,False
Q9NPI6;Q9NPI6-2,0.5027027027027027,1.0,0.48081521026417207,0.12033152355293808,3.995754363175203,False
Q9NPJ3,0.7567567567567568,1.0,0.4980769278782988,0.22518690505771666,2.2118378852919487,False
Q9NPQ8;Q9NPQ8-4,0.8702702702702703,1.0,0.2883127738178146,0.1462889847898161,1.9708440401856249,False
Q9NPR2;Q9NPR2-2,0.4540540540540541,0.6666666666666666,0.7522079674149476,1.1113561422686429,0.6768379089347939,False
Q9NPR9,0.0972972972972973,0.0,0.5856057822152136,,,False
Q9NPY3,0.372972972972973,0.3333333333333333,0.5623070198493991,0.7038829140827936,0.7988644256014122,False
Q9NQ11;Q9NQ11-3,0.5027027027027027,1.0,0.5394189441071919,0.15612576292391012,3.455028395089955,False
Q9NQ34;Q9NQ34-2,0.5351351351351351,1.0,0.4042289261800356,0.21482904640577516,1.8816306870185355,False
Q9NQ38;Q9NQ38-3,0.06486486486486487,0.2222222222222222,1.1110364583983214,0.6271038222480536,1.7716946045958657,False
Q9NQ48;Q9NQ48-2,0.10810810810810811,0.1111111111111111,0.41399199487081706,,,False
Q9NQ50,0.2,0.4444444444444444,0.524504151362386,0.2568643903962107,2.0419496472568417,False
Q9NQ75,0.9891891891891892,1.0,0.7564673688869519,0.027710713852464153,27.29873264595396,True
Q9NQ79-2,1.0,1.0,0.5554792420872943,0.07959045582859403,6.979219258193145,False
Q9NQ89,0.3837837837837838,0.8888888888888888,0.4573102716605799,0.13764186190784677,3.322465021337446,False
Q9NQ94-6,0.043243243243243246,0.0,0.3144796698113064,,,False
Q9NQC3-2,0.15135135135135136,0.1111111111111111,0.9638477720774299,,,False
Q9NQC3-3,1.0,1.0,0.8291321785698607,0.17464914094540163,4.747416300370248,False
Q9NQC3-5,1.0,1.0,0.7488117518525037,0.050458007710393105,14.840295640492895,True
Q9NQC7;Q9NQC7-2,0.7405405405405405,1.0,0.38051480143859173,0.14437303638448995,2.6356362030456717,False
Q9NQE9,0.25405405405405407,0.4444444444444444,0.5348574916787427,0.8565838399672252,0.6244076373180325,False
Q9NQG6,0.3945945945945946,1.0,0.3837761697774482,0.3278054663578658,1.1707436548921948,False
Q9NQG7-3;Q9NQG7-4,0.6810810810810811,1.0,0.34540152349800923,0.1032153938030902,3.3464148202248896,False
Q9NQH7;Q9NQH7-2;Q9NQH7-4,0.6270270270270271,0.6666666666666666,0.8966395635905169,0.3387037628670617,2.647267795316582,False
Q9NQP4,0.2918918918918919,0.8888888888888888,0.37233926802280326,0.3350403882234225,1.1113265179674634,False
Q9NQR4,0.7837837837837838,1.0,0.46986383412622423,0.06329631508594247,7.423241518692716,False
Q9NQS1,0.4540540540540541,0.8888888888888888,0.4176678545591699,0.1908562049804825,2.188390231283713,False
Q9NQT8,0.8702702702702703,1.0,0.4689869172810983,0.045198521409339776,10.37615618072381,False
Q9NQW7-3,0.9891891891891892,1.0,0.7236743551086793,0.020401780234754696,35.47113765473714,True
Q9NQX3;Q9NQX3-2,0.25405405405405407,0.7777777777777778,0.4813291079747408,0.3393964818337327,1.4181912121603535,False
Q9NR09,0.8054054054054054,1.0,0.40379756960215296,0.09000988099749563,4.486147133261825,False
Q9NR12,0.9945945945945946,1.0,0.7639122637582645,0.03566354192737364,21.41997744682565,True
Q9NR12-2,0.9351351351351351,1.0,0.549417228541909,0.1856165206503917,2.9599586643299665,False
Q9NR19;Q9NR19-2,0.8108108108108109,1.0,0.3050258931045473,0.12693689970030597,2.402972609420144,False
Q9NR28;Q9NR28-2,0.6216216216216216,1.0,0.4032904142781799,0.07428297021605701,5.429109971036197,False
Q9NR31,1.0,1.0,0.7849577204033267,0.053629343507612504,14.636720665653955,True
Q9NR34,0.7135135135135136,0.6666666666666666,0.7705700808530604,0.2647792177779955,2.910236261439317,False
Q9NR45,0.5891891891891892,1.0,0.5165588419389238,0.2213311806403322,2.3338728887835405,False
Q9NR46,0.9621621621621622,1.0,0.4500099899043244,0.049713823753995356,9.052009198309925,False
Q9NR50,0.8648648648648649,1.0,0.41366483037252966,0.09639356270445987,4.291415513303676,False
Q9NR56;Q9NR56-2;Q9NR56-5;Q9NR56-6;Q9NR56-7,0.9675675675675676,1.0,0.6525060469402,0.10611895403624239,6.148817172824303,False
Q9NR77,0.1837837837837838,0.4444444444444444,0.5339228289290467,0.13341160308829814,4.002071908060885,False
Q9NR81,0.13513513513513514,0.4444444444444444,0.6393745495652983,0.7853187545725326,0.8141592771629715,False
Q9NR96-4,0.1891891891891892,0.3333333333333333,0.4706326248872603,0.059956946671491096,7.849509540001996,False
Q9NRA1,1.0,1.0,0.3569246296323616,0.1451325722014971,2.459300653314541,False
Q9NRA2,0.6270270270270271,1.0,0.5286551247627367,0.09980775350675053,5.296734033062681,False
Q9NRA8;Q9NRA8-3,0.8972972972972973,1.0,0.632065725138534,0.2504672932298533,2.523545956790808,False
Q9NRB3,0.1945945945945946,0.4444444444444444,0.40076052357490166,0.14242115883042317,2.813911408009788,False
Q9NRD5,0.23783783783783785,0.8888888888888888,0.34569699744516047,0.4254406368536774,0.8125622413546186,False
Q9NRF8,0.8756756756756757,1.0,0.4670997883155632,0.07538051691058989,6.196558573213264,False
Q9NRG1,0.7837837837837838,1.0,0.5689774309449867,0.026727661406590997,21.28796164727969,True
Q9NRG7,0.6108108108108108,0.8888888888888888,0.5481796438513644,0.17149582172191113,3.196460638791915,False
Q9NRG9,0.05405405405405406,0.2222222222222222,0.525529208629866,0.15744520015258168,3.3378547464169785,False
Q9NRH2,0.2918918918918919,0.6666666666666666,0.45805365529875175,0.37384911042062097,1.225236713238107,False
Q9NRK6,0.6648648648648648,1.0,0.4353356684077685,0.3854606433579999,1.1293907067016613,False
Q9NRL3;Q9NRL3-3,0.9081081081081082,1.0,0.6335937799372555,0.09636866695772817,6.574686565034458,False
Q9NRN5,0.32432432432432434,0.4444444444444444,0.7545601054762976,0.34076424823473594,2.214317110392748,False
Q9NRN7,0.5513513513513514,1.0,0.3913896116070914,0.4134234152360463,0.9467040259043514,False
Q9NRP0,0.6378378378378379,1.0,0.7317165067352089,0.12238004336338193,5.979050886283231,False
Q9NRP2,0.16756756756756758,0.3333333333333333,0.40126551852434744,0.08051434343872366,4.9837768202101165,False
Q9NRQ2,0.4540540540540541,0.7777777777777778,0.5901020925638782,0.26271600534623474,2.246159657407168,False
Q9NRR3,0.5027027027027027,1.0,0.4883995186876575,0.21639432146532478,2.25698860940729,False
Q9NRR5,0.31891891891891894,0.5555555555555556,0.5359202699907222,0.700824998135916,0.7646991351852254,False
Q9NRS6,0.32972972972972975,0.6666666666666666,0.40021872017024407,0.43580720024655495,0.9183389350699646,False
Q9NRV9,0.6648648648648648,1.0,0.45872847629385305,0.07271830737782459,6.308294194891314,False
Q9NRW1,1.0,1.0,0.7348210025606186,0.05883073657257043,12.49042669479725,False
Q9NRW3,0.14054054054054055,0.0,0.5614967709062544,,,False
Q9NRW4,0.6648648648648648,1.0,0.49525493712225455,0.05780670970666968,8.567429968516484,False
Q9NRW7,0.9459459459459459,1.0,0.5162769284621476,0.07728605050567694,6.680079070986104,False
Q9NRX2,0.22162162162162163,0.5555555555555556,0.4139629602866428,0.41302185335623776,1.0022785887060395,False
Q9NRX6,0.5891891891891892,1.0,0.4146178220222243,0.11090676663597421,3.7384357564323496,False
Q9NRY4,0.4810810810810811,1.0,0.33002257380051425,0.05472202200973619,6.0308914341980335,False
Q9NRY5,0.9891891891891892,1.0,0.4154205370335706,0.0667185275023705,6.226464410786206,False
Q9NRY6,0.21621621621621623,0.4444444444444444,0.47786033198740707,0.12698141341000113,3.7632305323652235,False
Q9NRZ5,0.44324324324324327,1.0,0.5063559217701235,0.22114592899865748,2.289691354766912,False
Q9NRZ7,0.6864864864864865,1.0,0.41879823306863706,0.11612247316828217,3.6065218182334418,False
Q9NS00,0.23783783783783785,0.7777777777777778,0.4547465477797692,0.38768136815985166,1.172990463633178,False
Q9NS28,0.9297297297297298,1.0,0.6449194327668204,0.03654728891511816,17.646163420347246,True
Q9NS69,0.518918918918919,1.0,0.5824078852667371,0.211650347906005,2.7517454661845746,False
Q9NS86,0.8,1.0,0.41740822012739187,0.1380745090920943,3.023065031134638,False
Q9NSB2,0.745945945945946,0.8888888888888888,0.9258300658076015,1.0710681178961137,0.8643988653365936,False
Q9NSB8;Q9NSB8-2,0.3945945945945946,0.8888888888888888,0.47157209895182284,0.2703204185759436,1.7444930776449645,False
Q9NSD9,0.9243243243243243,1.0,0.5403228610245119,0.056939392476243356,9.489438463010456,False
Q9NSE4,0.4594594594594595,0.8888888888888888,0.3915903102288336,0.21966469969367264,1.7826729136493715,False
Q9NSK0-3,0.6702702702702703,1.0,0.42282869103804366,0.11833109901247418,3.5732676749116483,False
Q9NSK7-3;Q9NSK7-4,0.15135135135135136,0.1111111111111111,0.49119740040522153,,,False
Q9NSU2;Q9NSU2-1;Q9NSU2-2,0.1945945945945946,0.4444444444444444,0.35379489564473854,0.491160388537514,0.720324569939777,False
Q9NSY0,0.1945945945945946,0.3333333333333333,0.6274080229793899,0.23235218923438872,2.700245799476771,False
Q9NSY1,0.8486486486486486,1.0,0.3890510170968149,0.1169770134351289,3.325875791080682,False
Q9NT62,0.8540540540540541,1.0,0.6147147393110002,0.0789383404081132,7.787277210705337,False
Q9NTG7;Q9NTG7-2,0.1891891891891892,0.3333333333333333,0.4543830613084321,0.17214705025863175,2.639505356761979,False
Q9NTJ3,0.2864864864864865,0.7777777777777778,0.6884541346960624,0.3737304526539891,1.842114095351641,False
Q9NTJ4;Q9NTJ4-2;Q9NTJ4-4,0.6216216216216216,1.0,0.31296273013329845,0.13643063988405757,2.29393287606994,False
Q9NTJ5,1.0,1.0,0.7690029283957251,0.03346191387366915,22.981438877016718,True
Q9NTK5,0.9945945945945946,1.0,0.7601140544458884,0.09689139006082392,7.84501134691869,False
Q9NTK5-2,1.0,1.0,0.4885424182738518,0.31501154870343484,1.55087145307738,False
Q9NTX5,0.827027027027027,1.0,0.4245703696097536,0.29415469660027327,1.4433574391868444,False
Q9NTZ6,0.24324324324324326,0.3333333333333333,0.6203076336397579,0.15429301977661503,4.020322076383219,False
Q9NUB1;Q9NUB1-2,0.8216216216216217,1.0,0.3747412939411552,0.0687983797762648,5.446949407236471,False
Q9NUD5,0.07567567567567568,0.0,0.5052138416278726,,,False
Q9NUI1,0.41621621621621624,0.8888888888888888,0.5727607560572565,0.36355335571084435,1.5754517103475927,False
Q9NUJ1,0.5513513513513514,1.0,0.4075073633840578,0.1309840322044984,3.1111224515354534,False
Q9NUJ3,0.5297297297297298,0.8888888888888888,0.3642156292870542,0.2416390869445273,1.5072711699604568,False
Q9NUL3;Q9NUL3-2;Q9NUL3-3;Q9NUL3-6;Q9NUL3-7;Q9NUL3-8,0.14054054054054055,0.4444444444444444,0.4181584770005742,0.12085086550208324,3.460119836654094,False
Q9NUL5;Q9NUL5-3;Q9NUL5-4,0.23243243243243245,0.2222222222222222,0.5346076138480704,0.025613216682407014,20.87233401712004,False
Q9NUP1,0.42702702702702705,1.0,0.4068668628524783,0.17122195618993175,2.3762540266807384,False
Q9NUP9,0.5459459459459459,1.0,0.3859484490330356,0.09927840888279782,3.887536609180183,False
Q9NUQ2,0.6108108108108108,1.0,0.5234079209874611,0.289945693909587,1.8051929446852693,False
Q9NUQ7,0.42162162162162165,1.0,0.5070096864236335,0.24688134968511832,2.0536573016564135,False
Q9NUQ8,0.31891891891891894,0.8888888888888888,0.5739656363965793,0.5442392532572162,1.0546200645423014,False
Q9NUQ9,0.9621621621621622,1.0,0.5727423361155664,0.1273802559921986,4.496319556389053,False
Q9NUS5,0.3837837837837838,0.8888888888888888,0.4039374083009424,0.087816813444757,4.5997730099264835,False
Q9NUT2;Q9NUT2-2,0.7783783783783784,1.0,0.6600747587159246,0.16708622544358853,3.950503741188278,False
Q9NUU7,0.8162162162162162,1.0,0.4202017748800966,0.07973883424030959,5.2697255845718916,False
Q9NUY8,0.8486486486486486,1.0,0.5091081726938853,0.10449639222380647,4.872016744879541,False
Q9NV70-2,0.8594594594594595,1.0,0.39085457244878974,0.08126612968685087,4.809563024040891,False
Q9NV96;Q9NV96-2,0.8594594594594595,1.0,0.5982563316054961,0.12695281715852325,4.712430531245843,False
Q9NVA1;Q9NVA1-4,0.02702702702702703,0.0,0.4363711291723984,,,False
Q9NVA2,1.0,1.0,0.7021134404373441,0.06741763819420044,10.414387973884008,False
Q9NVE7,0.6054054054054054,1.0,0.41470363725351067,0.1566474932678812,2.647368487054756,False
Q9NVG8,0.8648648648648649,1.0,0.5956292253895228,0.04118894237149995,14.46090118113009,True
Q9NVH0,0.1891891891891892,0.5555555555555556,0.40268533302974774,0.5049656657607198,0.7974509166343241,False
Q9NVH1,0.7405405405405405,1.0,0.3823479600816402,0.1252498977187937,3.052680816874384,False
Q9NVH2;Q9NVH2-2;Q9NVH2-3,0.5513513513513514,0.8888888888888888,0.8608997313036815,0.2774399592205503,3.103012751740318,False
Q9NVI7-2,0.8648648648648649,1.0,0.44402396448756054,0.09518671561330017,4.664768204540491,False
Q9NVJ2,1.0,1.0,0.7160931839965912,0.07779413975083216,9.204975931222778,False
Q9NVK5-2,0.8594594594594595,1.0,0.4947606031456786,0.04238209231408163,11.673812597055107,False
Q9NVM1,0.1945945945945946,0.1111111111111111,0.5632332669064013,,,False
Q9NVR0,0.12972972972972974,0.2222222222222222,0.8231305534637592,1.6282346287211373,0.5055355898616833,False
Q9NVS9;Q9NVS9-3,0.5405405405405406,1.0,0.4626186749129815,0.2163330872543483,2.1384554752323623,False
Q9NVT9,0.8108108108108109,1.0,0.7079657693856802,0.2727509849801635,2.5956488092505654,False
Q9NVX0,0.0918918918918919,0.4444444444444444,0.29431406235262614,0.44556360964108777,0.6605433118510357,False
Q9NVZ3,0.6378378378378379,1.0,0.3939636239358917,0.07703768360445018,5.113907966894449,False
Q9NW15,0.8756756756756757,1.0,0.5993470847750908,0.11791414691252733,5.08291074878154,False
Q9NW61,0.21621621621621623,0.6666666666666666,0.39855869859701976,0.16274983731057446,2.448903821860373,False
Q9NW64;Q9NW64-2,0.9945945945945946,1.0,0.6548070760985603,0.24138512375277088,2.7127068392550173,False
Q9NW68,0.5513513513513514,1.0,0.3062469077598884,0.12354718132874787,2.478785063861498,False
Q9NWQ8,0.7027027027027027,1.0,0.899823726802472,0.14875036038660738,6.049220482315463,False
Q9NWS0,0.3675675675675676,0.8888888888888888,0.4639124782768915,0.15255757439136186,3.0409009852686752,False
Q9NWS8,0.10810810810810811,0.1111111111111111,0.4769575264522805,,,False
Q9NWT6,0.572972972972973,1.0,0.3675798385701503,0.1819946772842549,2.0197285110488843,False
Q9NWU2,0.35135135135135137,0.7777777777777778,0.38266777015874354,0.15172238616896472,2.522157605223714,False
Q9NWU5,0.24324324324324326,0.7777777777777778,0.3496566988518932,0.44956514822804294,0.7777664710666785,False
Q9NWV4,0.6756756756756757,1.0,0.5321732357432865,0.19456540502145891,2.7351894119337006,False
Q9NWV8,0.7567567567567568,1.0,0.4470830070342675,0.10151233878972832,4.40422329309495,False
Q9NWW5,0.23243243243243245,0.5555555555555556,0.45998380653092674,0.24004312815813478,1.9162548416212115,False
Q9NWW6,0.20540540540540542,0.3333333333333333,0.509175279164916,0.9197177296085428,0.5536212500564005,False
Q9NWX6,0.32432432432432434,0.5555555555555556,0.5849230391204046,0.45300302317071584,1.2912122197912446,False
Q9NWZ3,0.8864864864864865,1.0,0.5147371667211118,0.03550031940953069,14.499508040564884,True
Q9NWZ5,0.4540540540540541,1.0,0.5217520012465657,0.16491040130252976,3.1638513830877564,False
Q9NX00,0.1837837837837838,0.5555555555555556,0.4040762584994999,0.6964556687202652,0.580189488933285,False
Q9NX08,0.43243243243243246,0.8888888888888888,0.5559514095519482,0.19876310659120655,2.79705534435707,False
Q9NX14;Q9NX14-2,0.24324324324324326,0.8888888888888888,0.3682526937474311,0.16315448476381178,2.257079811692132,False
Q9NX40,0.7189189189189189,1.0,0.3631322867783666,0.21680706770559155,1.674909820151593,False
Q9NX46,0.35135135135135137,0.8888888888888888,0.5582580041931973,0.3627267519014561,1.5390593642921109,False
Q9NX47,0.05945945945945946,0.1111111111111111,0.29172211440315365,,,False
Q9NX57,0.6054054054054054,1.0,0.46142869278334153,0.2533097842975689,1.8215983802713698,False
Q9NX62,1.0,1.0,0.32915625894601774,0.11564453479602932,2.8462759569795026,False
Q9NX63,0.9243243243243243,1.0,0.7787824576948523,0.08188224162124769,9.51100558894281,False
Q9NX76,1.0,1.0,0.7128188538379838,0.051384836415223845,13.872163532407319,True
Q9NXA8-4,0.2,0.3333333333333333,0.5205038096494796,0.7867089118400177,0.6616218550671857,False
Q9NXC2,0.4486486486486487,1.0,0.38254962308580964,0.27986367394859,1.3669141753498264,False
Q9NXC5,0.6864864864864865,1.0,0.35223169774984875,0.033617888414912755,10.47750808743836,False
Q9NXD2,0.1891891891891892,0.6666666666666666,0.3928361333084833,0.30988085017272216,1.2677005793985765,False
Q9NXG0,0.5675675675675675,0.5555555555555556,0.9607911444694839,0.8073907526731521,1.1899952300524197,False
Q9NXG2,0.1891891891891892,0.2222222222222222,0.6666658162603056,0.5145162054354273,1.295713933239705,False
Q9NXH8,0.9945945945945946,1.0,0.7259203358184605,0.03715109177825937,19.539677061207268,True
Q9NXL6,0.7405405405405405,1.0,0.463357870793244,0.18576454757442384,2.4943288525363347,False
Q9NXN4;Q9NXN4-2,0.2756756756756757,0.7777777777777778,0.3910356908927497,0.3354117268403982,1.1658378631431079,False
Q9NXR1;Q9NXR1-1,0.34054054054054056,1.0,0.31387550484839544,0.4732207635779915,0.6632750060990628,False
Q9NXR5;Q9NXR5-2,0.08108108108108109,0.1111111111111111,0.33094174103261764,,,False
Q9NXR7,0.6648648648648648,1.0,0.42119874107489075,0.10920158953751802,3.8570751841499606,False
Q9NXS2,0.3783783783783784,0.8888888888888888,0.4051180219225401,0.37576792582783636,1.0781069752827996,False
Q9NXU5,0.7783783783783784,1.0,0.4982740834504469,0.11055147429533285,4.507168146119264,False
Q9NXW2,0.21621621621621623,0.5555555555555556,0.4173119027576968,0.7537415409584778,0.5536538456233047,False
Q9NXW9,0.07027027027027027,0.0,0.5248697408353884,,,False
Q9NY12,0.21081081081081082,0.2222222222222222,0.7439982862755645,0.014951163904306064,49.76189753770853,False
Q9NY15,0.918918918918919,1.0,0.5209338978052998,0.05620009874334997,9.269270151717317,False
Q9NY33,0.9135135135135135,1.0,0.6600147742362541,0.07570014387442292,8.718804753279414,False
Q9NY65,1.0,1.0,0.7760219279790164,0.04892364609763433,15.86189889507316,True
Q9NY97;Q9NY97-2,0.5837837837837838,1.0,0.5534317468130778,0.3434305638086492,1.6114807624444163,False
Q9NYA1-2,0.6918918918918919,1.0,0.39099187983802164,0.2152659730367965,1.8163199428234178,False
Q9NYB0,0.15675675675675677,0.2222222222222222,0.6353747057824339,0.11064225423193808,5.7426044886116046,False
Q9NYB9;Q9NYB9-2;Q9NYB9-4,0.6108108108108108,1.0,0.45750686503117244,0.0869090157713881,5.264204881052069,False
Q9NYC9;Q9NYC9-2,0.5513513513513514,1.0,0.6402734313793452,0.24965935763768954,2.5645881549872542,False
Q9NYG2;Q9NYG2-2,0.2648648648648649,0.7777777777777778,0.4134169913968151,0.3533847118041322,1.1698779760058111,False
Q9NYI0;Q9NYI0-2,0.23243243243243245,0.7777777777777778,0.4261300634140248,0.2283408936278679,1.8662012600708229,False
Q9NYJ8,0.5459459459459459,1.0,0.41523405603638963,0.3149889808352704,1.3182494668076796,False
Q9NYK5;Q9NYK5-2,0.2810810810810811,0.6666666666666666,0.35050910383982714,0.4077323762095064,0.85965482333864,False
Q9NYL4;Q9NYL4-2,0.6216216216216216,1.0,0.4049787686034847,0.1714679803407968,2.3618331994030575,False
Q9NYL9,0.9945945945945946,1.0,0.7299599425690069,0.06829506877133795,10.688325756183383,False
Q9NYM9,0.5459459459459459,1.0,0.5974332331090224,0.06538422358901386,9.137268905482664,False
Q9NYQ8,0.9891891891891892,1.0,1.0850894167739131,0.5306914158779055,2.0446711296034157,False
Q9NYR9;Q9NYR9-2,0.518918918918919,1.0,0.7591117903379461,0.06600593977756297,11.500658772469848,False
Q9NYU2;Q9NYU2-2,1.0,1.0,0.6412866746992112,0.024400794058220043,26.281385481517848,True
Q9NZ01,0.6756756756756757,1.0,0.4359437722939621,0.07293207149988312,5.977394626651469,False
Q9NZ08;Q9NZ08-2,0.9945945945945946,1.0,0.7334468495429949,0.06605499535564441,11.103578852652538,False
Q9NZ09;Q9NZ09-2,0.4,1.0,0.46409965647033324,0.13440624109999355,3.4529620996175265,False
Q9NZ32,0.8540540540540541,1.0,0.5411450763457362,0.07743341741901055,6.988521162865279,False
Q9NZ43,0.7675675675675676,1.0,0.4133515233599594,0.08196183665376644,5.043219383993201,False
Q9NZ52,0.7297297297297297,1.0,0.49654458680121216,0.13722659537399906,3.618428231407501,False
Q9NZB2;Q9NZB2-6,0.8702702702702703,1.0,0.3631243054315476,0.04830169711829946,7.51783740729009,False
Q9NZC3,0.4972972972972973,1.0,0.584143399959947,0.19311832319049316,3.024795318793982,False
Q9NZC7,0.32972972972972975,0.8888888888888888,0.4975031531165772,0.52781626035559,0.9425688264726994,False
Q9NZD2,0.7405405405405405,1.0,0.5327521335501633,0.19348247432292176,2.753490389320747,False
Q9NZD4,0.15135135135135136,0.1111111111111111,0.6473458949550137,,,False
Q9NZD8,0.35135135135135137,0.7777777777777778,0.48652123909189804,0.33192400926749777,1.4657609136668697,False
Q9NZE8,0.08648648648648649,0.0,0.561032845816376,,,False
Q9NZG7,0.21621621621621623,0.8888888888888888,0.5325289764806573,0.5233041990014291,1.0176279446960887,False
Q9NZI7,0.23783783783783785,0.7777777777777778,0.5186230292673084,0.8280962083334806,0.6262835453757506,False
Q9NZJ4,0.4864864864864865,0.5555555555555556,0.42904747317534486,0.8153620391042953,0.526204866793491,False
Q9NZJ5,0.06486486486486487,0.2222222222222222,0.2985848235301276,0.3626317519184967,0.8233830103140997,False
Q9NZJ7;Q9NZJ7-2,0.7783783783783784,1.0,0.4092309551408624,0.20951500490400754,1.9532298191643014,False
Q9NZJ9,0.0918918918918919,0.2222222222222222,0.12587406823856107,0.8045045612703614,0.15646159673700083,False
Q9NZK5,0.5027027027027027,0.3333333333333333,0.6497214837492304,0.1720506739985712,3.7763379163200836,False
Q9NZL4;Q9NZL4-3,0.3081081081081081,0.7777777777777778,0.5458595937569157,0.31249279409640174,1.7467909790858154,False
Q9NZL9,0.7891891891891892,1.0,0.424625338389391,0.0622753074774991,6.818518536304518,False
Q9NZM3;Q9NZM3-2,0.8702702702702703,1.0,0.37657062922805906,0.07789275891942893,4.834475430733914,False
Q9NZN3,1.0,1.0,0.6956344397012764,0.03124298950431026,22.26529697503202,True
Q9NZN5-2,0.8918918918918919,1.0,0.4042707094911169,0.08210834004198375,4.923625411065485,False
Q9NZN8,0.5891891891891892,1.0,0.5045233395559983,0.12818477714735899,3.935906827501108,False
Q9NZP8,1.0,1.0,0.6217807268311439,0.2954158371775115,2.104764364604881,False
Q9NZQ3;Q9NZQ3-3,0.918918918918919,1.0,0.6378562705928408,0.04161430660016485,15.327812060439665,True
Q9NZQ7,0.5243243243243243,1.0,0.32667277866498345,0.13531196143622637,2.4142195205628365,False
Q9NZT1,0.9783783783783784,1.0,0.6577873925093485,0.41227669246177,1.5954998294509322,False
Q9NZT2;Q9NZT2-2,0.34054054054054056,0.7777777777777778,0.4801054635499806,0.5231939669737109,0.9176433480818494,False
Q9NZV5;Q9NZV5-2,0.2702702702702703,0.7777777777777778,0.6451929487338086,0.44788916462041684,1.4405192170268406,False
Q9NZZ3,0.8378378378378378,1.0,0.4280191901224306,0.07711293350228665,5.5505499620208125,False
Q9P000,0.5243243243243243,1.0,0.41403408107160544,0.14867502644375463,2.784826012647383,False
Q9P003,0.4540540540540541,1.0,0.566537731774102,0.29330344681774,1.9315754312500493,False
Q9P015,0.1783783783783784,0.3333333333333333,0.5449633938869454,0.11599115932019011,4.698318363924533,False
Q9P035,0.9243243243243243,1.0,0.3955812870620736,0.08504317558517727,4.651534756787964,False
Q9P0I2,0.6864864864864865,1.0,0.4400339572404022,0.13130253096202438,3.351298364291773,False
Q9P0J0,0.4702702702702703,1.0,0.4444568736093455,0.20958215108064238,2.120680942139623,False
Q9P0J1;Q9P0J1-2,0.2648648648648649,0.7777777777777778,0.3959852578696115,0.08861636889446345,4.468534005734371,False
Q9P0J7,0.2972972972972973,0.4444444444444444,0.3267869114571784,0.09091940499359108,3.594248240848185,False
Q9P0L0,0.9891891891891892,1.0,0.7282361618904183,0.033923842964220796,21.466794391734542,True
Q9P0N8,0.41081081081081083,1.0,0.4177835150456026,0.19298321688842712,2.1648696802849097,False
Q9P0N9-2,0.20540540540540542,0.2222222222222222,0.3713274715931192,1.0674421223193624,0.34786660918560197,False
Q9P0R6,0.4,1.0,0.43843860859254935,0.5850331335042576,0.7494252606965527,False
Q9P0S3,0.2756756756756757,0.6666666666666666,0.5792762295641651,0.424454726135691,1.3647538686587277,False
Q9P0S9,0.2594594594594595,0.3333333333333333,0.656571508515353,0.8105724970393204,0.8100096054498911,False
Q9P0T7,0.9081081081081082,1.0,0.5253679913820459,0.06172235113876923,8.511794863434005,False
Q9P0U1,0.6756756756756757,1.0,0.4246936847478846,0.21355872588952352,1.988650583013797,False
Q9P107,0.7567567567567568,1.0,0.27898775820897015,0.041852146067382634,6.66603231671311,False
Q9P126;Q9P126-2,0.9837837837837838,1.0,0.7124598669084508,0.12092264810323883,5.89186457693336,False
Q9P1F3,0.2810810810810811,0.4444444444444444,0.7078889359196632,0.7186839051368414,0.984979531140157,False
Q9P1Q0;Q9P1Q0-2;Q9P1Q0-4,0.3945945945945946,1.0,0.44566724812024994,0.17740104223127773,2.512201971954785,False
Q9P1U1;Q9P1U1-2,0.14054054054054055,0.2222222222222222,0.2624301176600712,0.0515500741302386,5.090780606775755,False
Q9P1Z2;Q9P1Z2-2;Q9P1Z2-3,0.972972972972973,1.0,0.6058828879525846,0.08782070329100122,6.899089454395977,False
Q9P219,0.42702702702702705,1.0,0.4402237484773366,0.29511189873943167,1.491718057990034,False
Q9P227,0.2594594594594595,0.6666666666666666,0.7487483449830323,0.5902723766098106,1.2684793912996875,False
Q9P232,0.1837837837837838,0.2222222222222222,0.8240516443206527,0.6806240707017084,1.2107295051599831,False
Q9P253,0.8540540540540541,1.0,0.36443267528637246,0.08927923371436819,4.081942240368068,False
Q9P258,0.7081081081081081,1.0,0.4451148615001941,0.2837037996621543,1.5689421926327898,False
Q9P260,0.772972972972973,1.0,0.2943465988722913,0.09882986249025727,2.9783163859132986,False
Q9P260-2,0.15675675675675677,0.2222222222222222,0.32419329487651005,0.9295184636611244,0.3487755300734957,False
Q9P265,0.654054054054054,1.0,0.47666326910317736,0.08870098145087546,5.3738218146680135,False
Q9P266,0.5621621621621622,1.0,0.43279817674053866,0.16877010394054004,2.564424424914849,False
Q9P270,0.9783783783783784,1.0,0.6893531202033412,0.033722098286691704,20.442177540161897,True
Q9P289,0.9459459459459459,1.0,0.6177562480426406,0.172247142677584,3.586452805193816,False
Q9P299,0.1945945945945946,0.3333333333333333,0.31460923930878426,0.20441265202695114,1.5390888782525265,False
Q9P2D0,0.2594594594594595,0.3333333333333333,0.4808161705039007,0.05092931140418955,9.440853552642924,False
Q9P2D3,0.7567567567567568,1.0,0.3258435764860321,0.10025788576600547,3.250054337336886,False
Q9P2D6-2;Q9P2D6-3,0.7891891891891892,0.8888888888888888,0.8454033843962465,0.31829995464096683,2.6559959311016463,False
Q9P2E3,0.34054054054054056,0.8888888888888888,0.5463763017671344,0.3449526753672014,1.5839166957772335,False
Q9P2E5,0.3027027027027027,0.8888888888888888,0.4093928068753252,0.6583953523748862,0.6218039137102224,False
Q9P2E9,0.8378378378378378,1.0,0.3268912288458239,0.12505521935595354,2.6139750945969733,False
Q9P2G1,0.2648648648648649,0.3333333333333333,0.3555987567458878,0.22336537114409616,1.5920048614719513,False
Q9P2J5,0.9081081081081082,1.0,0.4905384231398662,0.06518156356174742,7.525723476626518,False
Q9P2K6,0.34594594594594597,0.8888888888888888,0.4554247478290767,0.2534821727452634,1.796673678849815,False
Q9P2K8;Q9P2K8-2,0.14594594594594595,0.4444444444444444,0.5875675823975577,0.3157930385601695,1.8606096735904003,False
Q9P2M4,0.3027027027027027,0.6666666666666666,0.47572249953755374,0.24972973292553124,1.904949378532403,False
Q9P2R3;Q9P2R3-2;Q9P2R3-4,0.7837837837837838,1.0,0.4021062880214288,0.2151493637078019,1.8689634079863529,False
Q9P2R7;Q9P2R7-2,0.7297297297297297,1.0,0.43475674931637087,0.158546730262227,2.7421363316500362,False
Q9P2S5,0.21081081081081082,0.5555555555555556,0.5153432123914072,0.342107823640756,1.506376577147689,False
Q9P2T1,0.9027027027027027,1.0,0.47808279522966224,0.10370040894308019,4.610230568059531,False
Q9P2W9,0.7783783783783784,1.0,0.35259344605093634,0.05052566785660417,6.97850144310065,False
Q9P2X0;Q9P2X0-2,0.5513513513513514,0.8888888888888888,0.5520665760511454,0.21535850841152104,2.5634769674213227,False
Q9P2X3,0.2918918918918919,0.6666666666666666,0.33794916310120193,0.5594338838065251,0.6040913374815859,False
Q9P2Y5,0.40540540540540543,0.7777777777777778,0.4378795672555267,0.17871934134698897,2.4500961337215896,False
Q9UBB4,0.7135135135135136,1.0,0.3990207038244673,0.16738212592357016,2.3838907626652306,False
Q9UBB6;Q9UBB6-2,0.4648648648648649,0.5555555555555556,1.0164200576540114,0.29445389220235363,3.4518818890514464,False
Q9UBC2,0.9945945945945946,1.0,0.7411195643974873,0.05395437279573123,13.736042622593942,True
Q9UBE0;Q9UBE0-2;Q9UBE0-3,0.8810810810810811,0.8888888888888888,0.6157721481576388,0.2435643165512671,2.528170615780768,False
Q9UBF2,0.8756756756756757,1.0,0.5541757781412411,0.03488663149083848,15.885046920817569,True
Q9UBF6,0.25405405405405407,0.5555555555555556,0.5041972955859304,0.5975874111379351,0.8437214141205387,False
Q9UBF8;Q9UBF8-2,0.22162162162162163,0.6666666666666666,0.44512067495341867,0.5825821146960815,0.7640479577469127,False
Q9UBF9;Q9UBF9-2,0.03783783783783784,0.0,0.5647100477359821,,,False
Q9UBH6,0.5459459459459459,1.0,0.29158084874133294,0.12885388658309793,2.2628797351276813,False
Q9UBI1,0.518918918918919,1.0,0.3893063565773458,0.08567282958033573,4.5441052721655675,False
Q9UBI6,0.6,1.0,0.5710552767838486,0.17315812807146536,3.2978831727042244,False
Q9UBK8;Q9UBK8-1,0.17297297297297298,0.7777777777777778,0.925587773548104,0.2481423433972605,3.730067834760049,False
Q9UBK9;Q9UBK9-2,0.1891891891891892,0.4444444444444444,0.576569145381205,0.16754465765178583,3.4412863618696194,False
Q9UBM7,0.745945945945946,1.0,0.5884462147719862,0.2354351222035902,2.4993985997685306,False
Q9UBN7,0.9567567567567568,1.0,0.554887614217769,0.07883369923881034,7.038710850506356,False
Q9UBP0;Q9UBP0-3,0.7081081081081081,1.0,0.35741717495809944,0.14768022485780996,2.4202101215801184,False
Q9UBQ0,0.8432432432432433,1.0,0.4661648678712558,0.08316097107552523,5.605572684425409,False
Q9UBQ5;Q9UBQ5-2,0.6918918918918919,1.0,0.4466022680192898,0.09847947719744177,4.534978055619606,False
Q9UBQ6,0.32432432432432434,0.7777777777777778,0.6086842447645004,0.2815872147430021,2.1616188977899156,False
Q9UBQ7,0.918918918918919,1.0,0.5844814795973301,0.13561236767783313,4.309942298078968,False
Q9UBR2,0.6270270270270271,1.0,0.4957273872741279,0.11435079747921506,4.335145868696138,False
Q9UBS0,0.3081081081081081,0.6666666666666666,0.5517778370607545,0.4391995316073869,1.2563261054522357,False
Q9UBS3,0.8702702702702703,1.0,0.6947139491210326,0.349260476790727,1.989099813138311,False
Q9UBS4,0.9351351351351351,1.0,0.583538545596415,0.04443017036131458,13.133835428740625,True
Q9UBS5-4,0.12432432432432433,0.2222222222222222,0.7484941166137187,0.03154123849287327,23.73065080443308,False
Q9UBS8,0.2,0.1111111111111111,0.38031375061088823,,,False
Q9UBU3;Q9UBU3-2;Q9UBU3-3;Q9UBU3-4,0.44324324324324327,0.0,0.8455486896290481,,,False
Q9UBV2,0.772972972972973,1.0,0.8076571145023639,0.2659393396221805,3.036997518493506,False
Q9UBV8,1.0,1.0,0.3113212664858036,0.10664939550168917,2.9191095272628407,False
Q9UBW5,0.9945945945945946,1.0,0.7401036529242226,0.027464620228503378,26.94752910350193,True
Q9UBW8,0.8594594594594595,1.0,0.49811273032857706,0.0906618548813487,5.494181990656036,False
Q9UBX3;Q9UBX3-2,0.3621621621621622,0.7777777777777778,0.5654392703979472,0.4219508750988261,1.340059480302095,False
Q9UBX5,1.0,1.0,0.4694777493410207,0.12374559884217362,3.7938945201582266,False
Q9UBX7;Q9UBX7-3,1.0,1.0,1.0767733079979003,0.47560257387626237,2.2640190931305697,False
Q9UDT6-2,0.9351351351351351,1.0,0.3786745381244625,0.07515887245762443,5.038321168774376,False
Q9UDW1,0.3621621621621622,0.8888888888888888,0.562570990609947,0.30421289036697097,1.8492674321963134,False
Q9UDX3;Q9UDX3-2,1.0,1.0,0.4639834432806822,0.20526981374009878,2.260358865371955,False
Q9UDY2,0.9783783783783784,1.0,0.7247596713127731,0.05557612559020697,13.040845572014513,True
Q9UDY4,0.3621621621621622,0.7777777777777778,0.352733161884931,0.4170495210678311,0.8457824408520556,False
Q9UEU0,0.9567567567567568,1.0,0.5944624252457906,0.08381401770633445,7.092637264194324,False
Q9UEW8;Q9UEW8-2,0.7891891891891892,1.0,0.44092517481803295,0.07295278028838226,6.0439804086294755,False
Q9UEY8,0.9891891891891892,1.0,0.5890906119858794,0.06942382469011754,8.485424342657057,False
Q9UFG5,0.7243243243243244,1.0,0.4101655659199155,0.11100324229049896,3.6950773459976904,False
Q9UFN0,0.2756756756756757,0.8888888888888888,0.552859954088099,0.4116426681358254,1.343057940499204,False
Q9UG63;Q9UG63-2,0.5243243243243243,1.0,0.4389648622748705,0.2117010819785481,2.073512606418097,False
Q9UGI8,0.7081081081081081,1.0,0.5527869540814141,0.22315120899267527,2.4771855665794704,False
Q9UGJ0;Q9UGJ0-3,0.5675675675675675,1.0,0.3700614758877663,0.0723546061812872,5.114553107518314,False
Q9UGJ1;Q9UGJ1-2,0.6486486486486487,1.0,0.41336547449304106,0.11424386540824827,3.618272832557682,False
Q9UGL1,0.5837837837837838,0.7777777777777778,1.076204004892669,0.5634145450761654,1.91014593836441,False
Q9UGM3;Q9UGM3-2;Q9UGM3-3;Q9UGM3-4;Q9UGM3-5;Q9UGM3-6;Q9UGM3-7;Q9UGM3-8;Q9UGM3-9,0.3621621621621622,0.5555555555555556,0.5288224190172794,0.17644430339509753,2.997106785777776,False
Q9UGM5,1.0,1.0,0.9250036676720974,0.4416193706914058,2.0945722245468943,False
Q9UGM6,0.2756756756756757,0.6666666666666666,0.4615176050082379,0.42250840695716985,1.092327625696268,False
Q9UGP4,0.7945945945945946,1.0,0.4466766658427215,0.1112438250079304,4.015294024732416,False
Q9UGP8,0.7351351351351352,1.0,0.4359927683018494,0.07793029588436973,5.59465049316328,False
Q9UGR2,0.5513513513513514,1.0,0.3540657092353747,0.2472173543084164,1.432204103251018,False
Q9UGV2;Q9UGV2-2,0.518918918918919,1.0,0.46148653727798816,0.3557914106123299,1.2970704843148213,False
Q9UH03;Q9UH03-2,0.4,0.4444444444444444,0.8791117589355064,0.291609059966742,3.014692887236662,False
Q9UH62,0.9351351351351351,1.0,0.64790829445006,0.08807423873909848,7.356388243892212,False
Q9UH65,0.518918918918919,0.8888888888888888,0.628322243547669,0.26073269493355156,2.409832965933937,False
Q9UH90,0.40540540540540543,1.0,0.5145298646730403,0.06614682893344259,7.778602133607401,False
Q9UH92,0.1783783783783784,0.3333333333333333,0.3278345601606052,1.148687144798327,0.2853993462407578,False
Q9UHA4,0.9459459459459459,1.0,0.8794882312326937,0.23675278730991245,3.714795678757658,False
Q9UHB4;Q9UHB4-2;Q9UHB4-4,0.3783783783783784,0.7777777777777778,0.517734603076704,0.1613838103529055,3.208095049587376,False
Q9UHB6-4,0.9405405405405406,1.0,0.5861354143740982,0.05647750379322325,10.378210349382133,False
Q9UHB9,0.4864864864864865,0.8888888888888888,0.4610120167779206,0.42257812953086926,1.090950961635708,False
Q9UHD1,0.6594594594594595,1.0,0.43875541554104824,0.08761377627264899,5.007835915845778,False
Q9UHD2,0.7621621621621621,1.0,0.26376730905272794,0.0883541243987338,2.9853423464689777,False
Q9UHD4,0.7297297297297297,0.5555555555555556,0.5714596736144362,0.3179881694826978,1.797109856458135,False
Q9UHD8-2,0.9351351351351351,1.0,0.6057699314429055,0.06012119559752982,10.075813120852084,False
Q9UHD9,0.9945945945945946,1.0,0.36178650215056596,0.1616989702476097,2.237407582723391,False
Q9UHF0;Q9UHF0-2;Q9UHF0-3,0.8594594594594595,0.8888888888888888,0.748079448909877,0.2435122450218259,3.072040376625935,False
Q9UHF1,0.372972972972973,0.5555555555555556,0.6182342158462628,0.49550376731620815,1.2476882248439771,False
Q9UHG3,1.0,1.0,0.5581309834423926,0.061810730093473154,9.029677898940204,False
Q9UHI6,0.9675675675675676,0.8888888888888888,0.7134358743118874,0.17909639753691042,3.9835300102273337,False
Q9UHJ6,0.5621621621621622,1.0,0.4550827682602083,0.22019307505623686,2.066744234095378,False
Q9UHL4,0.4702702702702703,0.8888888888888888,0.4772651433044377,0.2602070869605546,1.8341742681927315,False
Q9UHN6;Q9UHN6-2,0.4756756756756757,1.0,0.3569854316741763,0.22368813053975778,1.595906903118968,False
Q9UHP3,0.34594594594594597,0.8888888888888888,0.5592803243090572,0.17018278119773456,3.2863508304005915,False
Q9UHQ4,0.8108108108108109,1.0,0.5148816015780824,0.023648959277482007,21.7718503185187,True
Q9UHQ9,0.9837837837837838,1.0,0.8178761164402983,0.04822326450558734,16.960198046018554,True
Q9UHV9,0.8108108108108109,1.0,0.5321884403654327,0.05996603749904139,8.874830863619097,False
Q9UHW9;Q9UHW9-2;Q9UHW9-3;Q9UHW9-4;Q9UHW9-5;Q9UHW9-6,0.7135135135135136,1.0,0.5225032101252136,0.2706643400279738,1.9304471733188482,False
Q9UHX3;Q9UHX3-3;Q9UHX3-4;Q9UHX3-5;Q9UHX3-6,0.31891891891891894,0.7777777777777778,0.6253699303221634,0.6644112697927618,0.9412391973983586,False
Q9UHY1,0.8972972972972973,1.0,0.4294072529489821,0.10097457622670625,4.252627433512421,False
Q9UHY7,0.6756756756756757,1.0,0.7468916033189554,0.231117466144525,3.231653651186625,False
Q9UHY8,0.31891891891891894,0.7777777777777778,0.5312125411527955,0.25237331037971167,2.104868142964692,False
Q9UI08;Q9UI08-4,0.4594594594594595,1.0,0.5434403071658895,0.28808336973240145,1.8863994394077217,False
Q9UI09,0.7135135135135136,1.0,0.4371209504529441,0.1928097256807213,2.267110483714832,False
Q9UI10;Q9UI10-2;Q9UI10-3,0.6108108108108108,1.0,0.3625411234512619,0.2165226227501691,1.674379881632848,False
Q9UI12;Q9UI12-2,0.8972972972972973,1.0,0.5368938579661142,0.1099908793482598,4.881257983820352,False
Q9UI14,0.4540540540540541,0.8888888888888888,0.4855427036384272,0.16735450301097998,2.901282576224263,False
Q9UI26;Q9UI26-2,0.3891891891891892,0.8888888888888888,0.46621911347357425,0.3062517813937653,1.5223392704910665,False
Q9UI30;Q9UI30-2,0.12432432432432433,0.2222222222222222,0.8208192274291388,0.1315878125019614,6.23780585619891,False
Q9UI33;Q9UI33-3,0.3837837837837838,0.7777777777777778,0.6946615422181104,0.12291757153861482,5.651442129247411,False
Q9UI38,0.23783783783783785,0.6666666666666666,0.4212457422798881,0.20578819997006637,2.0469868648501803,False
Q9UI42;Q9UI42-2,0.21621621621621623,0.2222222222222222,0.40200048284967327,0.9862296176639651,0.40761347626313693,False
Q9UIA9,0.9837837837837838,1.0,0.5359939547283501,0.04430981301848291,12.096506805496368,False
Q9UIB8;Q9UIB8-2;Q9UIB8-3,0.9783783783783784,1.0,0.6719979589200733,0.047537045878723205,14.136300363183663,True
Q9UIC8;Q9UIC8-2,0.6810810810810811,1.0,0.4334333451111796,0.16732549281667097,2.59036048730523,False
Q9UID3,0.7135135135135136,1.0,0.40100927809118936,0.15870769731490775,2.5267159997634323,False
Q9UIG8,0.14054054054054055,0.2222222222222222,0.3039804839523468,0.5014640784244859,0.6061859603331934,False
Q9UII2,1.0,1.0,0.7389434519088081,0.0780132315614459,9.472027207676826,False
Q9UIJ5,0.40540540540540543,0.6666666666666666,0.38704389071770784,0.20032888494001266,1.9320423554177217,False
Q9UIJ7,0.9351351351351351,1.0,0.685030035132618,0.049164451820987054,13.933441943518142,True
Q9UIQ6;Q9UIQ6-2;Q9UIQ6-3,0.8918918918918919,1.0,0.3394618000898202,0.2105872960491908,1.611976631346868,False
Q9UIV1;Q9UIV1-2,0.23243243243243245,0.6666666666666666,0.3817424482232834,0.5935185207336655,0.64318540178224,False
Q9UJ41;Q9UJ41-3;Q9UJ41-4,0.7891891891891892,1.0,0.3910921374841303,0.07565315023572872,5.169541998786842,False
Q9UJ68-5,0.8648648648648649,1.0,0.53108598960966,0.057934250064969106,9.167046937072374,False
Q9UJ70,0.9351351351351351,1.0,0.4666597450692809,0.08743108620893913,5.337457937490071,False
Q9UJ83;Q9UJ83-2,0.2,0.4444444444444444,0.43286852302682277,0.9544756662896683,0.45351446696332437,False
Q9UJC5,0.827027027027027,1.0,0.8413176840707539,0.11590629087155868,7.258602425670392,False
Q9UJF2-2,0.3081081081081081,0.5555555555555556,0.43727898174321567,0.5792247677791273,0.7549383349400571,False
Q9UJG1;Q9UJG1-2;Q9UJG1-3,0.14054054054054055,0.2222222222222222,0.4984761213596247,0.6569295089468481,0.7587969707111395,False
Q9UJJ9,0.9837837837837838,1.0,0.5448842269164009,0.10907957878438701,4.995290896689751,False
Q9UJS0;Q9UJS0-2,0.7243243243243244,1.0,0.6087398329681006,0.07053303928574906,8.630562912536995,False
Q9UJU6,1.0,1.0,0.7047538256568728,0.06158970245806117,11.442721713695033,False
Q9UJU6-6,0.3945945945945946,1.0,0.4980209263773627,0.14248179712944165,3.4953301854055185,False
Q9UJW0,0.8864864864864865,1.0,0.5310845696715649,0.11999556145905999,4.425868450582317,False
Q9UJW7,0.5567567567567567,1.0,1.1656128236183765,0.8736564428711322,1.3341775627359609,False
Q9UJX2,0.5297297297297298,1.0,0.33399441181122835,0.12514720907380195,2.668812307386454,False
Q9UJX3;Q9UJX3-2,0.572972972972973,1.0,0.32482813853296477,0.12747968327025028,2.548077703051286,False
Q9UJX4,0.22162162162162163,0.8888888888888888,0.3460930262687558,0.29792019601002906,1.1616970950740952,False
Q9UJX5;Q9UJX5-3,0.3837837837837838,1.0,0.4028078304345488,0.4131904996269977,0.9748719556673696,False
Q9UJX6;Q9UJX6-2,0.2,0.6666666666666666,0.3165518894409587,0.16012326413318156,1.9769262833517343,False
Q9UJY4,0.43243243243243246,0.6666666666666666,0.46702241319527005,0.2800716909493399,1.6675102421534858,False
Q9UJY5;Q9UJY5-4;Q9UJY5-6,0.5567567567567567,1.0,0.4007764384987116,0.19796738440072126,2.024456905928851,False
Q9UJZ1,0.6918918918918919,1.0,0.3974387663261867,0.12219854860348356,3.2524016927223696,False
Q9UK08,0.5405405405405406,1.0,0.8340572243655586,0.28646284792746535,2.911572060390702,False
Q9UK41,0.8864864864864865,1.0,0.4834848113570853,0.12414757839145096,3.8944361027534873,False
Q9UK45,0.7783783783783784,1.0,0.5004394900662081,0.2983210947895767,1.677519621665365,False
Q9UK55,1.0,1.0,0.6049149831952221,0.15026407415375687,4.025679368817368,False
Q9UK97;Q9UK97-2;Q9UK97-3,0.12972972972972974,0.1111111111111111,0.3565946061591445,,,False
Q9UK99;Q9UK99-2;Q9UK99-3,0.8756756756756757,1.0,0.8900137858458885,0.6464754313703782,1.376717107345078,False
Q9UKA2,0.15135135135135136,0.3333333333333333,0.48323344466956364,0.3915806355389364,1.234058584139342,False
Q9UKA8;Q9UKA8-5;Q9UKA8-6,0.1891891891891892,0.2222222222222222,0.5873078158361906,0.31831141821069764,1.8450730392820471,False
Q9UKA9;Q9UKA9-2;Q9UKA9-3;Q9UKA9-4,0.4,0.7777777777777778,0.5038287793930918,0.4247998565096385,1.1860380168976357,False
Q9UKB1;Q9UKB1-2;Q9UKB1-3,0.16756756756756758,0.4444444444444444,0.3845817721340019,0.15805885204492576,2.433155544016545,False
Q9UKE5-3;Q9UKE5-5,0.7837837837837838,0.8888888888888888,0.6083695478848394,0.2730775086876669,2.2278273696302966,False
Q9UKE5-4;Q9UKE5-6,0.972972972972973,1.0,0.5314698313505799,0.05996834544929186,8.862506166690578,False
Q9UKF6,0.15675675675675677,0.6666666666666666,0.40243005502852114,0.585333891671322,0.6875222172415989,False
Q9UKF7-2,0.7783783783783784,1.0,0.3901739943903211,0.10628269722081463,3.671096091772016,False
Q9UKG1,0.9837837837837838,1.0,0.2907067483247898,0.04436010450378802,6.553337769976751,False
Q9UKI8;Q9UKI8-2;Q9UKI8-5,0.5675675675675675,0.8888888888888888,0.3104068653124994,0.3491295642439338,0.8890878834186061,False
Q9UKK9,0.5621621621621622,1.0,0.38014753504257826,0.13940259469344518,2.726976035693926,False
Q9UKL6,0.6270270270270271,1.0,0.3336059106549536,0.22818935152610464,1.4619696687151915,False
Q9UKM7,0.372972972972973,0.6666666666666666,0.7703790614832329,0.3921974418826455,1.96426335109485,False
Q9UKN7,0.9783783783783784,1.0,0.6171500552457605,0.28482085003814106,2.1668008334471174,False
Q9UKP3;Q9UKP3-2,0.1837837837837838,0.4444444444444444,0.49132343570454395,0.19298678423273774,2.545891614588587,False
Q9UKT5;Q9UKT5-2,0.33513513513513515,0.6666666666666666,0.370357724274327,0.5460434533205749,0.6782568713572596,False
Q9UKU6,0.4972972972972973,0.5555555555555556,0.6572947583550137,0.45565559200149686,1.442525385166028,False
Q9UKU7,0.4486486486486487,1.0,0.5188746571829359,0.22614481995904612,2.29443529715561,False
Q9UKU9,0.654054054054054,0.7777777777777778,0.5351410517557582,0.045943544592908836,11.647796366115701,False
Q9UKV3;Q9UKV3-5,0.11351351351351352,0.2222222222222222,0.45978956319130226,0.9683426505472505,0.4748211420115144,False
Q9UKV8,0.9297297297297298,1.0,0.4431423921761475,0.11607565798742314,3.817703038342132,False
Q9UKW4,0.8594594594594595,1.0,0.3451074503843099,0.1254084766940835,2.751867014748544,False
Q9UKX2,0.005405405405405406,0.0,,,,False
Q9UKX3,0.07027027027027027,0.1111111111111111,1.3847468145058563,,,False
Q9UKX5;Q9UKX5-2,0.5621621621621622,0.4444444444444444,0.606082072176874,0.47877330811008356,1.2659061437015586,False
Q9UKY3,0.2756756756756757,0.2222222222222222,0.7128549578491441,0.12740288320056692,5.595281205111472,False
Q9UKY7,0.9243243243243243,1.0,0.6575279659650324,0.14183891019349204,4.635737577707372,False
Q9UKZ1,0.16216216216216217,0.4444444444444444,0.5333952671183289,0.21705126495074456,2.4574621448963785,False
Q9UKZ4;Q9UKZ4-2,0.8486486486486486,1.0,0.4414096769712774,0.22075250463628038,1.9995681484953458,False
Q9UKZ9,0.8648648648648649,1.0,0.6177629772563797,0.5471863314541725,1.1289810102066085,False
Q9UL01,0.21081081081081082,0.4444444444444444,0.37211136694275027,0.20825294565236696,1.7868240267962852,False
Q9UL15,0.5675675675675675,1.0,0.4503290835481799,0.18862673389819484,2.3874085832988574,False
Q9UL18,0.41081081081081083,0.8888888888888888,0.4619582044646906,0.26768856483766523,1.725730065252644,False
Q9UL25,0.9783783783783784,1.0,0.7250629330984903,0.07335591001978514,9.88417883307467,False
Q9UL26,0.8918918918918919,1.0,0.5294149684971181,0.1376788314894899,3.845289524682903,False
Q9UL33;Q9UL33-2,0.772972972972973,1.0,0.4745797950923709,0.09630518473654703,4.927873783645542,False
Q9UL46,0.9945945945945946,1.0,0.5990781674480186,0.05755742521685292,10.408355919170049,False
Q9UL54,0.6216216216216216,1.0,0.5577413888048266,0.18167168279454415,3.070051315788089,False
Q9ULA0,0.35135135135135137,0.1111111111111111,0.7132246475875448,,,False
Q9ULC4;Q9ULC4-3,0.9405405405405406,1.0,0.7384160130372814,0.12460429019554375,5.926088193901445,False
Q9ULC5;Q9ULC5-3,0.9837837837837838,1.0,0.6779415050973805,0.019658503213451084,34.48591674230353,True
Q9ULD2;Q9ULD2-2,0.8540540540540541,1.0,0.621375124510223,0.27533491697576373,2.2567973990923913,False
Q9ULE0,0.2756756756756757,0.7777777777777778,0.6548292859560547,0.2085359199203456,3.140127063990605,False
Q9ULF5,0.1891891891891892,0.2222222222222222,0.7043352905977027,1.6254670065218493,0.43331257280012664,False
Q9ULG6;Q9ULG6-2;Q9ULG6-5,0.24324324324324326,0.4444444444444444,0.48695902217875897,0.4159759423685898,1.170642271776554,False
Q9ULH0;Q9ULH0-2;Q9ULH0-4,0.6918918918918919,1.0,0.34911034133343044,0.0911890268030362,3.8284249056357575,False
Q9ULH1;Q9ULH1-2,0.9621621621621622,1.0,0.6486757368561049,0.06989017046098311,9.281358631371985,False
Q9ULH7,0.2972972972972973,0.6666666666666666,0.37270645595717333,0.04485449113347695,8.3092338479124,False
Q9ULI3,0.5783783783783784,0.4444444444444444,0.7598446143099764,0.7331056559537572,1.036473539849358,False
Q9ULJ8-3;Q9ULJ8-4;Q9ULJ8-5,0.005405405405405406,0.0,,,,False
Q9ULL4;Q9ULL4-2,0.9297297297297298,1.0,0.4628890316271361,0.11445175432049126,4.044403114441918,False
Q9ULL8,0.5675675675675675,1.0,0.37846708897592407,0.13817423954412966,2.7390567896344415,False
Q9ULP9;Q9ULP9-2,0.8918918918918919,1.0,0.2995473629461092,0.06164149046442802,4.85950876088844,False
Q9ULQ0,0.8324324324324325,1.0,0.43739058186463087,0.05650016146750936,7.741404104060022,False
Q9ULQ1;Q9ULQ1-3,0.6378378378378379,1.0,0.4890822735886564,0.24360938694792011,2.0076495397659473,False
Q9ULT8,0.518918918918919,1.0,0.37858735422332757,0.06457283863178631,5.86295046408206,False
Q9ULV4-3,1.0,1.0,0.8106781271621379,0.049001681859856205,16.543883727923067,True
Q9ULZ3;Q9ULZ3-2,0.33513513513513515,0.7777777777777778,0.4573657357098382,0.2522533447072419,1.8131206000088675,False
Q9UM00;Q9UM00-1;Q9UM00-2,0.8756756756756757,1.0,0.6327113086871314,0.03985561022091488,15.875087727426283,True
Q9UM07,0.6324324324324324,0.7777777777777778,0.6308036860059332,0.5076904144035197,1.2424967423248634,False
Q9UM13,0.20540540540540542,0.4444444444444444,0.3702511927701968,0.2544562010907132,1.4550684604389061,False
Q9UM22,0.0918918918918919,0.3333333333333333,0.4192789574195288,0.7441273536390423,0.563450537557998,False
Q9UM47,0.9945945945945946,1.0,0.6201037995724485,0.07551444018058895,8.211724778592039,False
Q9UM54-6,0.5621621621621622,1.0,0.30375815521611305,0.17009503094802625,1.7858143975348022,False
Q9UMF0,0.24324324324324326,0.3333333333333333,0.7648088364576964,0.3791249534019272,2.017300179254855,False
Q9UMS0;Q9UMS0-3,0.518918918918919,1.0,0.4280664355880903,0.14631031513897064,2.9257433775704595,False
Q9UMS4,0.3621621621621622,0.7777777777777778,0.40082976145035865,0.11449704967334284,3.5007868114848,False
Q9UMX0,0.9783783783783784,1.0,0.3602646676180328,0.10568316873820827,3.408912430610951,False
Q9UMX5,0.9351351351351351,1.0,0.6262795264786565,0.14139998969361578,4.4291341734583805,False
Q9UMY4;Q9UMY4-1,0.7189189189189189,1.0,0.472705831387481,0.2109899034696383,2.240419203071032,False
Q9UMZ2;Q9UMZ2-5,0.654054054054054,1.0,0.38034749671816925,0.0966977974369918,3.9333625666706973,False
Q9UN19,0.8648648648648649,1.0,0.6354774528491198,0.13866839607757697,4.582712938380039,False
Q9UN37,0.9081081081081082,1.0,0.37818752715252213,0.047786470425746685,7.914113006947672,False
Q9UN86,0.6756756756756757,1.0,0.44444084391027516,0.05560415049909828,7.992943690731909,False
Q9UNE2,0.42702702702702705,1.0,0.3959328538226181,0.10009938681407426,3.9553973947715413,False
Q9UNE7,0.7621621621621621,1.0,0.3494264815665904,0.19991471402885885,1.7478777550918472,False
Q9UNF0,0.9783783783783784,1.0,0.770793292668273,0.07416964783416446,10.392300828927835,False
Q9UNF1,0.9675675675675676,1.0,0.6307413256358352,0.039594520116546406,15.930015663259692,True
Q9UNH7,0.9459459459459459,1.0,0.5795710938228602,0.10055660768411734,5.763630130040694,False
Q9UNI6,0.9621621621621622,0.8888888888888888,0.6599944529377391,0.3477910961099795,1.8976749557988504,False
Q9UNK0,0.7027027027027027,1.0,0.38031712806895346,0.1100067194799621,3.4572172487902324,False
Q9UNL2;Q9UNL2-2,0.5783783783783784,1.0,0.5007279591765439,0.31496850458442793,1.5897715228295874,False
Q9UNM6,0.9945945945945946,1.0,0.5289730368881695,0.023201688132695963,22.798902987698444,True
Q9UNN5,0.7081081081081081,1.0,0.38567135546084685,0.11438977557507002,3.371554437640663,False
Q9UNN8,0.3837837837837838,0.2222222222222222,0.6267726913261189,0.14388989753997716,4.355918671441,False
Q9UNS2,0.8,1.0,0.49548833020351957,0.08776935533793306,5.6453454431307,False
Q9UNW1,0.9135135135135135,0.8888888888888888,0.5056379381223159,0.23352265800322503,2.1652628590555563,False
Q9UNY4,0.15135135135135136,0.3333333333333333,0.46462214449637695,0.4345447828849789,1.0692157927008397,False
Q9UNZ2;Q9UNZ2-5,0.972972972972973,1.0,0.759763701050308,0.035427560246239054,21.445555261767243,True
Q9UP65,0.3675675675675676,0.8888888888888888,0.4879045872557102,0.4780864373470859,1.0205363489562798,False
Q9UP83;Q9UP83-2,0.6702702702702703,1.0,0.32928550411501156,0.060975148842796756,5.400323088410327,False
Q9UPM8,0.5945945945945946,1.0,0.43178808826991766,0.21643831683514314,1.9949706437552934,False
Q9UPN3,0.9567567567567568,1.0,0.4229279596587343,0.01571176800261398,26.91791016697621,True
Q9UPN3-5,0.5675675675675675,1.0,0.3354778227940294,0.18072403780291246,1.856298845867326,False
Q9UPN4;Q9UPN4-2,0.6702702702702703,1.0,0.3237679630263752,0.040942594102329366,7.907851715921316,False
Q9UPN7,0.9405405405405406,1.0,0.47418729326394793,0.09729669332139679,4.873621878367248,False
Q9UPN9-2,0.654054054054054,0.6666666666666666,0.5605665536926967,0.19529331177468912,2.87038275196759,False
Q9UPQ9;Q9UPQ9-1,0.16756756756756758,0.6666666666666666,0.4081781937463145,0.4173221206412334,0.978089043348891,False
Q9UPR0,0.24864864864864866,0.4444444444444444,0.6042566682359682,0.05223372467922616,11.56832433349879,False
Q9UPR3,0.23243243243243245,0.7777777777777778,0.28023106290115685,0.16056715981095415,1.7452576431637115,False
Q9UPT5;Q9UPT5-5;Q9UPT5-6,0.9459459459459459,1.0,0.36761203908015005,0.07541604505634325,4.874453954798445,False
Q9UPT6,0.24864864864864866,0.8888888888888888,0.443471848717774,0.2498613160291976,1.7748719800465311,False
Q9UPU5,0.9297297297297298,1.0,0.4625625948648864,0.04980505185799977,9.287463371862524,False
Q9UPW5,0.17297297297297298,0.3333333333333333,0.47119795265418496,0.2694191709375833,1.7489399548458564,False
Q9UPX8-1,0.8108108108108109,0.8888888888888888,0.562624527850244,0.25500109678653793,2.2063612076195045,False
Q9UPY3,0.5405405405405406,1.0,0.3121699347161462,0.19422543588237495,1.6072556784230863,False
Q9UPY6-2,0.7351351351351352,1.0,0.3285256632169258,0.05540954167815926,5.929044949065524,False
Q9UPZ3;Q9UPZ3-2,0.14054054054054055,0.1111111111111111,0.582687380343053,,,False
Q9UQ13;Q9UQ13-2,0.7189189189189189,1.0,0.37980985147350843,0.14310117102181508,2.654135174167151,False
Q9UQ16-2,0.8486486486486486,1.0,0.5594829926020104,0.10437872440237861,5.3601248320032235,False
Q9UQ53;Q9UQ53-2,0.5945945945945946,1.0,0.45987569947979967,0.367450409221993,1.2515313303188307,False
Q9UQ80,0.9891891891891892,1.0,0.7729103958484398,0.08334032030400351,9.27414717184991,False
Q9UQE7,0.31351351351351353,1.0,0.5366778997385424,0.39828027028710977,1.347488037385496,False
Q9UQL6;Q9UQL6-3,0.5891891891891892,1.0,0.3637360390834772,0.08423907008575249,4.3179018798902495,False
Q9UQN3,0.7513513513513513,1.0,0.3652919390618017,0.1116149292592894,3.272787444170686,False
Q9UQQ2,0.31891891891891894,0.7777777777777778,0.4887568241459874,0.2915757326684574,1.676260296674755,False
Q9Y210;Q9Y210-3,0.9405405405405406,1.0,0.5512662350787423,0.04438039881045874,12.421389844492117,False
Q9Y217,0.5081081081081081,1.0,0.4694922318031933,0.12780731242825283,3.6734379503266066,False
Q9Y223-3,0.5243243243243243,1.0,0.4778278354430334,0.2215541450057419,2.15670907637792,False
Q9Y224,0.9783783783783784,1.0,0.4394033718025927,0.08874542022717335,4.951279408873089,False
Q9Y230,0.9891891891891892,1.0,0.5544033574773426,0.01170546088077451,47.36279614482464,True
Q9Y237;Q9Y237-2,0.6756756756756757,0.8888888888888888,0.4947737813659714,0.07979502886670264,6.200558962043732,False
Q9Y240,0.9081081081081082,1.0,0.37241002616755914,0.17832066093652976,2.0884289246780674,False
Q9Y243;Q9Y243-2,0.3027027027027027,1.0,0.37215859478062363,0.18088964024978793,2.0573792632165953,False
Q9Y251-2,0.9891891891891892,1.0,0.7943255754336711,0.07754000222114499,10.244074705701522,False
Q9Y257,0.12432432432432433,0.0,0.5158370389128457,,,False
Q9Y259,0.6378378378378379,1.0,0.45174821771483753,0.09326201868016604,4.84386059950159,False
Q9Y262,0.8810810810810811,1.0,0.43880566521179354,0.05973629676185155,7.345712556658201,False
Q9Y263,0.8162162162162162,1.0,0.373380475933482,0.053410754784961156,6.990735806613514,False
Q9Y265,0.9783783783783784,1.0,0.5737873455577187,0.08368737751224309,6.8563188692796135,False
Q9Y266,0.8378378378378378,1.0,0.4361059657716311,0.06138388822781593,7.104567311752841,False
Q9Y274,0.9945945945945946,1.0,0.5496295919493805,0.059456131252559885,9.244287853419932,False
Q9Y277,0.8972972972972973,1.0,0.6468089617172756,0.15575458250369323,4.152744345110608,False
Q9Y281,0.4486486486486487,1.0,0.4464578105692212,0.4477118452456281,0.9971990138529416,False
Q9Y282;Q9Y282-3,0.5945945945945946,1.0,0.4019720922847059,0.16004912509235325,2.5115544496276105,False
Q9Y285,0.9351351351351351,1.0,0.4622630872808724,0.04631639149551958,9.980550564384737,False
Q9Y287,0.5297297297297298,1.0,0.5633807916396796,0.27759944550239624,2.029473764330039,False
Q9Y289,0.0918918918918919,0.1111111111111111,0.7283471187039225,,,False
Q9Y295,0.5405405405405406,1.0,0.3353036029987022,0.13265875919899628,2.5275647459940904,False
Q9Y296,0.8648648648648649,1.0,0.3558274417285574,0.06028858205004539,5.902070170321571,False
Q9Y2A7-2,0.9891891891891892,1.0,0.7091114971888342,0.04998057065397887,14.187743115181558,True
Q9Y2B0,0.9405405405405406,1.0,0.2629620770555361,0.22398416992162495,1.1740208120401991,False
Q9Y2B5,0.11891891891891893,0.4444444444444444,0.4529122506507992,0.258600399066812,1.7513981118559094,False
Q9Y2C4,0.08108108108108109,0.1111111111111111,0.46328192442014604,,,False
Q9Y2D4,0.7783783783783784,1.0,0.29498753605574546,0.08910991086854558,3.3103785334373113,False
Q9Y2D5;Q9Y2D5-4;Q9Y2D5-5;Q9Y2D5-6;Q9Y2D5-7,0.22162162162162163,0.8888888888888888,0.5296936700239119,0.26963276815507786,1.9645003596864805,False
Q9Y2E5;Q9Y2E5-2,0.14054054054054055,0.3333333333333333,1.0805608146720225,0.8438243944709285,1.2805517614236857,False
Q9Y2G2,0.3567567567567568,0.6666666666666666,0.6805942009021866,0.31617379731148,2.1525952077290462,False
Q9Y2G3,0.9027027027027027,1.0,0.2880083253775787,0.12473690780107205,2.308926286972647,False
Q9Y2G5,0.2702702702702703,0.6666666666666666,0.4372726378186931,0.15012397322140725,2.9127435707672786,False
Q9Y2G8,0.7513513513513513,1.0,0.4254869993370747,0.12592110114331234,3.3789968120817395,False
Q9Y2H0,0.7243243243243244,1.0,0.439375192869079,0.09128150426184156,4.8134087668924534,False
Q9Y2H1,0.3837837837837838,0.7777777777777778,0.4927742785933944,0.5075169066580845,0.9709514542840201,False
Q9Y2H2,0.8864864864864865,1.0,0.9131834756664698,0.27840704368831126,3.280030072402975,False
Q9Y2H6;Q9Y2H6-2,0.2702702702702703,0.7777777777777778,0.3897487453626933,0.3659978546147489,1.0648935245069804,False
Q9Y2I1,0.02702702702702703,0.1111111111111111,0.3238820839547607,,,False
Q9Y2I7,0.3567567567567568,0.7777777777777778,0.3725367148481702,0.1955941148399596,1.9046417380859841,False
Q9Y2I8;Q9Y2I8-2,0.8162162162162162,1.0,0.31403142822132857,0.08529940830479887,3.6815194203833816,False
Q9Y2J2-2,0.9405405405405406,1.0,0.5763463886552955,0.04718614998836124,12.214312648890724,False
Q9Y2K2-8,0.24324324324324326,0.4444444444444444,0.757907607985068,0.2802191943978496,2.7046955495454243,False
Q9Y2K5;Q9Y2K5-2;Q9Y2K5-3,0.08648648648648649,0.0,0.5777775518782082,,,False
Q9Y2K6,0.24864864864864866,0.6666666666666666,0.3592630599762652,0.17068188720891264,2.104869273776727,False
Q9Y2L5,0.8324324324324325,1.0,0.41561929432117584,0.058519582984798646,7.1022258382999635,False
Q9Y2L6;Q9Y2L6-2,0.8756756756756757,1.0,0.5615139468330979,0.09877982136152497,5.684500529495888,False
Q9Y2L9-2,0.7081081081081081,1.0,0.35565681156307427,0.12050439095087206,2.9514012622832184,False
Q9Y2P5;Q9Y2P5-2,0.12972972972972974,0.1111111111111111,0.4847658542634292,,,False
Q9Y2Q0,0.6324324324324324,1.0,0.5292773383418741,0.1378084601264149,3.8406737718160096,False
Q9Y2Q0-3,0.9837837837837838,1.0,0.8019781762316223,0.02867344717428999,27.969367315929667,True
Q9Y2Q3,0.9135135135135135,1.0,0.630282028928697,0.04733757758915402,13.314623625208636,True
Q9Y2Q5,0.9567567567567568,1.0,0.6481389406886375,0.0672657551543896,9.635496385954742,False
Q9Y2R0,0.5459459459459459,1.0,0.4020584989949896,0.09453214567380464,4.253140517748791,False
Q9Y2S2-2,0.8594594594594595,1.0,0.7307832004185286,0.13057231563601235,5.596769857828697,False
Q9Y2T2,0.9243243243243243,1.0,0.5380108126483982,0.07984194352440888,6.738448350570528,False
Q9Y2U5,0.4486486486486487,1.0,0.35585953516724267,0.22409373021060297,1.5879941613395716,False
Q9Y2V2,0.7513513513513513,1.0,0.40545440914401,0.20874049238297943,1.9423850375906773,False
Q9Y2V7,0.6432432432432432,1.0,0.4476298512905661,0.1662179351432247,2.6930297919105883,False
Q9Y2W6,0.2918918918918919,1.0,0.41052863177527765,0.2907396881312021,1.412014418857113,False
Q9Y2X7,0.9243243243243243,1.0,0.5391396371649702,0.015258135154963881,35.33456950599717,True
Q9Y2Z0,0.8702702702702703,1.0,0.5290082383077817,0.1070644746694569,4.9410249285862875,False
Q9Y2Z4,0.2972972972972973,0.4444444444444444,0.4035462183190681,0.2762782287544914,1.460651532834571,False
Q9Y2Z9-3,0.21621621621621623,0.3333333333333333,0.6378866920664938,0.04287066268280704,14.879328943107604,False
Q9Y303;Q9Y303-2;Q9Y303-3,0.5513513513513514,1.0,0.4556969134727824,0.34083946126574105,1.3369840211004524,False
Q9Y305;Q9Y305-2;Q9Y305-4,0.7513513513513513,1.0,0.45829972171059197,0.1452195054957226,3.1559102211933303,False
Q9Y315,0.9081081081081082,1.0,0.4146882017899731,0.040095008994359915,10.342638951603838,False
Q9Y316;Q9Y316-3,0.745945945945946,1.0,0.47442783746510653,0.13899753054292674,3.413210548503871,False
Q9Y320;Q9Y320-2,0.21621621621621623,0.5555555555555556,0.5525983447566709,0.5693382781019469,0.9705975621363745,False
Q9Y333,0.4540540540540541,0.7777777777777778,0.511711523115089,0.11493104573125024,4.452335048892299,False
Q9Y343;Q9Y343-2,0.372972972972973,0.8888888888888888,0.4496513124968935,0.28314574510426826,1.588056046299794,False
Q9Y371,0.9459459459459459,1.0,0.579855335068272,0.07118366973467793,8.14590393034751,False
Q9Y376,0.9783783783783784,1.0,0.6397582648347182,0.1292249208781353,4.950734428679109,False
Q9Y383-3,0.3891891891891892,0.5555555555555556,0.7387156958248324,0.6912839007779024,1.068614060002779,False
Q9Y385,0.8756756756756757,1.0,0.5696522464735567,0.11025114454098173,5.166860161363766,False
Q9Y394;Q9Y394-2,0.9405405405405406,1.0,0.6626288361430204,0.12205422567345714,5.428970873288828,False
Q9Y3A3;Q9Y3A3-3,0.8108108108108109,1.0,0.49922505051362,0.09268556240985504,5.386222379555185,False
Q9Y3A5,0.9837837837837838,1.0,0.24666415560235322,0.020990821113755942,11.751048435199444,False
Q9Y3A6,0.9243243243243243,1.0,0.6302796432420195,0.07854507122345389,8.024432767384331,False
Q9Y3B3,0.9351351351351351,1.0,0.7497072125352329,0.06334741483867568,11.834850947658751,False
Q9Y3B6,0.24324324324324326,0.5555555555555556,0.4218094997481163,0.44262883491739125,0.9529643495251264,False
Q9Y3B7;Q9Y3B7-3,0.21621621621621623,0.6666666666666666,0.4795209052999523,0.47162846415025594,1.0167344461787655,False
Q9Y3B8-3,0.372972972972973,0.5555555555555556,0.48855792816651444,0.18542716575888996,2.634769971093577,False
Q9Y3C0,0.5567567567567567,1.0,0.39305585043504365,0.21065260416151865,1.8658959949703098,False
Q9Y3C4;Q9Y3C4-3,0.2594594594594595,0.5555555555555556,0.40180721573811606,0.18326888896226912,2.192446399458661,False
Q9Y3C5,0.6864864864864865,1.0,0.4783966205432115,0.1589225778832013,3.010249562493284,False
Q9Y3C6,0.4864864864864865,1.0,0.49936526371093226,0.3128012913313327,1.5964296745245303,False
Q9Y3C8,0.7837837837837838,1.0,0.4298782686972338,0.037763545709527335,11.383419131344441,False
Q9Y3D2,0.2864864864864865,0.3333333333333333,0.8686235099970485,0.07252017123241927,11.977681453801377,False
Q9Y3D6,0.8378378378378378,1.0,0.5978927998191441,0.4151418625558527,1.4402132228683737,False
Q9Y3D9,0.23783783783783785,0.8888888888888888,0.41274013431098044,0.38220729093055006,1.0798855597602361,False
Q9Y3E0,0.7675675675675676,1.0,0.5893046972101876,0.15025709116440744,3.9219759456502827,False
Q9Y3E5,0.41621621621621624,1.0,0.5897380647933517,0.17978588397314432,3.2802245190809547,False
Q9Y3E7,0.8540540540540541,1.0,0.47608363345386984,0.060038737481102444,7.929607673774287,False
Q9Y3F4,0.9405405405405406,1.0,0.49215866979033684,0.057328142208440624,8.5849401503521,False
Q9Y3I0,0.9837837837837838,1.0,0.4875817054279752,0.04913688613928535,9.922926415114237,False
Q9Y3I1,0.9945945945945946,1.0,0.9092360219037712,0.11391536533479041,7.981680252102788,False
Q9Y3L3,0.6270270270270271,1.0,0.42479969703495435,0.21193611486030406,2.0043761645576903,False
Q9Y3L5,0.5513513513513514,1.0,0.5711994964097311,0.2777242319008746,2.0567146499971374,False
Q9Y3M8-4,0.05945945945945946,0.2222222222222222,0.19762286912199123,0.1896335932420401,1.0421300664263318,False
Q9Y3P8,0.2648648648648649,0.5555555555555556,0.7262650025892228,0.4816523728676767,1.5078613612244114,False
Q9Y3P9,0.8756756756756757,1.0,0.4885701002787961,0.03402948138337081,14.357259658901112,True
Q9Y3Q3,0.6486486486486487,1.0,0.39635733198699885,0.09946637612500275,3.984837363421014,False
Q9Y3Q8,0.9675675675675676,1.0,0.5624818248989403,0.04449696463976416,12.640903249303559,False
Q9Y3S1;Q9Y3S1-2;Q9Y3S1-4,0.8702702702702703,1.0,0.43384081265709185,0.2999719627016315,1.4462712073148436,False
Q9Y3U8,0.44324324324324327,0.7777777777777778,0.683954276616813,0.6017004197664928,1.1367023424750828,False
Q9Y3X0,0.7243243243243244,1.0,0.3630122505523019,0.06565237041476735,5.52930912104049,False
Q9Y3Z3;Q9Y3Z3-3,0.6756756756756757,0.7777777777777778,0.8304168197808135,0.3153147135835592,2.633612654300545,False
Q9Y450,0.6378378378378379,1.0,0.412451770580498,0.129886856448568,3.1754696499550645,False
Q9Y468,0.12972972972972974,0.3333333333333333,0.4761431189063101,0.8813595331767061,0.5402371007324737,False
Q9Y478,0.6324324324324324,1.0,0.4063420863480829,0.12785566273042726,3.178131321448159,False
Q9Y484;Q9Y484-2;Q9Y484-3,0.5405405405405406,1.0,0.3747710093174623,0.17626655336672847,2.126160647946288,False
Q9Y485,0.745945945945946,1.0,0.3149198812817984,0.09304129859789256,3.384732221363594,False
Q9Y487,0.7783783783783784,1.0,0.4117594743363666,0.08551877939106234,4.814842742942611,False
Q9Y490,1.0,1.0,0.6889638678479564,0.033286983152393645,20.697696294487216,True
Q9Y496,0.16756756756756758,0.4444444444444444,0.45846021951400395,0.16871756655940473,2.7173235654307644,False
Q9Y4C2,0.32432432432432434,1.0,0.3752680680893681,1.0041045735722385,0.3737340491880252,False
Q9Y4D1;Q9Y4D1-2,0.9945945945945946,1.0,0.6289454519455253,0.05581885876114612,11.26761574680054,False
Q9Y4D8,0.8378378378378378,1.0,0.3437491068819192,0.03697857087378509,9.295900267622576,False
Q9Y4D8-5,0.42702702702702705,0.8888888888888888,0.37902571362032766,0.11164523622052247,3.394911654552581,False
Q9Y4E1-5,0.17297297297297298,0.3333333333333333,0.31369518987392286,0.31010123665476286,1.0115896126630453,False
Q9Y4E6;Q9Y4E6-2,0.572972972972973,1.0,0.41291140567780715,0.11347974852426468,3.6386351842286366,False
Q9Y4E8,0.9783783783783784,1.0,0.5654370343665622,0.03222268452571342,17.547794129795378,True
Q9Y4F9,0.7081081081081081,1.0,0.3644793386001286,0.061422292733933403,5.933991102855203,False
Q9Y4G6,0.8216216216216217,1.0,0.28317654973019213,0.0701060231391839,4.0392613508826765,False
Q9Y4G8,0.7891891891891892,1.0,0.37176905932643045,0.16123117870041348,2.30581369139043,False
Q9Y4H2,0.5837837837837838,1.0,0.44816100934067027,0.16104635111692822,2.782807596896632,False
Q9Y4H4,0.7783783783783784,1.0,0.5242061210101312,0.4575123950812756,1.1457746864257254,False
Q9Y4I1-3,0.9135135135135135,1.0,0.5459526518115787,0.022780585043786772,23.965699333981025,True
Q9Y4K3,0.745945945945946,1.0,0.4293632457094674,0.04601197377849964,9.331554603078105,False
Q9Y4K4,0.7621621621621621,1.0,0.36360183809606816,0.13603532114920824,2.6728487500482108,False
Q9Y4L1,1.0,1.0,0.5028248288191204,0.03402618004621516,14.777586791587296,True
Q9Y4P1;Q9Y4P1-2;Q9Y4P1-6,0.3837837837837838,1.0,0.45058764273009544,0.24780214714338733,1.8183363135645836,False
Q9Y4P3,0.6378378378378379,1.0,0.3916055208865421,0.11301485949100787,3.4650799253323017,False
Q9Y4P8;Q9Y4P8-4,0.745945945945946,1.0,0.3749386341391032,0.16175723657544339,2.317909492501946,False
Q9Y4W6,0.7081081081081081,1.0,0.4321131461944887,0.05268837516643643,8.2012995244111,False
Q9Y4X5,0.3081081081081081,0.8888888888888888,0.3386113488605993,0.17693807149992757,1.9137280404954446,False
Q9Y4Z0,0.7027027027027027,1.0,0.4501329448992788,0.13495892803763532,3.3353328412163474,False
Q9Y508;Q9Y508-2,0.4756756756756757,0.8888888888888888,0.44235796244744385,0.24708464247709117,1.790309417909119,False
Q9Y512,0.4540540540540541,0.8888888888888888,0.4999417383239999,0.3000869511093027,1.6659895956019184,False
Q9Y520;Q9Y520-4;Q9Y520-5;Q9Y520-6;Q9Y520-7,0.8216216216216217,1.0,0.39783290450987874,0.13686846332045555,2.906680581182656,False
Q9Y530,0.6918918918918919,1.0,0.5099303027132365,0.3316333077722273,1.5376329541165004,False
Q9Y547,0.010810810810810811,0.0,1.0669803452254643,,,False
Q9Y561;Q9Y561-2,0.1783783783783784,0.4444444444444444,0.42272971680440286,0.13954991728713928,3.0292365987905963,False
Q9Y570;Q9Y570-4,0.9243243243243243,1.0,0.5251148966025223,0.07104551134122516,7.391246634575448,False
Q9Y584,0.2648648648648649,0.4444444444444444,0.6289403029441196,0.41185955409860586,1.5270746949663843,False
Q9Y587,0.5783783783783784,1.0,0.5271770606082704,0.2930451880917957,1.798961668816529,False
Q9Y5A7;Q9Y5A7-2,0.08108108108108109,0.0,0.7682847824450523,,,False
Q9Y5B0;Q9Y5B0-4,0.2918918918918919,0.8888888888888888,0.35001459685250413,0.3540757194812363,0.9885303554994334,False
Q9Y5B8;Q9Y5B8-2,0.44324324324324327,0.8888888888888888,0.4733944858154153,0.48787921824075653,0.9703108230812296,False
Q9Y5C1,1.0,1.0,0.5988456992080842,0.1589867757517851,3.7666384287396326,False
Q9Y5F9;Q9Y5F9-2,0.6594594594594595,0.6666666666666666,0.7663470448972403,0.4012890510572209,1.9097133173164118,False
Q9Y5J6,0.3027027027027027,0.7777777777777778,0.4028347688244063,0.1706063084864482,2.36119503667946,False
Q9Y5J7,0.40540540540540543,1.0,0.5759558592565064,0.3525832985973629,1.6335313145794426,False
Q9Y5K3;Q9Y5K3-3;Q9Y5K3-4,0.41081081081081083,0.8888888888888888,0.34614049507549094,0.14807321831797715,2.337630660071005,False
Q9Y5K5;Q9Y5K5-2;Q9Y5K5-3;Q9Y5K5-4,0.7783783783783784,1.0,0.4473808781081603,0.12601027034325263,3.5503524981693353,False
Q9Y5K6,0.972972972972973,1.0,0.5914876418856716,0.050530384692011765,11.705583590761353,False
Q9Y5K8,0.8,1.0,0.4027134070658951,0.0470009969613745,8.56818861516588,False
Q9Y5L0-1,0.7621621621621621,1.0,0.392738363748931,0.10382995905776404,3.7825148667393544,False
Q9Y5L4,0.4594594594594595,1.0,0.4361839349107015,0.24872231437444903,1.7536984408002525,False
Q9Y5M8,0.8972972972972973,1.0,0.7026993971268833,0.10304596402500721,6.81928112154254,False
Q9Y5P4;Q9Y5P4-2;Q9Y5P4-3,0.6324324324324324,1.0,0.31638769046386095,0.08690049630027374,3.6408041833342706,False
Q9Y5P6;Q9Y5P6-2,0.9513513513513514,1.0,0.6021478174196648,0.0703450284352769,8.559920022972047,False
Q9Y5Q8;Q9Y5Q8-2;Q9Y5Q8-3,0.4594594594594595,1.0,0.4524119975187961,0.09449257876315542,4.78780453915605,False
Q9Y5R5,0.6432432432432432,0.4444444444444444,1.1381641423983133,0.3100129359192483,3.6713440328657145,False
Q9Y5R8,0.8162162162162162,1.0,0.38529015588479076,0.0908259770996942,4.242070035336708,False
Q9Y5S1,0.6864864864864865,1.0,0.5613173687217241,0.13526177009896934,4.149859700276103,False
Q9Y5S2,0.972972972972973,1.0,0.6693771889477915,0.048671210045858615,13.753041856101298,True
Q9Y5S9;Q9Y5S9-2,0.20540540540540542,0.3333333333333333,0.5629061349122573,0.299214276305408,1.8812810065843886,False
Q9Y5T5;Q9Y5T5-2;Q9Y5T5-3,0.03783783783783784,0.3333333333333333,0.4649165882810262,0.5630411978513656,0.8257239258072145,False
Q9Y5U8,0.518918918918919,1.0,0.3022261560266637,0.186581904794334,1.6198042160615862,False
Q9Y5U9,0.7189189189189189,1.0,0.5732173245589678,0.14936655155267786,3.8376552086148172,False
Q9Y5W7;Q9Y5W7-3;Q9Y5W7-4,0.23783783783783785,0.5555555555555556,0.3950568166914348,0.2836862642948983,1.3925835206485861,False
Q9Y5W8;Q9Y5W8-2,0.1783783783783784,0.3333333333333333,0.4826565038894657,0.31380022974151345,1.5381011807640936,False
Q9Y5W9;Q9Y5W9-2,0.4810810810810811,0.7777777777777778,0.6119041665318043,0.32934938999614793,1.8579180199452052,False
Q9Y5X1,0.8864864864864865,1.0,0.5634016722701132,0.0563203817791198,10.003513017360058,False
Q9Y5X2,0.5297297297297298,1.0,0.45355652162100313,0.11179776925466456,4.056937134298673,False
Q9Y5X3,0.9243243243243243,1.0,0.5683583188716668,0.05321556663070304,10.680301927739864,False
Q9Y5X9,0.9675675675675676,1.0,0.6573577592221298,0.14536127682258915,4.52223435010428,False
Q9Y5Y2,0.5837837837837838,1.0,0.5038463701167109,0.25998727665548316,1.937965490458876,False
Q9Y5Y5;Q9Y5Y5-2,0.43783783783783786,1.0,0.4621168915597096,0.34176364022240335,1.352153468575493,False
Q9Y5Y7,0.34594594594594597,0.2222222222222222,0.8015125486457402,1.0477568677364397,0.764979522756379,False
Q9Y5Z4,0.7405405405405405,1.0,0.4081587202006798,0.31480586306058633,1.2965410371728912,False
Q9Y5Z9;Q9Y5Z9-2,0.22702702702702704,0.6666666666666666,0.5311645638139586,0.25608323650607456,2.074187170784835,False
Q9Y600;Q9Y600-3,0.6162162162162163,0.1111111111111111,0.4723340807424039,,,False
Q9Y608-4,0.9513513513513514,1.0,0.6516483810936933,0.0331934096077795,19.631860323892944,True
Q9Y613,1.0,1.0,0.7252094175050097,0.013337546209431395,54.37352614322652,True
Q9Y616,0.518918918918919,1.0,0.42770756760520534,0.21086558997249938,2.0283421665004044,False
Q9Y619,0.6972972972972973,1.0,0.4221193063235944,0.23155453108758728,1.8229801176463463,False
Q9Y623,0.0972972972972973,0.1111111111111111,1.0184752638263053,,,False
Q9Y624,1.0,1.0,0.6672244699280796,0.12223734054971302,5.45843411618338,False
Q9Y639;Q9Y639-4;Q9Y639-5,0.34054054054054056,0.5555555555555556,0.6612493724479176,0.19845576879137994,3.3319735499502365,False
Q9Y646,0.9459459459459459,1.0,0.4427632945177358,0.40432292520299384,1.09507343491701,False
Q9Y653;Q9Y653-2;Q9Y653-3,0.40540540540540543,1.0,0.4579051147825002,0.42948265784956696,1.0661783576436947,False
Q9Y666,0.11891891891891893,0.2222222222222222,0.7016932441816808,0.6522746954230056,1.0757634001524876,False
Q9Y672,0.34594594594594597,0.8888888888888888,0.4062700320464012,0.16314283339687563,2.4902720124890374,False
Q9Y673,0.7945945945945946,1.0,0.4884547254217697,0.059359672498999316,8.228730127006749,False
Q9Y678,0.9837837837837838,1.0,0.7171376233882407,0.05567915643385568,12.87982198940402,True
Q9Y679,0.7297297297297297,1.0,0.39983342727988713,0.0936500875491646,4.269439973240622,False
Q9Y689,0.32972972972972975,0.7777777777777778,0.5725232894266128,0.1207199982553977,4.7425720485463465,False
Q9Y696,0.9675675675675676,1.0,0.8057971103691184,0.12829924555306427,6.280606771267744,False
Q9Y697-2,0.05945945945945946,0.1111111111111111,0.19874511462680644,,,False
Q9Y6A2-2,0.6972972972972973,0.5555555555555556,1.312657273749645,0.28120938623440317,4.6678999279756415,False
Q9Y6A4,0.32432432432432434,0.6666666666666666,0.3917605801392421,0.1768842026549935,2.2147855730415764,False
Q9Y6A5,0.572972972972973,1.0,0.4483856897655345,0.10467011649802949,4.283798516398669,False
Q9Y6A9,0.6162162162162163,1.0,0.5656403889907438,0.13183632473178442,4.290474496626904,False
Q9Y6B6,0.8,1.0,0.41642120419562545,0.25659636831634636,1.6228647619916354,False
Q9Y6B7,0.5027027027027027,0.8888888888888888,0.4428808854877371,0.41250426763466574,1.0736395238460281,False
Q9Y6C2,1.0,1.0,0.50985367002637,0.03397308281066813,15.00757740673058,True
Q9Y6C9,0.8162162162162162,1.0,0.5493477250906906,0.08099137694786407,6.78279275884293,False
Q9Y6D5,0.7621621621621621,1.0,0.36198723498873697,0.13840754503762298,2.6153721236103054,False
Q9Y6D6,0.9567567567567568,1.0,0.5655624592001463,0.05722425307367551,9.883265028763095,False
Q9Y6E0-2,0.9945945945945946,1.0,0.7349841958144641,0.03283265021248383,22.385771208167775,True
Q9Y6E2,0.8486486486486486,1.0,0.5835330670324677,0.10408599743161773,5.606259068765099,False
Q9Y6F6-4;Q9Y6F6-5;Q9Y6F6-7,0.972972972972973,1.0,0.6472334801523196,0.027832797953497135,23.254344792561398,True
Q9Y6G5,0.5837837837837838,1.0,0.36727591797034886,0.19248961962987465,1.908029735195898,False
Q9Y6G9,0.9243243243243243,1.0,0.7311328631988196,0.07564537497371404,9.665268543554454,False
Q9Y6I3;Q9Y6I3-1;Q9Y6I3-3,0.8378378378378378,1.0,0.3825505933289399,0.06993846047532415,5.4698171896979675,False
Q9Y6I8,0.11891891891891893,0.3333333333333333,0.6607350922760453,0.42990152410760096,1.5369452193676534,False
Q9Y6I9,0.9027027027027027,1.0,0.6000346928174682,0.047695533159849646,12.58052176094722,False
Q9Y6K0,0.7945945945945946,1.0,0.7055773916193964,0.1255603857136105,5.619426761150138,False
Q9Y6K5,0.7513513513513513,1.0,0.3325562263663304,0.10319469906982093,3.2226095852203107,False
Q9Y6K9-2,0.7891891891891892,1.0,0.3775548020715762,0.052385100931667594,7.207293588382466,False
Q9Y6M1;Q9Y6M1-1,0.8324324324324325,1.0,0.4616994927435174,0.07320755931283429,6.306718829001791,False
Q9Y6M5,0.4540540540540541,0.8888888888888888,0.5415991690302873,0.24044894102457803,2.2524497996226422,False
Q9Y6M9,0.6,1.0,0.4903501158456258,0.21520496895299246,2.2785259942242955,False
Q9Y6N5,0.7135135135135136,0.8888888888888888,0.44343205885654235,0.1097946630880875,4.038739647124559,False
Q9Y6P5-3,0.2702702702702703,0.3333333333333333,0.6917884483047283,0.14918735995920152,4.637044643017429,False
Q9Y6Q2-2;Q9Y6Q2-3,0.6324324324324324,1.0,0.2926981733606677,0.05129860289157939,5.705772805923996,False
Q9Y6Q5,0.2756756756756757,0.7777777777777778,0.4799019270527367,0.1650380639874065,2.9078257188557206,False
Q9Y6R0,0.21621621621621623,0.3333333333333333,0.3068963905578421,0.06510223707708995,4.7140682768617435,False
Q9Y6R4;Q9Y6R4-2,0.43243243243243246,0.8888888888888888,0.3811399729271372,0.11003483062844754,3.4638120561490666,False
Q9Y6R7,0.6864864864864865,0.4444444444444444,0.766739102335487,0.3219277724673164,2.381711576044064,False
Q9Y6T7,0.33513513513513515,0.6666666666666666,0.5335735285168033,0.2575269673800591,2.071913221147647,False
Q9Y6W3,0.6918918918918919,1.0,0.33918911653000805,0.09963210217600782,3.4044159374536154,False
Q9Y6W5,1.0,1.0,0.6686800547287355,0.048848878549289765,13.688749354890927,True
Q9Y6X5,0.24864864864864866,0.6666666666666666,0.5131004272690198,0.21144080507075014,2.4266859327239674,False
Q9Y6Y0,0.22702702702702704,0.7777777777777778,0.5644900389365155,0.39483532011455935,1.4296847576167495,False
Q9Y6Y1;Q9Y6Y1-2,0.918918918918919,0.6666666666666666,0.7053588369897863,0.3541484399074415,1.9917039227227302,False
Q9Y6Y8,0.8864864864864865,1.0,0.4166995448849242,0.06419099582173438,6.491557570506396,False
Q9Y6Z7,1.0,1.0,0.5608588847527542,0.1595730631813197,3.5147466218371797,False
